o 
v -29 -36.5 0
v -29 -36.5 8.615800857543945
v -29 36.5 0
v -29 36.5 0
v -29 -36.5 8.615800857543945
v -29 36.5 8.615800857543945
v 14 -36.5 1.615800380706787
v -29 -36.5 0
v 29 -36.5 0
v -17.5 -36.5 1.615800380706787
v -17.5 -36.5 8.615800857543945
v -29 -36.5 8.615800857543945
v 29 -36.5 8.615800857543945
v 23.5 -36.5 8.615800857543945
v 29 -36.5 0
v 23.5 -36.5 8.615800857543945
v 23.5 -36.5 1.615800380706787
v 29 -36.5 0
v -4.5 -36.5 8.615800857543945
v -4.5 -36.5 1.615800380706787
v 14 -36.5 1.615800380706787
v -4.5 -36.5 1.615800380706787
v -29 -36.5 0
v 14 -36.5 1.615800380706787
v -17.5 -36.5 1.615800380706787
v -29 -36.5 0
v -4.5 -36.5 1.615800380706787
v -29 -36.5 8.615800857543945
v -29 -36.5 0
v -17.5 -36.5 1.615800380706787
v 23.5 -36.5 1.615800380706787
v 14 -36.5 1.615800380706787
v 29 -36.5 0
v 14 -36.5 1.615800380706787
v 14 -36.5 8.615800857543945
v -4.5 -36.5 8.615800857543945
v -29 -36.5 0
v -18.73445701599121 -28.5 0
v 29 -36.5 0
v -18.73445701599121 -28.5 0
v 18.73445701599121 -28.5 0
v 29 -36.5 0
v 29 -36.5 0
v 18.73445701599121 28.5 0
v 29 36.5 0
v -18.73445701599121 -28.5 0
v -29 36.5 0
v -18.73445701599121 28.5 0
v -29 36.5 0
v -29 36.5 8.615800857543945
v 29 36.5 0
v 29 36.5 0
v -29 36.5 8.615800857543945
v 29 36.5 8.615800857543945
v -27 -34.5 8.615800857543945
v -29 -36.5 8.615800857543945
v -17.5 -36.5 8.615800857543945
v -27 -34.5 8.615800857543945
v -27 34.5 8.615800857543945
v -29 36.5 8.615800857543945
v -29 36.5 8.615800857543945
v -29 -36.5 8.615800857543945
v -27 -34.5 8.615800857543945
v 27 34.5 8.615800857543945
v -29 36.5 8.615800857543945
v -27 34.5 8.615800857543945
v 29 36.5 8.615800857543945
v -29 36.5 8.615800857543945
v 27 34.5 8.615800857543945
v 29 -36.5 8.615800857543945
v 27 34.5 8.615800857543945
v 27 -34.5 8.615800857543945
v 29 -36.5 8.615800857543945
v 27 -34.5 8.615800857543945
v 23.5 -36.5 8.615800857543945
v 29 36.5 8.615800857543945
v 27 34.5 8.615800857543945
v 29 -36.5 8.615800857543945
v 23.5 -34.5 8.615800857543945
v 23.5 -36.5 8.615800857543945
v 27 -34.5 8.615800857543945
v -17.5 -34.5 8.615800857543945
v -27 -34.5 8.615800857543945
v -17.5 -36.5 8.615800857543945
v -17.5 -34.5 1.615800380706787
v -17.5 -34.5 8.615800857543945
v -17.5 -36.5 8.615800857543945
v -17.5 -36.5 1.615800380706787
v -17.5 -34.5 1.615800380706787
v -17.5 -36.5 8.615800857543945
v -17.5 -34.5 1.615800380706787
v -17.5 -36.5 1.615800380706787
v -4.5 -36.5 1.615800380706787
v 18.73445701599121 -28.5 1.615800380706787
v -18.73445701599121 -28.5 1.615800380706787
v -17.5 -34.5 1.615800380706787
v -4.5 -34.5 1.615800380706787
v -17.5 -34.5 1.615800380706787
v -4.5 -36.5 1.615800380706787
v 23.5 -36.5 1.615800380706787
v 14 -34.5 1.615800380706787
v 14 -36.5 1.615800380706787
v 23.5 -34.5 1.615800380706787
v 14 -34.5 1.615800380706787
v 23.5 -36.5 1.615800380706787
v 18.73445701599121 -28.5 1.615800380706787
v 14 -34.5 1.615800380706787
v 23.5 -34.5 1.615800380706787
v -18.73445701599121 -28.5 1.615800380706787
v -18.73445701599121 28.5 1.615800380706787
v -27 34.5 1.615800380706787
v 18.73445701599121 -28.5 1.615800380706787
v -4.5 -34.5 1.615800380706787
v 14 -34.5 1.615800380706787
v 18.73445701599121 -28.5 1.615800380706787
v -17.5 -34.5 1.615800380706787
v -4.5 -34.5 1.615800380706787
v -27 -34.5 1.615800380706787
v -17.5 -34.5 1.615800380706787
v -18.73445701599121 -28.5 1.615800380706787
v 18.73445701599121 28.5 1.615800380706787
v 18.73445701599121 -28.5 1.615800380706787
v 27 34.5 1.615800380706787
v -4.5 -34.5 8.615800857543945
v -4.5 -34.5 1.615800380706787
v -4.5 -36.5 8.615800857543945
v -4.5 -36.5 8.615800857543945
v -4.5 -34.5 1.615800380706787
v -4.5 -36.5 1.615800380706787
v -4.5 -34.5 8.615800857543945
v -4.5 -36.5 8.615800857543945
v 14 -36.5 8.615800857543945
v 14 -34.5 8.615800857543945
v -4.5 -34.5 8.615800857543945
v 14 -36.5 8.615800857543945
v 14 -34.5 1.615800380706787
v 14 -34.5 8.615800857543945
v 14 -36.5 8.615800857543945
v 14 -36.5 1.615800380706787
v 14 -34.5 1.615800380706787
v 14 -36.5 8.615800857543945
v 23.5 -34.5 8.615800857543945
v 23.5 -34.5 1.615800380706787
v 23.5 -36.5 8.615800857543945
v 23.5 -36.5 8.615800857543945
v 23.5 -34.5 1.615800380706787
v 23.5 -36.5 1.615800380706787
v 29 -36.5 8.615800857543945
v 29 -36.5 0
v 29 36.5 0
v 29 36.5 8.615800857543945
v 29 -36.5 8.615800857543945
v 29 36.5 0
v -18.73445701599121 28.5 0
v -18.73445701599121 28.5 1.615800380706787
v -18.73445701599121 -28.5 1.615800380706787
v -18.73445701599121 -28.5 0
v -18.73445701599121 28.5 0
v -18.73445701599121 -28.5 1.615800380706787
v 18.73445701599121 28.5 0
v 18.73445701599121 28.5 1.615800380706787
v -18.73445701599121 28.5 1.615800380706787
v -18.73445701599121 28.5 0
v 18.73445701599121 28.5 0
v -18.73445701599121 28.5 1.615800380706787
v 18.73445701599121 28.5 1.615800380706787
v 18.73445701599121 28.5 0
v 18.73445701599121 -28.5 1.615800380706787
v 18.73445701599121 -28.5 1.615800380706787
v 18.73445701599121 28.5 0
v 18.73445701599121 -28.5 0
v 18.73445701599121 -28.5 1.615800380706787
v 18.73445701599121 -28.5 0
v -18.73445701599121 -28.5 1.615800380706787
v -18.73445701599121 -28.5 1.615800380706787
v 18.73445701599121 -28.5 0
v -18.73445701599121 -28.5 0
v 27 -34.5 8.615800857543945
v 27 -34.5 1.615800380706787
v 23.5 -34.5 8.615800857543945
v 23.5 -34.5 8.615800857543945
v 27 -34.5 1.615800380706787
v 23.5 -34.5 1.615800380706787
v 27 34.5 8.615800857543945
v 27 34.5 1.615800380706787
v 27 -34.5 8.615800857543945
v 27 -34.5 8.615800857543945
v 27 34.5 1.615800380706787
v 27 -34.5 1.615800380706787
v 27 34.5 1.615800380706787
v 27 34.5 8.615800857543945
v -27 34.5 8.615800857543945
v -27 34.5 1.615800380706787
v 27 34.5 1.615800380706787
v -27 34.5 8.615800857543945
v -27 34.5 1.615800380706787
v -27 34.5 8.615800857543945
v -27 -34.5 8.615800857543945
v -27 -34.5 1.615800380706787
v -27 34.5 1.615800380706787
v -27 -34.5 8.615800857543945
v -17.5 -34.5 8.615800857543945
v -17.5 -34.5 1.615800380706787
v -27 -34.5 8.615800857543945
v -27 -34.5 8.615800857543945
v -17.5 -34.5 1.615800380706787
v -27 -34.5 1.615800380706787
v 14 -34.5 8.615800857543945
v 14 -34.5 1.615800380706787
v -4.5 -34.5 8.615800857543945
v -4.5 -34.5 8.615800857543945
v 14 -34.5 1.615800380706787
v -4.5 -34.5 1.615800380706787
v 27 34.5 1.615800380706787
v -27 34.5 1.615800380706787
v -8.69856071472168 33.273475646972656 1.615800380706787
v 24.294082641601562 -18.845216751098633 1.615800380706787
v 27 34.5 1.615800380706787
v 24.275096893310547 -18.84708595275879 1.615800380706787
v 18.73445701599121 28.5 0
v 29 -36.5 0
v 25.744943618774414 -19.829204559326172 0
v 27 34.5 1.615800380706787
v 25.76896095275879 -20.073068618774414 1.615800380706787
v 27 -34.5 1.615800380706787
v 27 34.5 1.615800380706787
v -18.73445701599121 28.5 1.615800380706787
v 19.137134552001953 33.24945831298828 1.615800380706787
v 29 36.5 0
v -18.73445701599121 28.5 0
v -8.454699516296387 30.797494888305664 0
v -18.73445701599121 28.5 1.615800380706787
v 27 34.5 1.615800380706787
v -8.454699516296387 30.797494888305664 1.615800380706787
v 19.380998611450195 33.273475646972656 0
v 19.137134552001953 33.24945831298828 0
v 29 36.5 0
v 18.73445701599121 28.5 0
v 24.76282501220703 -18.84708595275879 0
v 24.51896095275879 -18.82306671142578 0
v -27 34.5 1.615800380706787
v -24.351825714111328 -17.842830657958984 1.615800380706787
v -24.117334365844727 -17.771697998046875 1.615800380706787
v 18.73445701599121 28.5 0
v 25.213424682617188 -19.033729553222656 0
v 24.997314453125 -18.91822052001953 0
v -18.73445701599121 28.5 1.615800380706787
v 18.686534881591797 33.06281280517578 1.615800380706787
v 18.90264320373535 33.17832565307617 1.615800380706787
v 24.040607452392578 -21.227916717529297 1.615800380706787
v 23.824499130249023 -21.11240577697754 1.615800380706787
v 18.73445701599121 -28.5 1.615800380706787
v 24.294082641601562 -18.845216751098633 1.615800380706787
v 24.51896095275879 -18.82306671142578 1.615800380706787
v 27 34.5 1.615800380706787
v 24.7628231048584 -21.299049377441406 1.615800380706787
v 24.51896095275879 -21.32306671142578 1.615800380706787
v 23.5 -34.5 1.615800380706787
v -18.73445701599121 -28.5 1.615800380706787
v -22.83413314819336 -19.6921443939209 1.615800380706787
v -22.989585876464844 -19.88156509399414 1.615800380706787
v -27 34.5 1.615800380706787
v -24.757354736328125 -18.113798141479492 1.615800380706787
v -24.567934036254883 -17.958345413208008 1.615800380706787
v -29 36.5 0
v -9.176916122436523 33.17832565307617 0
v -9.393025398254395 33.06281280517578 0
v -29 36.5 0
v -23.179006576538086 -17.958343505859375 0
v -23.395116806030273 -17.84283447265625 0
v -24.117334365844727 -17.771697998046875 0
v -24.351825714111328 -17.842830657958984 0
v -29 36.5 0
v -18.73445701599121 -28.5 0
v -24.567934036254883 -20.037017822265625 0
v -24.351825714111328 -20.152528762817383 0
v -29 -36.5 0
v -25.0283203125 -19.476036071777344 0
v -24.91280746459961 -19.692142486572266 0
v 18.73445701599121 28.5 0
v 25.558300018310547 -19.37860679626465 0
v 25.40284538269043 -19.189184188842773 0
v 24.997314453125 -18.91822052001953 0
v 24.76282501220703 -18.84708595275879 0
v 18.73445701599121 28.5 0
v 18.73445701599121 -28.5 0
v 23.292980194091797 -20.316932678222656 0
v 23.364112854003906 -20.551422119140625 0
v 24.997316360473633 -18.91822052001953 1.615800380706787
v 25.213424682617188 -19.033729553222656 1.615800380706787
v 27 34.5 1.615800380706787
v -7.659224033355713 32.71793746948242 1.615800380706787
v -7.5437116622924805 32.5018310546875 1.615800380706787
v 27 34.5 1.615800380706787
v -18.73445701599121 28.5 1.615800380706787
v 18.34166145324707 32.71793746948242 1.615800380706787
v 18.497114181518555 32.90735626220703 1.615800380706787
v 18.73445701599121 28.5 1.615800380706787
v 19.380998611450195 30.773475646972656 1.615800380706787
v 19.137134552001953 30.797494888305664 1.615800380706787
v 18.73445701599121 28.5 1.615800380706787
v 18.90264320373535 30.86862564086914 1.615800380706787
v 18.686534881591797 30.98413848876953 1.615800380706787
v 24.51896095275879 -21.32306671142578 1.615800380706787
v 24.27509880065918 -21.299049377441406 1.615800380706787
v 23.5 -34.5 1.615800380706787
v -24.117334365844727 -20.223663330078125 1.615800380706787
v -24.351823806762695 -20.152528762817383 1.615800380706787
v -27 -34.5 1.615800380706787
v -18.73445701599121 -28.5 1.615800380706787
v -22.64748764038086 -19.241544723510742 1.615800380706787
v -22.71862030029297 -19.476036071777344 1.615800380706787
v -27 34.5 1.615800380706787
v -25.0283203125 -18.519329071044922 1.615800380706787
v -24.91280746459961 -18.3032169342041 1.615800380706787
v -24.567934036254883 -17.958345413208008 1.615800380706787
v -24.351825714111328 -17.842830657958984 1.615800380706787
v -27 34.5 1.615800380706787
v -24.757354736328125 -19.88156509399414 1.615800380706787
v -24.91280746459961 -19.6921443939209 1.615800380706787
v -27 -34.5 1.615800380706787
v 29 36.5 0
v -8.004098892211914 33.06281280517578 0
v -8.220207214355469 33.17832565307617 0
v -9.393025398254395 33.06281280517578 0
v -9.58244514465332 32.9073600769043 0
v -29 36.5 0
v 29 36.5 0
v 20.535846710205078 31.545122146606445 0
v 20.606979370117188 31.779613494873047 0
v 20.606979370117188 31.779613494873047 0
v 20.630998611450195 32.023475646972656 0
v 29 36.5 0
v -22.989585876464844 -19.88156509399414 0
v -22.83413314819336 -19.692142486572266 0
v -18.73445701599121 -28.5 0
v -29 36.5 0
v -23.395116806030273 -17.84283447265625 0
v -23.629606246948242 -17.771697998046875 0
v -29 36.5 0
v -24.351825714111328 -17.842830657958984 0
v -24.567934036254883 -17.958343505859375 0
v -24.567934036254883 -17.958343505859375 0
v -24.757354736328125 -18.11379623413086 0
v -29 36.5 0
v -29 -36.5 0
v -25.123470306396484 -18.9976806640625 0
v -25.09945297241211 -19.241546630859375 0
v 18.73445701599121 28.5 0
v 25.744943618774414 -19.829204559326172 0
v 25.673810958862305 -19.594715118408203 0
v 25.40284538269043 -19.189184188842773 0
v 25.213424682617188 -19.033729553222656 0
v 18.73445701599121 28.5 0
v 18.73445701599121 28.5 0
v 23.479625701904297 -19.378602981567383 0
v 23.364112854003906 -19.594715118408203 0
v 23.364112854003906 -19.594715118408203 0
v 23.292980194091797 -19.829204559326172 0
v 18.73445701599121 28.5 0
v 18.73445701599121 -28.5 0
v 23.26896095275879 -20.073068618774414 0
v 23.292980194091797 -20.316932678222656 0
v 23.364112854003906 -20.551422119140625 0
v 23.479623794555664 -20.767528533935547 0
v 18.73445701599121 -28.5 0
v 18.73445701599121 -28.5 0
v 23.63507652282715 -20.956951141357422 0
v 23.82449722290039 -21.11240577697754 0
v 27 34.5 1.615800380706787
v 25.213424682617188 -19.033729553222656 1.615800380706787
v 25.40284538269043 -19.189184188842773 1.615800380706787
v 25.40284538269043 -19.189184188842773 1.615800380706787
v 25.558300018310547 -19.37860679626465 1.615800380706787
v 27 34.5 1.615800380706787
v 25.673810958862305 -20.551424026489258 1.615800380706787
v 25.558298110961914 -20.76753044128418 1.615800380706787
v 27 -34.5 1.615800380706787
v 27 -34.5 1.615800380706787
v 25.213424682617188 -21.11240577697754 1.615800380706787
v 24.997314453125 -21.227914810180664 1.615800380706787
v -9.853411674499512 32.501827239990234 1.615800380706787
v -9.737898826599121 32.71793746948242 1.615800380706787
v -18.73445701599121 28.5 1.615800380706787
v -7.5437116622924805 32.5018310546875 1.615800380706787
v -7.4725799560546875 32.267337799072266 1.615800380706787
v 27 34.5 1.615800380706787
v 27 34.5 1.615800380706787
v -8.454697608947754 33.24945831298828 1.615800380706787
v -8.220206260681152 33.17832565307617 1.615800380706787
v 27 34.5 1.615800380706787
v -8.69856071472168 33.273475646972656 1.615800380706787
v -8.454697608947754 33.24945831298828 1.615800380706787
v -18.73445701599121 28.5 1.615800380706787
v 18.15501594543457 32.267337799072266 1.615800380706787
v 18.22614860534668 32.501827239990234 1.615800380706787
v 18.497114181518555 32.90735626220703 1.615800380706787
v 18.686534881591797 33.06281280517578 1.615800380706787
v -18.73445701599121 28.5 1.615800380706787
v 19.137134552001953 33.24945831298828 1.615800380706787
v 19.380998611450195 33.273475646972656 1.615800380706787
v 27 34.5 1.615800380706787
v 18.73445701599121 28.5 1.615800380706787
v 19.859352111816406 30.86862564086914 1.615800380706787
v 19.624860763549805 30.797494888305664 1.615800380706787
v 20.42033576965332 31.32901382446289 1.615800380706787
v 20.264883041381836 31.13959312438965 1.615800380706787
v 27 34.5 1.615800380706787
v 19.137134552001953 30.797494888305664 1.615800380706787
v 18.90264320373535 30.86862564086914 1.615800380706787
v 18.73445701599121 28.5 1.615800380706787
v 27 34.5 1.615800380706787
v 24.040605545043945 -18.9182186126709 1.615800380706787
v 24.275096893310547 -18.84708595275879 1.615800380706787
v 27 34.5 1.615800380706787
v 24.51896095275879 -18.82306671142578 1.615800380706787
v 24.76282501220703 -18.84708595275879 1.615800380706787
v 27 34.5 1.615800380706787
v 24.76282501220703 -18.84708595275879 1.615800380706787
v 24.997316360473633 -18.91822052001953 1.615800380706787
v 24.27509880065918 -21.299049377441406 1.615800380706787
v 24.17121124267578 -21.267536163330078 1.615800380706787
v 23.5 -34.5 1.615800380706787
v -23.873470306396484 -20.2476806640625 1.615800380706787
v -24.117334365844727 -20.223663330078125 1.615800380706787
v -27 -34.5 1.615800380706787
v -22.71862030029297 -19.476036071777344 1.615800380706787
v -22.83413314819336 -19.6921443939209 1.615800380706787
v -18.73445701599121 -28.5 1.615800380706787
v -27 34.5 1.615800380706787
v -23.179006576538086 -17.958343505859375 1.615800380706787
v -22.989585876464844 -18.113798141479492 1.615800380706787
v -27 34.5 1.615800380706787
v -22.71862030029297 -18.51932716369629 1.615800380706787
v -22.64748764038086 -18.75381851196289 1.615800380706787
v -24.91280746459961 -18.3032169342041 1.615800380706787
v -24.757354736328125 -18.113798141479492 1.615800380706787
v -27 34.5 1.615800380706787
v -25.028318405151367 -19.476036071777344 1.615800380706787
v -25.09945297241211 -19.241546630859375 1.615800380706787
v -27 -34.5 1.615800380706787
v -18.73445701599121 28.5 0
v -9.924543380737305 32.26734161376953 0
v -9.948561668395996 32.023475646972656 0
v -7.659224033355713 32.71793746948242 0
v -7.814677715301514 32.9073600769043 0
v 29 36.5 0
v -8.220207214355469 33.17832565307617 0
v -8.45469856262207 33.24945831298828 0
v 29 36.5 0
v -8.942425727844238 33.24945831298828 0
v -9.176916122436523 33.17832565307617 0
v -29 36.5 0
v 19.137134552001953 30.797494888305664 0
v 19.380998611450195 30.773475646972656 0
v 18.73445701599121 28.5 0
v 29 36.5 0
v 20.42033576965332 31.32901382446289 0
v 20.535846710205078 31.545122146606445 0
v 20.630998611450195 32.023475646972656 0
v 20.606979370117188 32.267337799072266 0
v 29 36.5 0
v 18.497114181518555 32.9073600769043 0
v 18.34166145324707 32.71794128417969 0
v -18.73445701599121 28.5 0
v -18.73445701599121 -28.5 0
v -22.83413314819336 -19.692142486572266 0
v -22.71862030029297 -19.476036071777344 0
v -22.71862030029297 -19.476036071777344 0
v -22.64748764038086 -19.241544723510742 0
v -18.73445701599121 -28.5 0
v -22.623470306396484 -18.9976806640625 0
v -22.64748764038086 -18.75381851196289 0
v -18.73445701599121 -28.5 0
v -29 36.5 0
v -23.629606246948242 -17.771697998046875 0
v -23.873470306396484 -17.7476806640625 0
v -22.83413314819336 -18.303218841552734 0
v -22.989585876464844 -18.11379623413086 0
v -29 36.5 0
v -18.73445701599121 -28.5 0
v -23.873470306396484 -20.2476806640625 0
v -23.629608154296875 -20.223663330078125 0
v -29 36.5 0
v -24.757354736328125 -18.11379623413086 0
v -24.91280746459961 -18.3032169342041 0
v -24.91280746459961 -18.3032169342041 0
v -25.0283203125 -18.519329071044922 0
v -29 36.5 0
v -24.757354736328125 -19.88156509399414 0
v -29 -36.5 0
v -24.91280746459961 -19.692142486572266 0
v 25.673810958862305 -19.594715118408203 0
v 25.558300018310547 -19.37860679626465 0
v 18.73445701599121 28.5 0
v 18.73445701599121 28.5 0
v 23.824499130249023 -19.033729553222656 0
v 23.63507652282715 -19.189184188842773 0
v 23.479623794555664 -20.767528533935547 0
v 23.63507652282715 -20.956951141357422 0
v 18.73445701599121 -28.5 0
v 25.40284538269043 -20.956951141357422 0
v 25.558300018310547 -20.767528533935547 0
v 29 -36.5 0
v 25.558300018310547 -20.767528533935547 0
v 25.673810958862305 -20.551422119140625 0
v 29 -36.5 0
v 25.744943618774414 -20.316932678222656 0
v 25.76896095275879 -20.073068618774414 0
v 29 -36.5 0
v 27 34.5 1.615800380706787
v 25.558300018310547 -19.37860679626465 1.615800380706787
v 25.673810958862305 -19.594715118408203 1.615800380706787
v 25.673810958862305 -19.594715118408203 1.615800380706787
v 25.744943618774414 -19.829206466674805 1.615800380706787
v 27 34.5 1.615800380706787
v 25.76896095275879 -20.073068618774414 1.615800380706787
v 25.744943618774414 -20.316932678222656 1.615800380706787
v 27 -34.5 1.615800380706787
v 27 -34.5 1.615800380706787
v 25.558298110961914 -20.76753044128418 1.615800380706787
v 25.40284538269043 -20.956951141357422 1.615800380706787
v 27 -34.5 1.615800380706787
v 25.40284538269043 -20.956951141357422 1.615800380706787
v 25.213424682617188 -21.11240577697754 1.615800380706787
v -8.220206260681152 33.17832565307617 1.615800380706787
v -8.004097938537598 33.06281280517578 1.615800380706787
v 27 34.5 1.615800380706787
v -8.942425727844238 33.24945831298828 1.615800380706787
v -8.69856071472168 33.273475646972656 1.615800380706787
v -27 34.5 1.615800380706787
v -27 34.5 1.615800380706787
v -9.17691707611084 33.17832565307617 1.615800380706787
v -8.942425727844238 33.24945831298828 1.615800380706787
v -18.73445701599121 28.5 1.615800380706787
v 18.15501594543457 31.779611587524414 1.615800380706787
v 18.130998611450195 32.023475646972656 1.615800380706787
v 18.22614860534668 32.501827239990234 1.615800380706787
v 18.34166145324707 32.71793746948242 1.615800380706787
v -18.73445701599121 28.5 1.615800380706787
v 18.73445701599121 28.5 1.615800380706787
v 18.686534881591797 30.98413848876953 1.615800380706787
v 18.497114181518555 31.139591217041016 1.615800380706787
v 18.34166145324707 31.329011917114258 1.615800380706787
v 18.22614860534668 31.545120239257812 1.615800380706787
v 18.73445701599121 28.5 1.615800380706787
v 18.90264320373535 33.17832565307617 1.615800380706787
v 19.137134552001953 33.24945831298828 1.615800380706787
v -18.73445701599121 28.5 1.615800380706787
v 19.624860763549805 30.797494888305664 1.615800380706787
v 19.380998611450195 30.773475646972656 1.615800380706787
v 18.73445701599121 28.5 1.615800380706787
v 27 34.5 1.615800380706787
v 20.535846710205078 32.5018310546875 1.615800380706787
v 20.606979370117188 32.267337799072266 1.615800380706787
v 27 34.5 1.615800380706787
v 20.264883041381836 31.13959312438965 1.615800380706787
v 20.075462341308594 30.98413848876953 1.615800380706787
v -23.395116806030273 -20.15252685546875 1.615800380706787
v -23.629608154296875 -20.223663330078125 1.615800380706787
v -27 -34.5 1.615800380706787
v -22.623470306396484 -18.997682571411133 1.615800380706787
v -22.64748764038086 -19.241544723510742 1.615800380706787
v -18.73445701599121 -28.5 1.615800380706787
v -24.117334365844727 -17.771697998046875 1.615800380706787
v -23.873470306396484 -17.7476806640625 1.615800380706787
v -27 34.5 1.615800380706787
v -22.989585876464844 -18.113798141479492 1.615800380706787
v -22.83413314819336 -18.303218841552734 1.615800380706787
v -27 34.5 1.615800380706787
v -25.09945297241211 -18.75381851196289 1.615800380706787
v -25.0283203125 -18.519329071044922 1.615800380706787
v -27 34.5 1.615800380706787
v -24.91280746459961 -19.6921443939209 1.615800380706787
v -25.028318405151367 -19.476036071777344 1.615800380706787
v -27 -34.5 1.615800380706787
v -7.814677715301514 32.9073600769043 0
v -8.004098892211914 33.06281280517578 0
v 29 36.5 0
v -8.698561668395996 33.273475646972656 0
v -8.942425727844238 33.24945831298828 0
v -29 36.5 0
v 18.73445701599121 28.5 0
v 19.380998611450195 30.773475646972656 0
v 19.624858856201172 30.797494888305664 0
v 19.624858856201172 30.797494888305664 0
v 19.859352111816406 30.86862564086914 0
v 18.73445701599121 28.5 0
v -18.73445701599121 28.5 0
v 18.90264320373535 33.17832565307617 0
v 18.686534881591797 33.06281280517578 0
v -18.73445701599121 28.5 0
v 18.686534881591797 33.06281280517578 0
v 18.497114181518555 32.9073600769043 0
v -18.73445701599121 28.5 0
v 18.34166145324707 32.71794128417969 0
v 18.22614860534668 32.5018310546875 0
v 18.22614860534668 32.5018310546875 0
v 18.15501594543457 32.26734161376953 0
v -18.73445701599121 28.5 0
v -18.73445701599121 -28.5 0
v -22.64748764038086 -19.241544723510742 0
v -22.623470306396484 -18.9976806640625 0
v -24.351825714111328 -20.152528762817383 0
v -24.117334365844727 -20.223663330078125 0
v -18.73445701599121 -28.5 0
v -29 36.5 0
v -25.0283203125 -18.519329071044922 0
v -25.09945297241211 -18.75381851196289 0
v -25.0283203125 -19.476036071777344 0
v -29 -36.5 0
v -25.09945297241211 -19.241546630859375 0
v 23.63507652282715 -19.189184188842773 0
v 23.479625701904297 -19.378602981567383 0
v 18.73445701599121 28.5 0
v 23.82449722290039 -21.11240577697754 0
v 24.040607452392578 -21.227916717529297 0
v 18.73445701599121 -28.5 0
v 24.997314453125 -21.227914810180664 0
v 25.213424682617188 -21.11240577697754 0
v 18.73445701599121 -28.5 0
v 29 -36.5 0
v 25.673810958862305 -20.551422119140625 0
v 25.744943618774414 -20.316932678222656 0
v 25.76896095275879 -20.073068618774414 0
v 25.744943618774414 -19.829204559326172 0
v 29 -36.5 0
v 27 34.5 1.615800380706787
v 25.744943618774414 -19.829206466674805 1.615800380706787
v 25.76896095275879 -20.073068618774414 1.615800380706787
v 27 -34.5 1.615800380706787
v 25.744943618774414 -20.316932678222656 1.615800380706787
v 25.673810958862305 -20.551424026489258 1.615800380706787
v -18.73445701599121 28.5 1.615800380706787
v -9.582446098327637 32.90735626220703 1.615800380706787
v -9.393025398254395 33.06281280517578 1.615800380706787
v -9.737898826599121 32.71793746948242 1.615800380706787
v -9.582446098327637 32.90735626220703 1.615800380706787
v -18.73445701599121 28.5 1.615800380706787
v -18.73445701599121 28.5 1.615800380706787
v -9.853410720825195 31.545120239257812 1.615800380706787
v -9.924543380737305 31.779611587524414 1.615800380706787
v -7.4725799560546875 31.779611587524414 1.615800380706787
v -7.543712615966797 31.545122146606445 1.615800380706787
v 27 34.5 1.615800380706787
v -9.924543380737305 31.779611587524414 1.615800380706787
v -9.948561668395996 32.023475646972656 1.615800380706787
v -18.73445701599121 28.5 1.615800380706787
v 27 34.5 1.615800380706787
v -8.004097938537598 33.06281280517578 1.615800380706787
v -7.814677715301514 32.9073600769043 1.615800380706787
v 27 34.5 1.615800380706787
v -7.814677715301514 32.9073600769043 1.615800380706787
v -7.659224033355713 32.71793746948242 1.615800380706787
v 18.130998611450195 32.023475646972656 1.615800380706787
v 18.15501594543457 32.267337799072266 1.615800380706787
v -18.73445701599121 28.5 1.615800380706787
v 18.497114181518555 31.139591217041016 1.615800380706787
v 18.34166145324707 31.329011917114258 1.615800380706787
v 18.73445701599121 28.5 1.615800380706787
v 27 34.5 1.615800380706787
v 20.264883041381836 32.9073600769043 1.615800380706787
v 20.42033576965332 32.71793746948242 1.615800380706787
v 23.63507652282715 -19.189184188842773 1.615800380706787
v 23.824499130249023 -19.03373146057129 1.615800380706787
v 27 34.5 1.615800380706787
v 23.824499130249023 -21.11240577697754 1.615800380706787
v 23.63507652282715 -20.956951141357422 1.615800380706787
v 18.73445701599121 -28.5 1.615800380706787
v 23.479623794555664 -20.76753044128418 1.615800380706787
v 23.364112854003906 -20.551424026489258 1.615800380706787
v 18.73445701599121 -28.5 1.615800380706787
v 18.73445701599121 -28.5 1.615800380706787
v 23.364112854003906 -20.551424026489258 1.615800380706787
v 23.292980194091797 -20.31693458557129 1.615800380706787
v -27 -34.5 1.615800380706787
v -24.351823806762695 -20.152528762817383 1.615800380706787
v -24.567934036254883 -20.037017822265625 1.615800380706787
v -27 -34.5 1.615800380706787
v -24.567934036254883 -20.037017822265625 1.615800380706787
v -24.757354736328125 -19.88156509399414 1.615800380706787
v -23.179006576538086 -20.037017822265625 1.615800380706787
v -23.395116806030273 -20.15252685546875 1.615800380706787
v -27 -34.5 1.615800380706787
v -22.83413314819336 -18.303218841552734 1.615800380706787
v -22.71862030029297 -18.51932716369629 1.615800380706787
v -27 34.5 1.615800380706787
v -27 -34.5 1.615800380706787
v -25.09945297241211 -19.241546630859375 1.615800380706787
v -25.123470306396484 -18.997682571411133 1.615800380706787
v -9.737898826599121 32.71794128417969 0
v -9.853411674499512 32.5018310546875 0
v -18.73445701599121 28.5 0
v -9.853411674499512 32.5018310546875 0
v -9.924543380737305 32.26734161376953 0
v -18.73445701599121 28.5 0
v 29 36.5 0
v -7.659224510192871 31.32901382446289 0
v -7.543712139129639 31.545122146606445 0
v 29 36.5 0
v -7.4725799560546875 31.779613494873047 0
v -7.448561668395996 32.023475646972656 0
v -7.543712139129639 32.5018310546875 0
v -7.659224033355713 32.71793746948242 0
v 29 36.5 0
v 18.73445701599121 28.5 0
v 19.859352111816406 30.86862564086914 0
v 20.075462341308594 30.98413848876953 0
v 20.264883041381836 31.13959312438965 0
v 20.42033576965332 31.32901382446289 0
v 29 36.5 0
v 20.606979370117188 32.267337799072266 0
v 20.535846710205078 32.5018310546875 0
v 29 36.5 0
v -18.73445701599121 28.5 0
v 18.15501594543457 32.26734161376953 0
v 18.130998611450195 32.023475646972656 0
v 18.130998611450195 32.023475646972656 0
v 18.15501594543457 31.779611587524414 0
v -18.73445701599121 28.5 0
v -29 36.5 0
v -23.873470306396484 -17.7476806640625 0
v -24.117334365844727 -17.771697998046875 0
v -29 36.5 0
v -22.989585876464844 -18.11379623413086 0
v -23.179006576538086 -17.958343505859375 0
v -24.117334365844727 -20.223663330078125 0
v -23.873470306396484 -20.2476806640625 0
v -18.73445701599121 -28.5 0
v -23.629608154296875 -20.223663330078125 0
v -23.395116806030273 -20.15252685546875 0
v -18.73445701599121 -28.5 0
v -23.395116806030273 -20.15252685546875 0
v -23.179006576538086 -20.037017822265625 0
v -18.73445701599121 -28.5 0
v 27 34.5 1.615800380706787
v 19.859352111816406 33.17832565307617 1.615800380706787
v 20.075462341308594 33.06281280517578 1.615800380706787
v 20.42033576965332 32.71793746948242 1.615800380706787
v 20.535846710205078 32.5018310546875 1.615800380706787
v 27 34.5 1.615800380706787
v 20.630998611450195 32.023475646972656 1.615800380706787
v 20.606979370117188 31.779611587524414 1.615800380706787
v 27 34.5 1.615800380706787
v 27 34.5 1.615800380706787
v 23.479623794555664 -19.378604888916016 1.615800380706787
v 23.63507652282715 -19.189184188842773 1.615800380706787
v 27 34.5 1.615800380706787
v 23.364110946655273 -19.594717025756836 1.615800380706787
v 23.479623794555664 -19.378604888916016 1.615800380706787
v 27 34.5 1.615800380706787
v 23.824499130249023 -19.03373146057129 1.615800380706787
v 24.040605545043945 -18.9182186126709 1.615800380706787
v 23.63507652282715 -20.956951141357422 1.615800380706787
v 23.479623794555664 -20.76753044128418 1.615800380706787
v 18.73445701599121 -28.5 1.615800380706787
v 18.73445701599121 -28.5 1.615800380706787
v 23.292980194091797 -20.31693458557129 1.615800380706787
v 23.26896095275879 -20.073068618774414 1.615800380706787
v -27 -34.5 1.615800380706787
v -23.629608154296875 -20.223663330078125 1.615800380706787
v -23.873470306396484 -20.2476806640625 1.615800380706787
v -9.948561668395996 32.023475646972656 0
v -9.924543380737305 31.779611587524414 0
v -18.73445701599121 28.5 0
v 29 36.5 0
v -8.004098892211914 30.98413848876953 0
v -7.814678192138672 31.13959312438965 0
v 29 36.5 0
v -7.543712139129639 31.545122146606445 0
v -7.4725799560546875 31.779613494873047 0
v -7.4725799560546875 32.267337799072266 0
v -7.543712139129639 32.5018310546875 0
v 29 36.5 0
v 20.42033576965332 32.71793746948242 0
v 20.264883041381836 32.9073600769043 0
v 29 36.5 0
v 29 36.5 0
v 20.535846710205078 32.5018310546875 0
v 20.42033576965332 32.71793746948242 0
v -18.73445701599121 28.5 0
v 18.15501594543457 31.779611587524414 0
v 18.22614860534668 31.545122146606445 0
v -29 36.5 0
v -22.71862030029297 -18.51932716369629 0
v -22.83413314819336 -18.303218841552734 0
v -18.73445701599121 -28.5 0
v -23.179006576538086 -20.037017822265625 0
v -22.989585876464844 -19.88156509399414 0
v 24.51896095275879 -18.82306671142578 0
v 24.27509880065918 -18.84708595275879 0
v 18.73445701599121 28.5 0
v 24.51896095275879 -18.82306671142578 1.615800380706787
v 24.27509880065918 -18.84708595275879 0
v 24.51896095275879 -18.82306671142578 0
v 24.040605545043945 -18.918216705322266 0
v 23.824499130249023 -19.033729553222656 0
v 18.73445701599121 28.5 0
v 24.7628231048584 -21.299049377441406 0
v 24.997314453125 -21.227914810180664 0
v 18.73445701599121 -28.5 0
v -7.543712615966797 31.545122146606445 1.615800380706787
v -7.659224987030029 31.32901382446289 1.615800380706787
v 27 34.5 1.615800380706787
v -8.942423820495605 30.797494888305664 1.615800380706787
v -9.176915168762207 30.86862564086914 1.615800380706787
v -18.73445701599121 28.5 1.615800380706787
v -18.73445701599121 28.5 1.615800380706787
v -9.58244514465332 31.139591217041016 1.615800380706787
v -9.737897872924805 31.329011917114258 1.615800380706787
v -18.73445701599121 28.5 1.615800380706787
v -9.393024444580078 30.98413848876953 1.615800380706787
v -9.58244514465332 31.139591217041016 1.615800380706787
v -7.4725799560546875 32.267337799072266 1.615800380706787
v -7.448561668395996 32.023475646972656 1.615800380706787
v 27 34.5 1.615800380706787
v -9.948561668395996 32.023475646972656 1.615800380706787
v -9.924543380737305 32.267337799072266 1.615800380706787
v -18.73445701599121 28.5 1.615800380706787
v 19.380998611450195 33.273475646972656 1.615800380706787
v 19.624862670898438 33.24945831298828 1.615800380706787
v 27 34.5 1.615800380706787
v 20.075462341308594 33.06281280517578 1.615800380706787
v 20.264883041381836 32.9073600769043 1.615800380706787
v 27 34.5 1.615800380706787
v 20.606979370117188 32.267337799072266 1.615800380706787
v 20.630998611450195 32.023475646972656 1.615800380706787
v 27 34.5 1.615800380706787
v 27 34.5 1.615800380706787
v 20.606979370117188 31.779611587524414 1.615800380706787
v 20.535846710205078 31.545122146606445 1.615800380706787
v -27 34.5 1.615800380706787
v -23.395116806030273 -17.84283447265625 1.615800380706787
v -23.179006576538086 -17.958343505859375 1.615800380706787
v -9.853411674499512 31.545122146606445 0
v -9.737898826599121 31.32901382446289 0
v -18.73445701599121 28.5 0
v 29 36.5 0
v -8.454699516296387 30.797494888305664 0
v -8.220207214355469 30.86862564086914 0
v -7.814678192138672 31.13959312438965 0
v -7.659224510192871 31.32901382446289 0
v 29 36.5 0
v -9.58244514465332 31.13959312438965 0
v -9.393024444580078 30.98413848876953 0
v -18.73445701599121 28.5 0
v -7.448561668395996 32.023475646972656 0
v -7.4725799560546875 32.267337799072266 0
v 29 36.5 0
v 19.624862670898438 33.24945831298828 0
v 19.380998611450195 33.273475646972656 0
v 29 36.5 0
v 20.075462341308594 33.06281280517578 0
v 19.859352111816406 33.17832565307617 0
v 29 36.5 0
v 29 36.5 0
v 20.264883041381836 32.9073600769043 0
v 20.075462341308594 33.06281280517578 0
v 18.686534881591797 30.98413848876953 0
v 18.90264320373535 30.86862564086914 0
v -18.73445701599121 28.5 0
v 18.73445701599121 28.5 0
v 24.27509880065918 -18.84708595275879 0
v 24.040605545043945 -18.918216705322266 0
v 24.275096893310547 -21.299049377441406 0
v 24.51896095275879 -21.32306671142578 0
v 18.73445701599121 -28.5 0
v 24.51896095275879 -21.32306671142578 0
v 24.7628231048584 -21.299049377441406 0
v 18.73445701599121 -28.5 0
v 27 34.5 1.615800380706787
v -7.659224987030029 31.32901382446289 1.615800380706787
v -7.814678192138672 31.13959312438965 1.615800380706787
v -7.814678192138672 31.13959312438965 1.615800380706787
v -8.004098892211914 30.98413848876953 1.615800380706787
v 27 34.5 1.615800380706787
v -18.73445701599121 28.5 1.615800380706787
v -9.176915168762207 30.86862564086914 1.615800380706787
v -9.393024444580078 30.98413848876953 1.615800380706787
v -18.73445701599121 28.5 1.615800380706787
v -9.924543380737305 32.267337799072266 1.615800380706787
v -9.853411674499512 32.501827239990234 1.615800380706787
v 27 34.5 1.615800380706787
v 19.624862670898438 33.24945831298828 1.615800380706787
v 19.859352111816406 33.17832565307617 1.615800380706787
v 27 34.5 1.615800380706787
v 20.535846710205078 31.545122146606445 1.615800380706787
v 20.42033576965332 31.32901382446289 1.615800380706787
v 23.26896095275879 -20.073068618774414 1.615800380706787
v 23.292980194091797 -19.829206466674805 1.615800380706787
v 18.73445701599121 -28.5 1.615800380706787
v -27 34.5 1.615800380706787
v -23.873470306396484 -17.7476806640625 1.615800380706787
v -23.629606246948242 -17.771697998046875 1.615800380706787
v -27 34.5 1.615800380706787
v -23.629606246948242 -17.771697998046875 1.615800380706787
v -23.395116806030273 -17.84283447265625 1.615800380706787
v -18.73445701599121 28.5 0
v -9.924543380737305 31.779611587524414 0
v -9.853411674499512 31.545122146606445 0
v -8.220207214355469 30.86862564086914 0
v -8.004098892211914 30.98413848876953 0
v 29 36.5 0
v -9.737898826599121 31.32901382446289 0
v -9.58244514465332 31.13959312438965 0
v -18.73445701599121 28.5 0
v -8.942424774169922 30.797494888305664 0
v -8.698561668395996 30.773475646972656 0
v -18.73445701599121 28.5 0
v 29 36.5 0
v 19.859352111816406 33.17832565307617 0
v 19.624862670898438 33.24945831298828 0
v 24.040607452392578 -21.227916717529297 0
v 24.275096893310547 -21.299049377441406 0
v 18.73445701599121 -28.5 0
v 24.040607452392578 -21.227916717529297 1.615800380706787
v 24.275096893310547 -21.299049377441406 0
v 24.040607452392578 -21.227916717529297 0
v 27 34.5 1.615800380706787
v -8.004098892211914 30.98413848876953 1.615800380706787
v -8.220207214355469 30.86862564086914 1.615800380706787
v -8.220207214355469 30.86862564086914 1.615800380706787
v -8.454699516296387 30.797494888305664 1.615800380706787
v 27 34.5 1.615800380706787
v 27 34.5 1.615800380706787
v -7.448561668395996 32.023475646972656 1.615800380706787
v -7.4725799560546875 31.779611587524414 1.615800380706787
v -9.393024444580078 30.98413848876953 0
v -9.176916122436523 30.86862564086914 0
v -18.73445701599121 28.5 0
v -9.176916122436523 30.86862564086914 0
v -8.942424774169922 30.797494888305664 0
v -18.73445701599121 28.5 0
v 18.341659545898438 31.32901382446289 0
v 18.497114181518555 31.13959312438965 0
v -18.73445701599121 28.5 0
v -18.73445701599121 28.5 0
v 18.497114181518555 31.13959312438965 0
v 18.686534881591797 30.98413848876953 0
v -8.698561668395996 30.773475646972656 1.615800380706787
v -8.942423820495605 30.797494888305664 1.615800380706787
v -18.73445701599121 28.5 1.615800380706787
v -18.73445701599121 28.5 1.615800380706787
v -9.737897872924805 31.329011917114258 1.615800380706787
v -9.853410720825195 31.545120239257812 1.615800380706787
v -8.698561668395996 30.773475646972656 0
v -8.454699516296387 30.797494888305664 0
v -18.73445701599121 28.5 0
v 18.22614860534668 31.545122146606445 0
v 18.341659545898438 31.32901382446289 0
v -18.73445701599121 28.5 0
v -8.454699516296387 30.797494888305664 1.615800380706787
v -8.698561668395996 30.773475646972656 1.615800380706787
v -18.73445701599121 28.5 1.615800380706787
v -18.73445701599121 28.5 0
v 29 36.5 0
v 19.137134552001953 33.24945831298828 0
v 19.137134552001953 33.24945831298828 0
v 18.90264320373535 33.17832565307617 0
v -18.73445701599121 28.5 0
v 18.73445701599121 -28.5 1.615800380706787
v 23.5 -34.5 1.615800380706787
v 24.17121124267578 -21.267536163330078 1.615800380706787
v 24.17121124267578 -21.267536163330078 1.615800380706787
v 24.040607452392578 -21.227916717529297 1.615800380706787
v 18.73445701599121 -28.5 1.615800380706787
v 29 -36.5 0
v 18.73445701599121 -28.5 0
v 25.213424682617188 -21.11240577697754 0
v 25.213424682617188 -21.11240577697754 0
v 25.40284538269043 -20.956951141357422 0
v 29 -36.5 0
v 24.997314453125 -21.227914810180664 1.615800380706787
v 24.7628231048584 -21.299049377441406 1.615800380706787
v 23.5 -34.5 1.615800380706787
v 23.5 -34.5 1.615800380706787
v 27 -34.5 1.615800380706787
v 24.997314453125 -21.227914810180664 1.615800380706787
v -29 -36.5 0
v -29 36.5 0
v -25.09945297241211 -18.75381851196289 0
v -25.09945297241211 -18.75381851196289 0
v -25.123470306396484 -18.9976806640625 0
v -29 -36.5 0
v 18.73445701599121 28.5 0
v 23.292980194091797 -19.829204559326172 0
v 23.26896095275879 -20.073068618774414 0
v 23.26896095275879 -20.073068618774414 0
v 18.73445701599121 -28.5 0
v 18.73445701599121 28.5 0
v 27 34.5 1.615800380706787
v 20.075462341308594 30.98413848876953 1.615800380706787
v 19.859352111816406 30.86862564086914 1.615800380706787
v 19.859352111816406 30.86862564086914 1.615800380706787
v 18.73445701599121 28.5 1.615800380706787
v 27 34.5 1.615800380706787
v -18.73445701599121 -28.5 1.615800380706787
v -27 34.5 1.615800380706787
v -22.64748764038086 -18.75381851196289 1.615800380706787
v -22.64748764038086 -18.75381851196289 1.615800380706787
v -22.623470306396484 -18.997682571411133 1.615800380706787
v -18.73445701599121 -28.5 1.615800380706787
v -27 34.5 1.615800380706787
v -27 -34.5 1.615800380706787
v -25.123470306396484 -18.997682571411133 1.615800380706787
v -25.123470306396484 -18.997682571411133 1.615800380706787
v -25.09945297241211 -18.75381851196289 1.615800380706787
v -27 34.5 1.615800380706787
v 20.075462341308594 30.98413848876953 0
v 20.264883041381836 31.13959312438965 0
v 29 36.5 0
v 29 36.5 0
v 18.73445701599121 28.5 0
v 20.075462341308594 30.98413848876953 0
v -22.64748764038086 -18.75381851196289 0
v -22.71862030029297 -18.51932716369629 0
v -29 36.5 0
v -29 36.5 0
v -18.73445701599121 -28.5 0
v -22.64748764038086 -18.75381851196289 0
v 18.73445701599121 28.5 1.615800380706787
v 18.22614860534668 31.545120239257812 1.615800380706787
v 18.15501594543457 31.779611587524414 1.615800380706787
v 18.15501594543457 31.779611587524414 1.615800380706787
v -18.73445701599121 28.5 1.615800380706787
v 18.73445701599121 28.5 1.615800380706787
v 18.73445701599121 -28.5 1.615800380706787
v 23.292980194091797 -19.829206466674805 1.615800380706787
v 23.364110946655273 -19.594717025756836 1.615800380706787
v 23.364110946655273 -19.594717025756836 1.615800380706787
v 27 34.5 1.615800380706787
v 18.73445701599121 -28.5 1.615800380706787
v -8.45469856262207 33.24945831298828 0
v -8.698561668395996 33.273475646972656 0
v -29 36.5 0
v -29 36.5 0
v 29 36.5 0
v -8.45469856262207 33.24945831298828 0
v -8.45469856262207 33.24945831298828 0
v -8.454697608947754 33.24945831298828 1.615800380706787
v -8.69856071472168 33.273475646972656 1.615800380706787
v -8.69856071472168 33.273475646972656 1.615800380706787
v -8.698561668395996 33.273475646972656 0
v -8.45469856262207 33.24945831298828 0
v 19.380998611450195 33.273475646972656 1.615800380706787
v 19.137134552001953 33.24945831298828 1.615800380706787
v 19.137134552001953 33.24945831298828 0
v 19.137134552001953 33.24945831298828 0
v 19.380998611450195 33.273475646972656 0
v 19.380998611450195 33.273475646972656 1.615800380706787
v 24.76282501220703 -18.84708595275879 0
v 24.76282501220703 -18.84708595275879 1.615800380706787
v 24.51896095275879 -18.82306671142578 1.615800380706787
v 24.51896095275879 -18.82306671142578 1.615800380706787
v 24.51896095275879 -18.82306671142578 0
v 24.76282501220703 -18.84708595275879 0
v -24.351825714111328 -17.842830657958984 1.615800380706787
v -24.351825714111328 -17.842830657958984 0
v -24.117334365844727 -17.771697998046875 0
v -24.117334365844727 -17.771697998046875 0
v -24.117334365844727 -17.771697998046875 1.615800380706787
v -24.351825714111328 -17.842830657958984 1.615800380706787
v -9.58244514465332 32.9073600769043 0
v -9.737898826599121 32.71794128417969 0
v -18.73445701599121 28.5 0
v -18.73445701599121 28.5 0
v -29 36.5 0
v -9.58244514465332 32.9073600769043 0
v -18.73445701599121 -28.5 0
v -29 -36.5 0
v -24.757354736328125 -19.88156509399414 0
v -24.757354736328125 -19.88156509399414 0
v -24.567934036254883 -20.037017822265625 0
v -18.73445701599121 -28.5 0
v -24.757354736328125 -19.88156509399414 0
v -24.757354736328125 -19.88156509399414 1.615800380706787
v -24.567934036254883 -20.037017822265625 1.615800380706787
v -24.567934036254883 -20.037017822265625 1.615800380706787
v -24.567934036254883 -20.037017822265625 0
v -24.757354736328125 -19.88156509399414 0
v 25.213424682617188 -19.033729553222656 0
v 25.213424682617188 -19.033729553222656 1.615800380706787
v 24.997316360473633 -18.91822052001953 1.615800380706787
v 24.997316360473633 -18.91822052001953 1.615800380706787
v 24.997314453125 -18.91822052001953 0
v 25.213424682617188 -19.033729553222656 0
v -9.393025398254395 33.06281280517578 1.615800380706787
v -9.17691707611084 33.17832565307617 1.615800380706787
v -27 34.5 1.615800380706787
v -27 34.5 1.615800380706787
v -18.73445701599121 28.5 1.615800380706787
v -9.393025398254395 33.06281280517578 1.615800380706787
v -18.73445701599121 -28.5 1.615800380706787
v -22.989585876464844 -19.88156509399414 1.615800380706787
v -23.179006576538086 -20.037017822265625 1.615800380706787
v -23.179006576538086 -20.037017822265625 1.615800380706787
v -27 -34.5 1.615800380706787
v -18.73445701599121 -28.5 1.615800380706787
v -22.83413314819336 -19.6921443939209 1.615800380706787
v -22.83413314819336 -19.692142486572266 0
v -22.989585876464844 -19.88156509399414 0
v -22.989585876464844 -19.88156509399414 0
v -22.989585876464844 -19.88156509399414 1.615800380706787
v -22.83413314819336 -19.6921443939209 1.615800380706787
v -24.757354736328125 -18.113798141479492 1.615800380706787
v -24.757354736328125 -18.11379623413086 0
v -24.567934036254883 -17.958343505859375 0
v -24.567934036254883 -17.958343505859375 0
v -24.567934036254883 -17.958345413208008 1.615800380706787
v -24.757354736328125 -18.113798141479492 1.615800380706787
v -9.176916122436523 33.17832565307617 0
v -9.17691707611084 33.17832565307617 1.615800380706787
v -9.393025398254395 33.06281280517578 1.615800380706787
v -9.393025398254395 33.06281280517578 1.615800380706787
v -9.393025398254395 33.06281280517578 0
v -9.176916122436523 33.17832565307617 0
v -23.179006576538086 -17.958343505859375 0
v -23.179006576538086 -17.958343505859375 1.615800380706787
v -23.395116806030273 -17.84283447265625 1.615800380706787
v -23.395116806030273 -17.84283447265625 1.615800380706787
v -23.395116806030273 -17.84283447265625 0
v -23.179006576538086 -17.958343505859375 0
v -24.567934036254883 -20.037017822265625 0
v -24.567934036254883 -20.037017822265625 1.615800380706787
v -24.351823806762695 -20.152528762817383 1.615800380706787
v -24.351823806762695 -20.152528762817383 1.615800380706787
v -24.351825714111328 -20.152528762817383 0
v -24.567934036254883 -20.037017822265625 0
v -25.0283203125 -19.476036071777344 0
v -25.028318405151367 -19.476036071777344 1.615800380706787
v -24.91280746459961 -19.6921443939209 1.615800380706787
v -24.91280746459961 -19.6921443939209 1.615800380706787
v -24.91280746459961 -19.692142486572266 0
v -25.0283203125 -19.476036071777344 0
v 25.558300018310547 -19.37860679626465 0
v 25.558300018310547 -19.37860679626465 1.615800380706787
v 25.40284538269043 -19.189184188842773 1.615800380706787
v 25.40284538269043 -19.189184188842773 1.615800380706787
v 25.40284538269043 -19.189184188842773 0
v 25.558300018310547 -19.37860679626465 0
v 24.997316360473633 -18.91822052001953 1.615800380706787
v 24.76282501220703 -18.84708595275879 1.615800380706787
v 24.76282501220703 -18.84708595275879 0
v 24.76282501220703 -18.84708595275879 0
v 24.997314453125 -18.91822052001953 0
v 24.997316360473633 -18.91822052001953 1.615800380706787
v 18.34166145324707 32.71793746948242 1.615800380706787
v 18.34166145324707 32.71794128417969 0
v 18.497114181518555 32.9073600769043 0
v 18.497114181518555 32.9073600769043 0
v 18.497114181518555 32.90735626220703 1.615800380706787
v 18.34166145324707 32.71793746948242 1.615800380706787
v 19.380998611450195 30.773475646972656 1.615800380706787
v 19.380998611450195 30.773475646972656 0
v 19.137134552001953 30.797494888305664 0
v 19.137134552001953 30.797494888305664 0
v 19.137134552001953 30.797494888305664 1.615800380706787
v 19.380998611450195 30.773475646972656 1.615800380706787
v -22.64748764038086 -19.241544723510742 1.615800380706787
v -22.64748764038086 -19.241544723510742 0
v -22.71862030029297 -19.476036071777344 0
v -22.71862030029297 -19.476036071777344 0
v -22.71862030029297 -19.476036071777344 1.615800380706787
v -22.64748764038086 -19.241544723510742 1.615800380706787
v -25.0283203125 -18.519329071044922 1.615800380706787
v -25.0283203125 -18.519329071044922 0
v -24.91280746459961 -18.3032169342041 0
v -24.91280746459961 -18.3032169342041 0
v -24.91280746459961 -18.3032169342041 1.615800380706787
v -25.0283203125 -18.519329071044922 1.615800380706787
v -24.567934036254883 -17.958343505859375 0
v -24.351825714111328 -17.842830657958984 0
v -24.351825714111328 -17.842830657958984 1.615800380706787
v -24.351825714111328 -17.842830657958984 1.615800380706787
v -24.567934036254883 -17.958345413208008 1.615800380706787
v -24.567934036254883 -17.958343505859375 0
v -24.757354736328125 -19.88156509399414 0
v -24.91280746459961 -19.692142486572266 0
v -24.91280746459961 -19.6921443939209 1.615800380706787
v -24.91280746459961 -19.6921443939209 1.615800380706787
v -24.757354736328125 -19.88156509399414 1.615800380706787
v -24.757354736328125 -19.88156509399414 0
v -8.004098892211914 33.06281280517578 0
v -8.004097938537598 33.06281280517578 1.615800380706787
v -8.220206260681152 33.17832565307617 1.615800380706787
v -8.220206260681152 33.17832565307617 1.615800380706787
v -8.220207214355469 33.17832565307617 0
v -8.004098892211914 33.06281280517578 0
v -9.393025398254395 33.06281280517578 1.615800380706787
v -9.582446098327637 32.90735626220703 1.615800380706787
v -9.58244514465332 32.9073600769043 0
v -9.58244514465332 32.9073600769043 0
v -9.393025398254395 33.06281280517578 0
v -9.393025398254395 33.06281280517578 1.615800380706787
v 18.90264320373535 33.17832565307617 1.615800380706787
v 18.90264320373535 33.17832565307617 0
v 19.137134552001953 33.24945831298828 0
v 19.137134552001953 33.24945831298828 0
v 19.137134552001953 33.24945831298828 1.615800380706787
v 18.90264320373535 33.17832565307617 1.615800380706787
v -23.395116806030273 -17.84283447265625 0
v -23.395116806030273 -17.84283447265625 1.615800380706787
v -23.629606246948242 -17.771697998046875 1.615800380706787
v -23.629606246948242 -17.771697998046875 1.615800380706787
v -23.629606246948242 -17.771697998046875 0
v -23.395116806030273 -17.84283447265625 0
v -25.123470306396484 -18.9976806640625 0
v -25.123470306396484 -18.997682571411133 1.615800380706787
v -25.09945297241211 -19.241546630859375 1.615800380706787
v -25.09945297241211 -19.241546630859375 1.615800380706787
v -25.09945297241211 -19.241546630859375 0
v -25.123470306396484 -18.9976806640625 0
v 25.744943618774414 -19.829204559326172 0
v 25.744943618774414 -19.829206466674805 1.615800380706787
v 25.673810958862305 -19.594715118408203 1.615800380706787
v 25.673810958862305 -19.594715118408203 1.615800380706787
v 25.673810958862305 -19.594715118408203 0
v 25.744943618774414 -19.829204559326172 0
v 25.40284538269043 -19.189184188842773 1.615800380706787
v 25.213424682617188 -19.033729553222656 1.615800380706787
v 25.213424682617188 -19.033729553222656 0
v 25.213424682617188 -19.033729553222656 0
v 25.40284538269043 -19.189184188842773 0
v 25.40284538269043 -19.189184188842773 1.615800380706787
v 23.63507652282715 -20.956951141357422 0
v 23.63507652282715 -20.956951141357422 1.615800380706787
v 23.824499130249023 -21.11240577697754 1.615800380706787
v 23.824499130249023 -21.11240577697754 1.615800380706787
v 23.82449722290039 -21.11240577697754 0
v 23.63507652282715 -20.956951141357422 0
v 24.997314453125 -21.227914810180664 1.615800380706787
v 25.213424682617188 -21.11240577697754 1.615800380706787
v 25.213424682617188 -21.11240577697754 0
v 25.213424682617188 -21.11240577697754 0
v 24.997314453125 -21.227914810180664 0
v 24.997314453125 -21.227914810180664 1.615800380706787
v -9.737898826599121 32.71794128417969 0
v -9.737898826599121 32.71793746948242 1.615800380706787
v -9.853411674499512 32.501827239990234 1.615800380706787
v -9.853411674499512 32.501827239990234 1.615800380706787
v -9.853411674499512 32.5018310546875 0
v -9.737898826599121 32.71794128417969 0
v -8.220206260681152 33.17832565307617 1.615800380706787
v -8.454697608947754 33.24945831298828 1.615800380706787
v -8.45469856262207 33.24945831298828 0
v -8.45469856262207 33.24945831298828 0
v -8.220207214355469 33.17832565307617 0
v -8.220206260681152 33.17832565307617 1.615800380706787
v 18.15501594543457 32.267337799072266 1.615800380706787
v 18.15501594543457 32.26734161376953 0
v 18.22614860534668 32.5018310546875 0
v 18.22614860534668 32.5018310546875 0
v 18.22614860534668 32.501827239990234 1.615800380706787
v 18.15501594543457 32.267337799072266 1.615800380706787
v 18.497114181518555 32.9073600769043 0
v 18.686534881591797 33.06281280517578 0
v 18.686534881591797 33.06281280517578 1.615800380706787
v 18.686534881591797 33.06281280517578 1.615800380706787
v 18.497114181518555 32.90735626220703 1.615800380706787
v 18.497114181518555 32.9073600769043 0
v 19.859352111816406 30.86862564086914 1.615800380706787
v 19.859352111816406 30.86862564086914 0
v 19.624858856201172 30.797494888305664 0
v 19.624858856201172 30.797494888305664 0
v 19.624860763549805 30.797494888305664 1.615800380706787
v 19.859352111816406 30.86862564086914 1.615800380706787
v 20.42033576965332 31.32901382446289 0
v 20.264883041381836 31.13959312438965 0
v 20.264883041381836 31.13959312438965 1.615800380706787
v 20.264883041381836 31.13959312438965 1.615800380706787
v 20.42033576965332 31.32901382446289 1.615800380706787
v 20.42033576965332 31.32901382446289 0
v 19.137134552001953 30.797494888305664 0
v 18.90264320373535 30.86862564086914 0
v 18.90264320373535 30.86862564086914 1.615800380706787
v 18.90264320373535 30.86862564086914 1.615800380706787
v 19.137134552001953 30.797494888305664 1.615800380706787
v 19.137134552001953 30.797494888305664 0
v 23.364112854003906 -20.551424026489258 1.615800380706787
v 23.479623794555664 -20.76753044128418 1.615800380706787
v 23.479623794555664 -20.767528533935547 0
v 23.479623794555664 -20.767528533935547 0
v 23.364112854003906 -20.551422119140625 0
v 23.364112854003906 -20.551424026489258 1.615800380706787
v -23.873470306396484 -20.2476806640625 0
v -24.117334365844727 -20.223663330078125 0
v -24.117334365844727 -20.223663330078125 1.615800380706787
v -24.117334365844727 -20.223663330078125 1.615800380706787
v -23.873470306396484 -20.2476806640625 1.615800380706787
v -23.873470306396484 -20.2476806640625 0
v -22.64748764038086 -18.75381851196289 1.615800380706787
v -22.64748764038086 -18.75381851196289 0
v -22.623470306396484 -18.9976806640625 0
v -22.623470306396484 -18.9976806640625 0
v -22.623470306396484 -18.997682571411133 1.615800380706787
v -22.64748764038086 -18.75381851196289 1.615800380706787
v -22.71862030029297 -19.476036071777344 0
v -22.83413314819336 -19.692142486572266 0
v -22.83413314819336 -19.6921443939209 1.615800380706787
v -22.83413314819336 -19.6921443939209 1.615800380706787
v -22.71862030029297 -19.476036071777344 1.615800380706787
v -22.71862030029297 -19.476036071777344 0
v -25.123470306396484 -18.997682571411133 1.615800380706787
v -25.123470306396484 -18.9976806640625 0
v -25.09945297241211 -18.75381851196289 0
v -25.09945297241211 -18.75381851196289 0
v -25.09945297241211 -18.75381851196289 1.615800380706787
v -25.123470306396484 -18.997682571411133 1.615800380706787
v -24.91280746459961 -18.3032169342041 0
v -24.757354736328125 -18.11379623413086 0
v -24.757354736328125 -18.113798141479492 1.615800380706787
v -24.757354736328125 -18.113798141479492 1.615800380706787
v -24.91280746459961 -18.3032169342041 1.615800380706787
v -24.91280746459961 -18.3032169342041 0
v -25.0283203125 -19.476036071777344 0
v -25.09945297241211 -19.241546630859375 0
v -25.09945297241211 -19.241546630859375 1.615800380706787
v -25.09945297241211 -19.241546630859375 1.615800380706787
v -25.028318405151367 -19.476036071777344 1.615800380706787
v -25.0283203125 -19.476036071777344 0
v -8.942425727844238 33.24945831298828 1.615800380706787
v -9.17691707611084 33.17832565307617 1.615800380706787
v -9.176916122436523 33.17832565307617 0
v -9.176916122436523 33.17832565307617 0
v -8.942425727844238 33.24945831298828 0
v -8.942425727844238 33.24945831298828 1.615800380706787
v 18.686534881591797 33.06281280517578 0
v 18.90264320373535 33.17832565307617 0
v 18.90264320373535 33.17832565307617 1.615800380706787
v 18.90264320373535 33.17832565307617 1.615800380706787
v 18.686534881591797 33.06281280517578 1.615800380706787
v 18.686534881591797 33.06281280517578 0
v -22.989585876464844 -18.113798141479492 1.615800380706787
v -22.989585876464844 -18.11379623413086 0
v -22.83413314819336 -18.303218841552734 0
v -22.83413314819336 -18.303218841552734 0
v -22.83413314819336 -18.303218841552734 1.615800380706787
v -22.989585876464844 -18.113798141479492 1.615800380706787
v -23.873470306396484 -20.2476806640625 0
v -23.873470306396484 -20.2476806640625 1.615800380706787
v -23.629608154296875 -20.223663330078125 1.615800380706787
v -23.629608154296875 -20.223663330078125 1.615800380706787
v -23.629608154296875 -20.223663330078125 0
v -23.873470306396484 -20.2476806640625 0
v 25.673810958862305 -19.594715118408203 1.615800380706787
v 25.558300018310547 -19.37860679626465 1.615800380706787
v 25.558300018310547 -19.37860679626465 0
v 25.558300018310547 -19.37860679626465 0
v 25.673810958862305 -19.594715118408203 0
v 25.673810958862305 -19.594715118408203 1.615800380706787
v 23.824499130249023 -19.033729553222656 0
v 23.824499130249023 -19.03373146057129 1.615800380706787
v 23.63507652282715 -19.189184188842773 1.615800380706787
v 23.63507652282715 -19.189184188842773 1.615800380706787
v 23.63507652282715 -19.189184188842773 0
v 23.824499130249023 -19.033729553222656 0
v 25.40284538269043 -20.956951141357422 1.615800380706787
v 25.558298110961914 -20.76753044128418 1.615800380706787
v 25.558300018310547 -20.767528533935547 0
v 25.558300018310547 -20.767528533935547 0
v 25.40284538269043 -20.956951141357422 0
v 25.40284538269043 -20.956951141357422 1.615800380706787
v 25.744943618774414 -20.316932678222656 1.615800380706787
v 25.76896095275879 -20.073068618774414 1.615800380706787
v 25.76896095275879 -20.073068618774414 0
v 25.76896095275879 -20.073068618774414 0
v 25.744943618774414 -20.316932678222656 0
v 25.744943618774414 -20.316932678222656 1.615800380706787
v 25.213424682617188 -21.11240577697754 0
v 25.213424682617188 -21.11240577697754 1.615800380706787
v 25.40284538269043 -20.956951141357422 1.615800380706787
v 25.40284538269043 -20.956951141357422 1.615800380706787
v 25.40284538269043 -20.956951141357422 0
v 25.213424682617188 -21.11240577697754 0
v -9.582446098327637 32.90735626220703 1.615800380706787
v -9.737898826599121 32.71793746948242 1.615800380706787
v -9.737898826599121 32.71794128417969 0
v -9.737898826599121 32.71794128417969 0
v -9.58244514465332 32.9073600769043 0
v -9.582446098327637 32.90735626220703 1.615800380706787
v -7.659224033355713 32.71793746948242 1.615800380706787
v -7.814677715301514 32.9073600769043 1.615800380706787
v -7.814677715301514 32.9073600769043 0
v -7.814677715301514 32.9073600769043 0
v -7.659224033355713 32.71793746948242 0
v -7.659224033355713 32.71793746948242 1.615800380706787
v 18.15501594543457 31.779611587524414 1.615800380706787
v 18.15501594543457 31.779611587524414 0
v 18.130998611450195 32.023475646972656 0
v 18.130998611450195 32.023475646972656 0
v 18.130998611450195 32.023475646972656 1.615800380706787
v 18.15501594543457 31.779611587524414 1.615800380706787
v 18.22614860534668 32.5018310546875 0
v 18.34166145324707 32.71794128417969 0
v 18.34166145324707 32.71793746948242 1.615800380706787
v 18.34166145324707 32.71793746948242 1.615800380706787
v 18.22614860534668 32.501827239990234 1.615800380706787
v 18.22614860534668 32.5018310546875 0
v 19.624858856201172 30.797494888305664 0
v 19.380998611450195 30.773475646972656 0
v 19.380998611450195 30.773475646972656 1.615800380706787
v 19.380998611450195 30.773475646972656 1.615800380706787
v 19.624860763549805 30.797494888305664 1.615800380706787
v 19.624858856201172 30.797494888305664 0
v 20.535846710205078 32.5018310546875 1.615800380706787
v 20.535846710205078 32.5018310546875 0
v 20.606979370117188 32.267337799072266 0
v 20.606979370117188 32.267337799072266 0
v 20.606979370117188 32.267337799072266 1.615800380706787
v 20.535846710205078 32.5018310546875 1.615800380706787
v 20.264883041381836 31.13959312438965 1.615800380706787
v 20.264883041381836 31.13959312438965 0
v 20.075462341308594 30.98413848876953 0
v 20.075462341308594 30.98413848876953 0
v 20.075462341308594 30.98413848876953 1.615800380706787
v 20.264883041381836 31.13959312438965 1.615800380706787
v 23.479623794555664 -20.76753044128418 1.615800380706787
v 23.63507652282715 -20.956951141357422 1.615800380706787
v 23.63507652282715 -20.956951141357422 0
v 23.63507652282715 -20.956951141357422 0
v 23.479623794555664 -20.767528533935547 0
v 23.479623794555664 -20.76753044128418 1.615800380706787
v 23.292980194091797 -20.31693458557129 1.615800380706787
v 23.364112854003906 -20.551424026489258 1.615800380706787
v 23.364112854003906 -20.551422119140625 0
v 23.364112854003906 -20.551422119140625 0
v 23.292980194091797 -20.316932678222656 0
v 23.292980194091797 -20.31693458557129 1.615800380706787
v -22.989585876464844 -19.88156509399414 0
v -23.179006576538086 -20.037017822265625 0
v -23.179006576538086 -20.037017822265625 1.615800380706787
v -23.179006576538086 -20.037017822265625 1.615800380706787
v -22.989585876464844 -19.88156509399414 1.615800380706787
v -22.989585876464844 -19.88156509399414 0
v -23.395116806030273 -20.15252685546875 0
v -23.629608154296875 -20.223663330078125 0
v -23.629608154296875 -20.223663330078125 1.615800380706787
v -23.629608154296875 -20.223663330078125 1.615800380706787
v -23.395116806030273 -20.15252685546875 1.615800380706787
v -23.395116806030273 -20.15252685546875 0
v -22.623470306396484 -18.9976806640625 0
v -22.64748764038086 -19.241544723510742 0
v -22.64748764038086 -19.241544723510742 1.615800380706787
v -22.64748764038086 -19.241544723510742 1.615800380706787
v -22.623470306396484 -18.997682571411133 1.615800380706787
v -22.623470306396484 -18.9976806640625 0
v -24.117334365844727 -17.771697998046875 0
v -23.873470306396484 -17.7476806640625 0
v -23.873470306396484 -17.7476806640625 1.615800380706787
v -23.873470306396484 -17.7476806640625 1.615800380706787
v -24.117334365844727 -17.771697998046875 1.615800380706787
v -24.117334365844727 -17.771697998046875 0
v -25.09945297241211 -18.75381851196289 0
v -25.0283203125 -18.519329071044922 0
v -25.0283203125 -18.519329071044922 1.615800380706787
v -25.0283203125 -18.519329071044922 1.615800380706787
v -25.09945297241211 -18.75381851196289 1.615800380706787
v -25.09945297241211 -18.75381851196289 0
v -7.814677715301514 32.9073600769043 1.615800380706787
v -8.004097938537598 33.06281280517578 1.615800380706787
v -8.004098892211914 33.06281280517578 0
v -8.004098892211914 33.06281280517578 0
v -7.814677715301514 32.9073600769043 0
v -7.814677715301514 32.9073600769043 1.615800380706787
v -8.942425727844238 33.24945831298828 0
v -8.698561668395996 33.273475646972656 0
v -8.69856071472168 33.273475646972656 1.615800380706787
v -8.69856071472168 33.273475646972656 1.615800380706787
v -8.942425727844238 33.24945831298828 1.615800380706787
v -8.942425727844238 33.24945831298828 0
v -23.179006576538086 -17.958343505859375 0
v -22.989585876464844 -18.11379623413086 0
v -22.989585876464844 -18.113798141479492 1.615800380706787
v -22.989585876464844 -18.113798141479492 1.615800380706787
v -23.179006576538086 -17.958343505859375 1.615800380706787
v -23.179006576538086 -17.958343505859375 0
v -24.117334365844727 -20.223663330078125 0
v -24.351825714111328 -20.152528762817383 0
v -24.351823806762695 -20.152528762817383 1.615800380706787
v -24.351823806762695 -20.152528762817383 1.615800380706787
v -24.117334365844727 -20.223663330078125 1.615800380706787
v -24.117334365844727 -20.223663330078125 0
v 23.63507652282715 -19.189184188842773 1.615800380706787
v 23.479623794555664 -19.378604888916016 1.615800380706787
v 23.479625701904297 -19.378602981567383 0
v 23.479625701904297 -19.378602981567383 0
v 23.63507652282715 -19.189184188842773 0
v 23.63507652282715 -19.189184188842773 1.615800380706787
v 24.040607452392578 -21.227916717529297 0
v 23.82449722290039 -21.11240577697754 0
v 23.824499130249023 -21.11240577697754 1.615800380706787
v 23.824499130249023 -21.11240577697754 1.615800380706787
v 24.040607452392578 -21.227916717529297 1.615800380706787
v 24.040607452392578 -21.227916717529297 0
v 25.744943618774414 -20.316932678222656 0
v 25.673810958862305 -20.551422119140625 0
v 25.673810958862305 -20.551424026489258 1.615800380706787
v 25.673810958862305 -20.551424026489258 1.615800380706787
v 25.744943618774414 -20.316932678222656 1.615800380706787
v 25.744943618774414 -20.316932678222656 0
v 25.76896095275879 -20.073068618774414 1.615800380706787
v 25.744943618774414 -19.829206466674805 1.615800380706787
v 25.744943618774414 -19.829204559326172 0
v 25.744943618774414 -19.829204559326172 0
v 25.76896095275879 -20.073068618774414 0
v 25.76896095275879 -20.073068618774414 1.615800380706787
v 25.558300018310547 -20.767528533935547 0
v 25.558298110961914 -20.76753044128418 1.615800380706787
v 25.673810958862305 -20.551424026489258 1.615800380706787
v 25.673810958862305 -20.551424026489258 1.615800380706787
v 25.673810958862305 -20.551422119140625 0
v 25.558300018310547 -20.767528533935547 0
v 18.130998611450195 32.023475646972656 0
v 18.15501594543457 32.26734161376953 0
v 18.15501594543457 32.267337799072266 1.615800380706787
v 18.15501594543457 32.267337799072266 1.615800380706787
v 18.130998611450195 32.023475646972656 1.615800380706787
v 18.130998611450195 32.023475646972656 0
v 18.22614860534668 31.545122146606445 0
v 18.15501594543457 31.779611587524414 0
v 18.15501594543457 31.779611587524414 1.615800380706787
v 18.15501594543457 31.779611587524414 1.615800380706787
v 18.22614860534668 31.545120239257812 1.615800380706787
v 18.22614860534668 31.545122146606445 0
v 20.264883041381836 32.9073600769043 1.615800380706787
v 20.264883041381836 32.9073600769043 0
v 20.42033576965332 32.71793746948242 0
v 20.42033576965332 32.71793746948242 0
v 20.42033576965332 32.71793746948242 1.615800380706787
v 20.264883041381836 32.9073600769043 1.615800380706787
v 20.075462341308594 30.98413848876953 0
v 19.859352111816406 30.86862564086914 0
v 19.859352111816406 30.86862564086914 1.615800380706787
v 19.859352111816406 30.86862564086914 1.615800380706787
v 20.075462341308594 30.98413848876953 1.615800380706787
v 20.075462341308594 30.98413848876953 0
v 23.479623794555664 -19.378604888916016 1.615800380706787
v 23.364110946655273 -19.594717025756836 1.615800380706787
v 23.364112854003906 -19.594715118408203 0
v 23.364112854003906 -19.594715118408203 0
v 23.479625701904297 -19.378602981567383 0
v 23.479623794555664 -19.378604888916016 1.615800380706787
v 23.364110946655273 -19.594717025756836 1.615800380706787
v 23.292980194091797 -19.829206466674805 1.615800380706787
v 23.292980194091797 -19.829204559326172 0
v 23.292980194091797 -19.829204559326172 0
v 23.364112854003906 -19.594715118408203 0
v 23.364110946655273 -19.594717025756836 1.615800380706787
v 23.26896095275879 -20.073068618774414 1.615800380706787
v 23.292980194091797 -20.31693458557129 1.615800380706787
v 23.292980194091797 -20.316932678222656 0
v 23.292980194091797 -20.316932678222656 0
v 23.26896095275879 -20.073068618774414 0
v 23.26896095275879 -20.073068618774414 1.615800380706787
v -23.395116806030273 -20.15252685546875 0
v -23.395116806030273 -20.15252685546875 1.615800380706787
v -23.179006576538086 -20.037017822265625 1.615800380706787
v -23.179006576538086 -20.037017822265625 1.615800380706787
v -23.179006576538086 -20.037017822265625 0
v -23.395116806030273 -20.15252685546875 0
v -22.83413314819336 -18.303218841552734 0
v -22.71862030029297 -18.51932716369629 0
v -22.71862030029297 -18.51932716369629 1.615800380706787
v -22.71862030029297 -18.51932716369629 1.615800380706787
v -22.83413314819336 -18.303218841552734 1.615800380706787
v -22.83413314819336 -18.303218841552734 0
v -9.853411674499512 32.501827239990234 1.615800380706787
v -9.924543380737305 32.267337799072266 1.615800380706787
v -9.924543380737305 32.26734161376953 0
v -9.924543380737305 32.26734161376953 0
v -9.853411674499512 32.5018310546875 0
v -9.853411674499512 32.501827239990234 1.615800380706787
v -7.659224510192871 31.32901382446289 0
v -7.659224987030029 31.32901382446289 1.615800380706787
v -7.543712615966797 31.545122146606445 1.615800380706787
v -7.543712615966797 31.545122146606445 1.615800380706787
v -7.543712139129639 31.545122146606445 0
v -7.659224510192871 31.32901382446289 0
v -7.5437116622924805 32.5018310546875 1.615800380706787
v -7.659224033355713 32.71793746948242 1.615800380706787
v -7.659224033355713 32.71793746948242 0
v -7.659224033355713 32.71793746948242 0
v -7.543712139129639 32.5018310546875 0
v -7.5437116622924805 32.5018310546875 1.615800380706787
v -22.71862030029297 -18.51932716369629 0
v -22.64748764038086 -18.75381851196289 0
v -22.64748764038086 -18.75381851196289 1.615800380706787
v -22.64748764038086 -18.75381851196289 1.615800380706787
v -22.71862030029297 -18.51932716369629 1.615800380706787
v -22.71862030029297 -18.51932716369629 0
v -9.924543380737305 32.26734161376953 0
v -9.924543380737305 32.267337799072266 1.615800380706787
v -9.948561668395996 32.023475646972656 1.615800380706787
v -9.948561668395996 32.023475646972656 1.615800380706787
v -9.948561668395996 32.023475646972656 0
v -9.924543380737305 32.26734161376953 0
v 19.859352111816406 33.17832565307617 1.615800380706787
v 19.859352111816406 33.17832565307617 0
v 20.075462341308594 33.06281280517578 0
v 20.075462341308594 33.06281280517578 0
v 20.075462341308594 33.06281280517578 1.615800380706787
v 19.859352111816406 33.17832565307617 1.615800380706787
v 20.42033576965332 32.71793746948242 0
v 20.535846710205078 32.5018310546875 0
v 20.535846710205078 32.5018310546875 1.615800380706787
v 20.535846710205078 32.5018310546875 1.615800380706787
v 20.42033576965332 32.71793746948242 1.615800380706787
v 20.42033576965332 32.71793746948242 0
v 20.606979370117188 31.779611587524414 1.615800380706787
v 20.630998611450195 32.023475646972656 1.615800380706787
v 20.630998611450195 32.023475646972656 0
v 20.630998611450195 32.023475646972656 0
v 20.606979370117188 31.779613494873047 0
v 20.606979370117188 31.779611587524414 1.615800380706787
v 20.535846710205078 31.545122146606445 1.615800380706787
v 20.606979370117188 31.779611587524414 1.615800380706787
v 20.606979370117188 31.779613494873047 0
v 20.606979370117188 31.779613494873047 0
v 20.535846710205078 31.545122146606445 0
v 20.535846710205078 31.545122146606445 1.615800380706787
v 23.292980194091797 -19.829204559326172 0
v 23.292980194091797 -19.829206466674805 1.615800380706787
v 23.26896095275879 -20.073068618774414 1.615800380706787
v 23.26896095275879 -20.073068618774414 1.615800380706787
v 23.26896095275879 -20.073068618774414 0
v 23.292980194091797 -19.829204559326172 0
v -9.924543380737305 31.779611587524414 0
v -9.948561668395996 32.023475646972656 0
v -9.948561668395996 32.023475646972656 1.615800380706787
v -9.948561668395996 32.023475646972656 1.615800380706787
v -9.924543380737305 31.779611587524414 1.615800380706787
v -9.924543380737305 31.779611587524414 0
v -8.004098892211914 30.98413848876953 0
v -8.004098892211914 30.98413848876953 1.615800380706787
v -7.814678192138672 31.13959312438965 1.615800380706787
v -7.814678192138672 31.13959312438965 1.615800380706787
v -7.814678192138672 31.13959312438965 0
v -8.004098892211914 30.98413848876953 0
v -7.543712139129639 32.5018310546875 0
v -7.4725799560546875 32.267337799072266 0
v -7.4725799560546875 32.267337799072266 1.615800380706787
v -7.4725799560546875 32.267337799072266 1.615800380706787
v -7.5437116622924805 32.5018310546875 1.615800380706787
v -7.543712139129639 32.5018310546875 0
v 18.90264320373535 30.86862564086914 0
v 19.137134552001953 30.797494888305664 0
v 18.73445701599121 28.5 0
v 18.73445701599121 28.5 0
v -18.73445701599121 28.5 0
v 18.90264320373535 30.86862564086914 0
v 24.27509880065918 -18.84708595275879 0
v 24.51896095275879 -18.82306671142578 1.615800380706787
v 24.294082641601562 -18.845216751098633 1.615800380706787
v 24.294082641601562 -18.845216751098633 1.615800380706787
v 24.275096893310547 -18.84708595275879 1.615800380706787
v 24.27509880065918 -18.84708595275879 0
v 24.040605545043945 -18.9182186126709 1.615800380706787
v 23.824499130249023 -19.03373146057129 1.615800380706787
v 23.824499130249023 -19.033729553222656 0
v 23.824499130249023 -19.033729553222656 0
v 24.040605545043945 -18.918216705322266 0
v 24.040605545043945 -18.9182186126709 1.615800380706787
v 24.997314453125 -21.227914810180664 0
v 24.7628231048584 -21.299049377441406 0
v 24.7628231048584 -21.299049377441406 1.615800380706787
v 24.7628231048584 -21.299049377441406 1.615800380706787
v 24.997314453125 -21.227914810180664 1.615800380706787
v 24.997314453125 -21.227914810180664 0
v -9.58244514465332 31.139591217041016 1.615800380706787
v -9.58244514465332 31.13959312438965 0
v -9.737898826599121 31.32901382446289 0
v -9.737898826599121 31.32901382446289 0
v -9.737897872924805 31.329011917114258 1.615800380706787
v -9.58244514465332 31.139591217041016 1.615800380706787
v -9.58244514465332 31.139591217041016 1.615800380706787
v -9.393024444580078 30.98413848876953 1.615800380706787
v -9.393024444580078 30.98413848876953 0
v -9.393024444580078 30.98413848876953 0
v -9.58244514465332 31.13959312438965 0
v -9.58244514465332 31.139591217041016 1.615800380706787
v -7.448561668395996 32.023475646972656 0
v -7.448561668395996 32.023475646972656 1.615800380706787
v -7.4725799560546875 32.267337799072266 1.615800380706787
v -7.4725799560546875 32.267337799072266 1.615800380706787
v -7.4725799560546875 32.267337799072266 0
v -7.448561668395996 32.023475646972656 0
v 20.075462341308594 33.06281280517578 0
v 20.264883041381836 32.9073600769043 0
v 20.264883041381836 32.9073600769043 1.615800380706787
v 20.264883041381836 32.9073600769043 1.615800380706787
v 20.075462341308594 33.06281280517578 1.615800380706787
v 20.075462341308594 33.06281280517578 0
v 20.630998611450195 32.023475646972656 1.615800380706787
v 20.606979370117188 32.267337799072266 1.615800380706787
v 20.606979370117188 32.267337799072266 0
v 20.606979370117188 32.267337799072266 0
v 20.630998611450195 32.023475646972656 0
v 20.630998611450195 32.023475646972656 1.615800380706787
v -9.853410720825195 31.545120239257812 1.615800380706787
v -9.737897872924805 31.329011917114258 1.615800380706787
v -9.737898826599121 31.32901382446289 0
v -9.737898826599121 31.32901382446289 0
v -9.853411674499512 31.545122146606445 0
v -9.853410720825195 31.545120239257812 1.615800380706787
v -8.454699516296387 30.797494888305664 0
v -8.454699516296387 30.797494888305664 1.615800380706787
v -8.220207214355469 30.86862564086914 1.615800380706787
v -8.220207214355469 30.86862564086914 1.615800380706787
v -8.220207214355469 30.86862564086914 0
v -8.454699516296387 30.797494888305664 0
v -7.814678192138672 31.13959312438965 1.615800380706787
v -7.659224987030029 31.32901382446289 1.615800380706787
v -7.659224510192871 31.32901382446289 0
v -7.659224510192871 31.32901382446289 0
v -7.814678192138672 31.13959312438965 0
v -7.814678192138672 31.13959312438965 1.615800380706787
v 19.380998611450195 33.273475646972656 0
v 19.624862670898438 33.24945831298828 0
v 19.624862670898438 33.24945831298828 1.615800380706787
v 19.624862670898438 33.24945831298828 1.615800380706787
v 19.380998611450195 33.273475646972656 1.615800380706787
v 19.380998611450195 33.273475646972656 0
v 18.497114181518555 31.13959312438965 0
v 18.341659545898438 31.32901382446289 0
v 18.34166145324707 31.329011917114258 1.615800380706787
v 18.34166145324707 31.329011917114258 1.615800380706787
v 18.497114181518555 31.139591217041016 1.615800380706787
v 18.497114181518555 31.13959312438965 0
v 18.90264320373535 30.86862564086914 0
v 18.686534881591797 30.98413848876953 0
v 18.686534881591797 30.98413848876953 1.615800380706787
v 18.686534881591797 30.98413848876953 1.615800380706787
v 18.90264320373535 30.86862564086914 1.615800380706787
v 18.90264320373535 30.86862564086914 0
v 24.040605545043945 -18.9182186126709 1.615800380706787
v 24.040605545043945 -18.918216705322266 0
v 24.27509880065918 -18.84708595275879 0
v 24.27509880065918 -18.84708595275879 0
v 24.275096893310547 -18.84708595275879 1.615800380706787
v 24.040605545043945 -18.9182186126709 1.615800380706787
v 24.51896095275879 -21.32306671142578 0
v 24.275096893310547 -21.299049377441406 0
v 24.27509880065918 -21.299049377441406 1.615800380706787
v 24.27509880065918 -21.299049377441406 1.615800380706787
v 24.51896095275879 -21.32306671142578 1.615800380706787
v 24.51896095275879 -21.32306671142578 0
v 24.7628231048584 -21.299049377441406 0
v 24.51896095275879 -21.32306671142578 0
v 24.51896095275879 -21.32306671142578 1.615800380706787
v 24.51896095275879 -21.32306671142578 1.615800380706787
v 24.7628231048584 -21.299049377441406 1.615800380706787
v 24.7628231048584 -21.299049377441406 0
v -9.176915168762207 30.86862564086914 1.615800380706787
v -9.176916122436523 30.86862564086914 0
v -9.393024444580078 30.98413848876953 0
v -9.393024444580078 30.98413848876953 0
v -9.393024444580078 30.98413848876953 1.615800380706787
v -9.176915168762207 30.86862564086914 1.615800380706787
v -7.4725799560546875 31.779611587524414 1.615800380706787
v -7.448561668395996 32.023475646972656 1.615800380706787
v -7.448561668395996 32.023475646972656 0
v -7.448561668395996 32.023475646972656 0
v -7.4725799560546875 31.779613494873047 0
v -7.4725799560546875 31.779611587524414 1.615800380706787
v 19.859352111816406 33.17832565307617 1.615800380706787
v 19.624862670898438 33.24945831298828 1.615800380706787
v 19.624862670898438 33.24945831298828 0
v 19.624862670898438 33.24945831298828 0
v 19.859352111816406 33.17832565307617 0
v 19.859352111816406 33.17832565307617 1.615800380706787
v 20.42033576965332 31.32901382446289 0
v 20.42033576965332 31.32901382446289 1.615800380706787
v 20.535846710205078 31.545122146606445 1.615800380706787
v 20.535846710205078 31.545122146606445 1.615800380706787
v 20.535846710205078 31.545122146606445 0
v 20.42033576965332 31.32901382446289 0
v -23.629606246948242 -17.771697998046875 0
v -23.629606246948242 -17.771697998046875 1.615800380706787
v -23.873470306396484 -17.7476806640625 1.615800380706787
v -23.873470306396484 -17.7476806640625 1.615800380706787
v -23.873470306396484 -17.7476806640625 0
v -23.629606246948242 -17.771697998046875 0
v -9.853410720825195 31.545120239257812 1.615800380706787
v -9.853411674499512 31.545122146606445 0
v -9.924543380737305 31.779611587524414 0
v -9.924543380737305 31.779611587524414 0
v -9.924543380737305 31.779611587524414 1.615800380706787
v -9.853410720825195 31.545120239257812 1.615800380706787
v -8.220207214355469 30.86862564086914 1.615800380706787
v -8.004098892211914 30.98413848876953 1.615800380706787
v -8.004098892211914 30.98413848876953 0
v -8.004098892211914 30.98413848876953 0
v -8.220207214355469 30.86862564086914 0
v -8.220207214355469 30.86862564086914 1.615800380706787
v -7.543712615966797 31.545122146606445 1.615800380706787
v -7.4725799560546875 31.779611587524414 1.615800380706787
v -7.4725799560546875 31.779613494873047 0
v -7.4725799560546875 31.779613494873047 0
v -7.543712139129639 31.545122146606445 0
v -7.543712615966797 31.545122146606445 1.615800380706787
v 18.686534881591797 30.98413848876953 0
v 18.497114181518555 31.13959312438965 0
v 18.497114181518555 31.139591217041016 1.615800380706787
v 18.497114181518555 31.139591217041016 1.615800380706787
v 18.686534881591797 30.98413848876953 1.615800380706787
v 18.686534881591797 30.98413848876953 0
v 24.275096893310547 -21.299049377441406 0
v 24.040607452392578 -21.227916717529297 1.615800380706787
v 24.17121124267578 -21.267536163330078 1.615800380706787
v 24.17121124267578 -21.267536163330078 1.615800380706787
v 24.27509880065918 -21.299049377441406 1.615800380706787
v 24.275096893310547 -21.299049377441406 0
v -8.942423820495605 30.797494888305664 1.615800380706787
v -8.698561668395996 30.773475646972656 1.615800380706787
v -8.698561668395996 30.773475646972656 0
v -8.698561668395996 30.773475646972656 0
v -8.942424774169922 30.797494888305664 0
v -8.942423820495605 30.797494888305664 1.615800380706787
v -9.176915168762207 30.86862564086914 1.615800380706787
v -8.942423820495605 30.797494888305664 1.615800380706787
v -8.942424774169922 30.797494888305664 0
v -8.942424774169922 30.797494888305664 0
v -9.176916122436523 30.86862564086914 0
v -9.176915168762207 30.86862564086914 1.615800380706787
v -8.698561668395996 30.773475646972656 1.615800380706787
v -8.454699516296387 30.797494888305664 1.615800380706787
v -8.454699516296387 30.797494888305664 0
v -8.454699516296387 30.797494888305664 0
v -8.698561668395996 30.773475646972656 0
v -8.698561668395996 30.773475646972656 1.615800380706787
v 18.341659545898438 31.32901382446289 0
v 18.22614860534668 31.545122146606445 0
v 18.22614860534668 31.545120239257812 1.615800380706787
v 18.22614860534668 31.545120239257812 1.615800380706787
v 18.34166145324707 31.329011917114258 1.615800380706787
v 18.341659545898438 31.32901382446289 0
vn -1 0 0
vn -1 0 0
vn -1 0 0
vn -1 0 0
vn -1 0 0
vn -1 0 0
vn 0 -1 0
vn 0 -1 0
vn 0 -1 0
vn 0 -1 0
vn 0 -1 0
vn 0 -1 0
vn 0 -1 0
vn 0 -1 0
vn 0 -1 0
vn 0 -1 0
vn 0 -1 0
vn 0 -1 0
vn 0 -1 0
vn 0 -1 0
vn 0 -1 0
vn 0 -1 0
vn 0 -1 0
vn 0 -1 0
vn 0 -1 0
vn 0 -1 0
vn 0 -1 0
vn 0 -1 0
vn 0 -1 0
vn 0 -1 0
vn 0 -1 0
vn 0 -1 0
vn 0 -1 0
vn 0 -1 0
vn 0 -1 0
vn 0 -1 0
vn 0 0 -1
vn 0 0 -1
vn 0 0 -1
vn 0 0 -1
vn 0 0 -1
vn 0 0 -1
vn 0 0 -1
vn 0 0 -1
vn 0 0 -1
vn 0 0 -1
vn 0 0 -1
vn 0 0 -1
vn 0 1 0
vn 0 1 0
vn 0 1 0
vn 0 1 0
vn 0 1 0
vn 0 1 0
vn 0 0 1
vn 0 0 1
vn 0 0 1
vn 0 0 1
vn 0 0 1
vn 0 0 1
vn 0 0 1
vn 0 0 1
vn 0 0 1
vn 0 0 1
vn 0 0 1
vn 0 0 1
vn 0 0 1
vn 0 0 1
vn 0 0 1
vn 0 0 1
vn 0 0 1
vn 0 0 1
vn 0 0 1
vn 0 0 1
vn 0 0 1
vn 0 0 1
vn 0 0 1
vn 0 0 1
vn 0 0 1
vn 0 0 1
vn 0 0 1
vn 0 0 1
vn 0 0 1
vn 0 0 1
vn 1 0 0
vn 1 0 0
vn 1 0 0
vn 1 0 0
vn 1 0 0
vn 1 0 0
vn 0 0 1
vn 0 0 1
vn 0 0 1
vn 0 0 1
vn 0 0 1
vn 0 0 1
vn 0 0 1
vn 0 0 1
vn 0 0 1
vn 0 0 1
vn 0 0 1
vn 0 0 1
vn 0 0 1
vn 0 0 1
vn 0 0 1
vn 0 0 1
vn 0 0 1
vn 0 0 1
vn 0 0 1
vn 0 0 1
vn 0 0 1
vn 0 0 1
vn 0 0 1
vn 0 0 1
vn 0 0 1
vn 0 0 1
vn 0 0 1
vn 0 0 1
vn 0 0 1
vn 0 0 1
vn 0 0 1
vn 0 0 1
vn 0 0 1
vn -1 0 0
vn -1 0 0
vn -1 0 0
vn -1 0 0
vn -1 0 0
vn -1 0 0
vn 0 0 1
vn 0 0 1
vn 0 0 1
vn 0 0 1
vn 0 0 1
vn 0 0 1
vn 1 0 0
vn 1 0 0
vn 1 0 0
vn 1 0 0
vn 1 0 0
vn 1 0 0
vn -1 0 0
vn -1 0 0
vn -1 0 0
vn -1 0 0
vn -1 0 0
vn -1 0 0
vn 1 0 0
vn 1 0 0
vn 1 0 0
vn 1 0 0
vn 1 0 0
vn 1 0 0
vn 1 0 0
vn 1 0 0
vn 1 0 0
vn 1 0 0
vn 1 0 0
vn 1 0 0
vn 0 -1 0
vn 0 -1 0
vn 0 -1 0
vn 0 -1 0
vn 0 -1 0
vn 0 -1 0
vn -1 0 0
vn -1 0 0
vn -1 0 0
vn -1 0 0
vn -1 0 0
vn -1 0 0
vn 0 1 0
vn 0 1 0
vn 0 1 0
vn 0 1 0
vn 0 1 0
vn 0 1 0
vn 0 1 0
vn 0 1 0
vn 0 1 0
vn 0 1 0
vn 0 1 0
vn 0 1 0
vn -1 0 0
vn -1 0 0
vn -1 0 0
vn -1 0 0
vn -1 0 0
vn -1 0 0
vn 0 -1 0
vn 0 -1 0
vn 0 -1 0
vn 0 -1 0
vn 0 -1 0
vn 0 -1 0
vn 1 0 0
vn 1 0 0
vn 1 0 0
vn 1 0 0
vn 1 0 0
vn 1 0 0
vn 0 1 0
vn 0 1 0
vn 0 1 0
vn 0 1 0
vn 0 1 0
vn 0 1 0
vn 0 1 0
vn 0 1 0
vn 0 1 0
vn 0 1 0
vn 0 1 0
vn 0 1 0
vn 0 0 1
vn 0 0 1
vn 0 0 1
vn 0 0 1
vn 0 0 1
vn 0 0 1
vn 0 0 -1
vn 0 0 -1
vn 0 0 -1
vn 0 0 1
vn 0 0 1
vn 0 0 1
vn 0 0 1
vn 0 0 1
vn 0 0 1
vn 0 0 -1
vn 0 0 -1
vn 0 0 -1
vn 0 0 1
vn 0 0 1
vn 0 0 1
vn 0 0 -1
vn 0 0 -1
vn 0 0 -1
vn 0 0 -1
vn 0 0 -1
vn 0 0 -1
vn 0 0 1
vn 0 0 1
vn 0 0 1
vn 0 0 -1
vn 0 0 -1
vn 0 0 -1
vn 0 0 1
vn 0 0 1
vn 0 0 1
vn 0 0 1
vn 0 0 1
vn 0 0 1
vn 0 0 1
vn 0 0 1
vn 0 0 1
vn 0 0 1
vn 0 0 1
vn 0 0 1
vn 0 0 1
vn 0 0 1
vn 0 0 1
vn 0 0 1
vn 0 0 1
vn 0 0 1
vn 0 0 -1
vn 0 0 -1
vn 0 0 -1
vn 0 0 -1
vn 0 0 -1
vn 0 0 -1
vn 0 0 -1
vn 0 0 -1
vn 0 0 -1
vn 0 0 -1
vn 0 0 -1
vn 0 0 -1
vn 0 0 -1
vn 0 0 -1
vn 0 0 -1
vn 0 0 -1
vn 0 0 -1
vn 0 0 -1
vn 0 0 -1
vn 0 0 -1
vn 0 0 -1
vn 0 0 -1
vn 0 0 -1
vn 0 0 -1
vn 0 0 1
vn 0 0 1
vn 0 0 1
vn 0 0 1
vn 0 0 1
vn 0 0 1
vn 0 0 1
vn 0 0 1
vn 0 0 1
vn 0 0 1
vn 0 0 1
vn 0 0 1
vn 0 0 1
vn 0 0 1
vn 0 0 1
vn 0 0 1
vn 0 0 1
vn 0 0 1
vn 0 0 1
vn 0 0 1
vn 0 0 1
vn 0 0 1
vn 0 0 1
vn 0 0 1
vn 0 0 1
vn 0 0 1
vn 0 0 1
vn 0 0 1
vn 0 0 1
vn 0 0 1
vn 0 0 1
vn 0 0 1
vn 0 0 1
vn 0 0 -1
vn 0 0 -1
vn 0 0 -1
vn 0 0 -1
vn 0 0 -1
vn 0 0 -1
vn 0 0 -1
vn 0 0 -1
vn 0 0 -1
vn 0 0 -1
vn 0 0 -1
vn 0 0 -1
vn 0 0 -1
vn 0 0 -1
vn 0 0 -1
vn 0 0 -1
vn 0 0 -1
vn 0 0 -1
vn 0 0 -1
vn 0 0 -1
vn 0 0 -1
vn 0 0 -1
vn 0 0 -1
vn 0 0 -1
vn 0 0 -1
vn 0 0 -1
vn 0 0 -1
vn 0 0 -1
vn 0 0 -1
vn 0 0 -1
vn 0 0 -1
vn 0 0 -1
vn 0 0 -1
vn 0 0 -1
vn 0 0 -1
vn 0 0 -1
vn 0 0 -1
vn 0 0 -1
vn 0 0 -1
vn 0 0 -1
vn 0 0 -1
vn 0 0 -1
vn 0 0 -1
vn 0 0 -1
vn 0 0 -1
vn 0 0 -1
vn 0 0 -1
vn 0 0 -1
vn 0 0 1
vn 0 0 1
vn 0 0 1
vn 0 0 1
vn 0 0 1
vn 0 0 1
vn 0 0 1
vn 0 0 1
vn 0 0 1
vn 0 0 1
vn 0 0 1
vn 0 0 1
vn 0 0 1
vn 0 0 1
vn 0 0 1
vn 0 0 1
vn 0 0 1
vn 0 0 1
vn 0 0 1
vn 0 0 1
vn 0 0 1
vn 0 0 1
vn 0 0 1
vn 0 0 1
vn 0 0 1
vn 0 0 1
vn 0 0 1
vn 0 0 1
vn 0 0 1
vn 0 0 1
vn 0 0 1
vn 0 0 1
vn 0 0 1
vn 0 0 1
vn 0 0 1
vn 0 0 1
vn 0 0 1
vn 0 0 1
vn 0 0 1
vn 0 0 1
vn 0 0 1
vn 0 0 1
vn 0 0 1
vn 0 0 1
vn 0 0 1
vn 0 0 1
vn 0 0 1
vn 0 0 1
vn 0 0 1
vn 0 0 1
vn 0 0 1
vn 0 0 1
vn 0 0 1
vn 0 0 1
vn 0 0 1
vn 0 0 1
vn 0 0 1
vn 0 0 1
vn 0 0 1
vn 0 0 1
vn 0 0 1
vn 0 0 1
vn 0 0 1
vn 0 0 1
vn 0 0 1
vn 0 0 1
vn 0 0 1
vn 0 0 1
vn 0 0 1
vn 0 0 1
vn 0 0 1
vn 0 0 1
vn 0 0 -1
vn 0 0 -1
vn 0 0 -1
vn 0 0 -1
vn 0 0 -1
vn 0 0 -1
vn 0 0 -1
vn 0 0 -1
vn 0 0 -1
vn 0 0 -1
vn 0 0 -1
vn 0 0 -1
vn 0 0 -1
vn 0 0 -1
vn 0 0 -1
vn 0 0 -1
vn 0 0 -1
vn 0 0 -1
vn 0 0 -1
vn 0 0 -1
vn 0 0 -1
vn 0 0 -1
vn 0 0 -1
vn 0 0 -1
vn 0 0 -1
vn 0 0 -1
vn 0 0 -1
vn 0 0 -1
vn 0 0 -1
vn 0 0 -1
vn 0 0 -1
vn 0 0 -1
vn 0 0 -1
vn 0 0 -1
vn 0 0 -1
vn 0 0 -1
vn 0 0 -1
vn 0 0 -1
vn 0 0 -1
vn 0 0 -1
vn 0 0 -1
vn 0 0 -1
vn 0 0 -1
vn 0 0 -1
vn 0 0 -1
vn 0 0 -1
vn 0 0 -1
vn 0 0 -1
vn 0 0 -1
vn 0 0 -1
vn 0 0 -1
vn 0 0 -1
vn 0 0 -1
vn 0 0 -1
vn 0 0 -1
vn 0 0 -1
vn 0 0 -1
vn 0 0 -1
vn 0 0 -1
vn 0 0 -1
vn 0 0 -1
vn 0 0 -1
vn 0 0 -1
vn 0 0 -1
vn 0 0 -1
vn 0 0 -1
vn 0 0 -1
vn 0 0 -1
vn 0 0 -1
vn 0 0 1
vn 0 0 1
vn 0 0 1
vn 0 0 1
vn 0 0 1
vn 0 0 1
vn 0 0 1
vn 0 0 1
vn 0 0 1
vn 0 0 1
vn 0 0 1
vn 0 0 1
vn 0 0 1
vn 0 0 1
vn 0 0 1
vn 0 0 1
vn 0 0 1
vn 0 0 1
vn 0 0 1
vn 0 0 1
vn 0 0 1
vn 0 0 1
vn 0 0 1
vn 0 0 1
vn 0 0 1
vn 0 0 1
vn 0 0 1
vn 0 0 1
vn 0 0 1
vn 0 0 1
vn 0 0 1
vn 0 0 1
vn 0 0 1
vn 0 0 1
vn 0 0 1
vn 0 0 1
vn 0 0 1
vn 0 0 1
vn 0 0 1
vn 0 0 1
vn 0 0 1
vn 0 0 1
vn 0 0 1
vn 0 0 1
vn 0 0 1
vn 0 0 1
vn 0 0 1
vn 0 0 1
vn 0 0 1
vn 0 0 1
vn 0 0 1
vn 0 0 1
vn 0 0 1
vn 0 0 1
vn 0 0 1
vn 0 0 1
vn 0 0 1
vn 0 0 1
vn 0 0 1
vn 0 0 1
vn 0 0 1
vn 0 0 1
vn 0 0 1
vn 0 0 1
vn 0 0 1
vn 0 0 1
vn 0 0 -1
vn 0 0 -1
vn 0 0 -1
vn 0 0 -1
vn 0 0 -1
vn 0 0 -1
vn 0 0 -1
vn 0 0 -1
vn 0 0 -1
vn 0 0 -1
vn 0 0 -1
vn 0 0 -1
vn 0 0 -1
vn 0 0 -1
vn 0 0 -1
vn 0 0 -1
vn 0 0 -1
vn 0 0 -1
vn 0 0 -1
vn 0 0 -1
vn 0 0 -1
vn 0 0 -1
vn 0 0 -1
vn 0 0 -1
vn 0 0 -1
vn 0 0 -1
vn 0 0 -1
vn 0 0 -1
vn 0 0 -1
vn 0 0 -1
vn 0 0 -1
vn 0 0 -1
vn 0 0 -1
vn 0 0 -1
vn 0 0 -1
vn 0 0 -1
vn 0 0 -1
vn 0 0 -1
vn 0 0 -1
vn 0 0 -1
vn 0 0 -1
vn 0 0 -1
vn 0 0 -1
vn 0 0 -1
vn 0 0 -1
vn 0 0 -1
vn 0 0 -1
vn 0 0 -1
vn 0 0 -1
vn 0 0 -1
vn 0 0 -1
vn 0 0 1
vn 0 0 1
vn 0 0 1
vn 0 0 1
vn 0 0 1
vn 0 0 1
vn 0 0 1
vn 0 0 1
vn 0 0 1
vn 0 0 1
vn 0 0 1
vn 0 0 1
vn 0 0 1
vn 0 0 1
vn 0 0 1
vn 0 0 1
vn 0 0 1
vn 0 0 1
vn 0 0 1
vn 0 0 1
vn 0 0 1
vn 0 0 1
vn 0 0 1
vn 0 0 1
vn 0 0 1
vn 0 0 1
vn 0 0 1
vn 0 0 1
vn 0 0 1
vn 0 0 1
vn 0 0 1
vn 0 0 1
vn 0 0 1
vn 0 0 1
vn 0 0 1
vn 0 0 1
vn 0 0 1
vn 0 0 1
vn 0 0 1
vn 0 0 1
vn 0 0 1
vn 0 0 1
vn 0 0 1
vn 0 0 1
vn 0 0 1
vn 0 0 1
vn 0 0 1
vn 0 0 1
vn 0 0 1
vn 0 0 1
vn 0 0 1
vn 0 0 1
vn 0 0 1
vn 0 0 1
vn 0 0 1
vn 0 0 1
vn 0 0 1
vn 0 0 1
vn 0 0 1
vn 0 0 1
vn 0 0 1
vn 0 0 1
vn 0 0 1
vn 0 0 -1
vn 0 0 -1
vn 0 0 -1
vn 0 0 -1
vn 0 0 -1
vn 0 0 -1
vn 0 0 -1
vn 0 0 -1
vn 0 0 -1
vn 0 0 -1
vn 0 0 -1
vn 0 0 -1
vn 0 0 -1
vn 0 0 -1
vn 0 0 -1
vn 0 0 -1
vn 0 0 -1
vn 0 0 -1
vn 0 0 -1
vn 0 0 -1
vn 0 0 -1
vn 0 0 -1
vn 0 0 -1
vn 0 0 -1
vn 0 0 -1
vn 0 0 -1
vn 0 0 -1
vn 0 0 -1
vn 0 0 -1
vn 0 0 -1
vn 0 0 -1
vn 0 0 -1
vn 0 0 -1
vn 0 0 -1
vn 0 0 -1
vn 0 0 -1
vn 0 0 -1
vn 0 0 -1
vn 0 0 -1
vn 0 0 -1
vn 0 0 -1
vn 0 0 -1
vn 0 0 -1
vn 0 0 -1
vn 0 0 -1
vn 0 0 1
vn 0 0 1
vn 0 0 1
vn 0 0 1
vn 0 0 1
vn 0 0 1
vn 0 0 1
vn 0 0 1
vn 0 0 1
vn 0 0 1
vn 0 0 1
vn 0 0 1
vn 0 0 1
vn 0 0 1
vn 0 0 1
vn 0 0 1
vn 0 0 1
vn 0 0 1
vn 0 0 1
vn 0 0 1
vn 0 0 1
vn 0 0 1
vn 0 0 1
vn 0 0 1
vn 0 0 1
vn 0 0 1
vn 0 0 1
vn 0 0 -1
vn 0 0 -1
vn 0 0 -1
vn 0 0 -1
vn 0 0 -1
vn 0 0 -1
vn 0 0 -1
vn 0 0 -1
vn 0 0 -1
vn 0 0 -1
vn 0 0 -1
vn 0 0 -1
vn 0 0 -1
vn 0 0 -1
vn 0 0 -1
vn 0 0 -1
vn 0 0 -1
vn 0 0 -1
vn 0 0 -1
vn 0 0 -1
vn 0 0 -1
vn 0 0 -1
vn 0 0 -1
vn 0 0 -1
vn 0 0 -1
vn 0 0 -1
vn 0 0 -1
vn 0 0 -1
vn 0 0 -1
vn 0 0 -1
vn 0.09802083677617202 -0.9951843625970513 0
vn 0.09802083677617202 -0.9951843625970513 0
vn 0.09802083677617202 -0.9951843625970513 0
vn 0 0 -1
vn 0 0 -1
vn 0 0 -1
vn 0 0 -1
vn 0 0 -1
vn 0 0 -1
vn 0 0 1
vn 0 0 1
vn 0 0 1
vn 0 0 1
vn 0 0 1
vn 0 0 1
vn 0 0 1
vn 0 0 1
vn 0 0 1
vn 0 0 1
vn 0 0 1
vn 0 0 1
vn 0 0 1
vn 0 0 1
vn 0 0 1
vn 0 0 1
vn 0 0 1
vn 0 0 1
vn 0 0 1
vn 0 0 1
vn 0 0 1
vn 0 0 1
vn 0 0 1
vn 0 0 1
vn 0 0 1
vn 0 0 1
vn 0 0 1
vn 0 0 1
vn 0 0 1
vn 0 0 1
vn 0 0 1
vn 0 0 1
vn 0 0 1
vn 0 0 -1
vn 0 0 -1
vn 0 0 -1
vn 0 0 -1
vn 0 0 -1
vn 0 0 -1
vn 0 0 -1
vn 0 0 -1
vn 0 0 -1
vn 0 0 -1
vn 0 0 -1
vn 0 0 -1
vn 0 0 -1
vn 0 0 -1
vn 0 0 -1
vn 0 0 -1
vn 0 0 -1
vn 0 0 -1
vn 0 0 -1
vn 0 0 -1
vn 0 0 -1
vn 0 0 -1
vn 0 0 -1
vn 0 0 -1
vn 0 0 -1
vn 0 0 -1
vn 0 0 -1
vn 0 0 -1
vn 0 0 -1
vn 0 0 -1
vn 0 0 -1
vn 0 0 -1
vn 0 0 -1
vn 0 0 -1
vn 0 0 -1
vn 0 0 -1
vn 0 0 1
vn 0 0 1
vn 0 0 1
vn 0 0 1
vn 0 0 1
vn 0 0 1
vn 0 0 1
vn 0 0 1
vn 0 0 1
vn 0 0 1
vn 0 0 1
vn 0 0 1
vn 0 0 1
vn 0 0 1
vn 0 0 1
vn 0 0 1
vn 0 0 1
vn 0 0 1
vn 0 0 1
vn 0 0 1
vn 0 0 1
vn 0 0 1
vn 0 0 1
vn 0 0 1
vn 0 0 1
vn 0 0 1
vn 0 0 1
vn 0 0 -1
vn 0 0 -1
vn 0 0 -1
vn 0 0 -1
vn 0 0 -1
vn 0 0 -1
vn 0 0 -1
vn 0 0 -1
vn 0 0 -1
vn 0 0 -1
vn 0 0 -1
vn 0 0 -1
vn 0 0 -1
vn 0 0 -1
vn 0 0 -1
vn 0 0 -1
vn 0 0 -1
vn 0 0 -1
vn 0.29028866452711183 0.9569391261972029 0
vn 0.29028866452711183 0.9569391261972029 0
vn 0.29028866452711183 0.9569391261972029 0
vn 0 0 1
vn 0 0 1
vn 0 0 1
vn 0 0 1
vn 0 0 1
vn 0 0 1
vn 0 0 1
vn 0 0 1
vn 0 0 1
vn 0 0 -1
vn 0 0 -1
vn 0 0 -1
vn 0 0 -1
vn 0 0 -1
vn 0 0 -1
vn 0 0 -1
vn 0 0 -1
vn 0 0 -1
vn 0 0 -1
vn 0 0 -1
vn 0 0 -1
vn 0 0 1
vn 0 0 1
vn 0 0 1
vn 0 0 1
vn 0 0 1
vn 0 0 1
vn 0 0 -1
vn 0 0 -1
vn 0 0 -1
vn 0 0 -1
vn 0 0 -1
vn 0 0 -1
vn 0 0 1
vn 0 0 1
vn 0 0 1
vn 0 0 -1
vn 0 0 -1
vn 0 0 -1
vn 0 0 -1
vn 0 0 -1
vn 0 0 -1
vn 0 0 1
vn 0 0 1
vn 0 0 1
vn 0 0 1
vn 0 0 1
vn 0 0 1
vn 0 0 -1
vn 0 0 -1
vn 0 0 -1
vn 0 0 -1
vn 0 0 -1
vn 0 0 -1
vn 0 0 1
vn 0 0 1
vn 0 0 1
vn 0 0 1
vn 0 0 1
vn 0 0 1
vn 0 0 -1
vn 0 0 -1
vn 0 0 -1
vn 0 0 -1
vn 0 0 -1
vn 0 0 -1
vn 0 0 -1
vn 0 0 -1
vn 0 0 -1
vn 0 0 -1
vn 0 0 -1
vn 0 0 -1
vn 0 0 1
vn 0 0 1
vn 0 0 1
vn 0 0 1
vn 0 0 1
vn 0 0 1
vn 0 0 1
vn 0 0 1
vn 0 0 1
vn 0 0 1
vn 0 0 1
vn 0 0 1
vn 0 0 1
vn 0 0 1
vn 0 0 1
vn 0 0 1
vn 0 0 1
vn 0 0 1
vn 0 0 -1
vn 0 0 -1
vn 0 0 -1
vn 0 0 -1
vn 0 0 -1
vn 0 0 -1
vn 0 0 -1
vn 0 0 -1
vn 0 0 -1
vn 0 0 -1
vn 0 0 -1
vn 0 0 -1
vn 0 0 1
vn 0 0 1
vn 0 0 1
vn 0 0 1
vn 0 0 1
vn 0 0 1
vn 0 0 1
vn 0 0 1
vn 0 0 1
vn 0 0 1
vn 0 0 1
vn 0 0 1
vn 0 0 -1
vn 0 0 -1
vn 0 0 -1
vn 0 0 -1
vn 0 0 -1
vn 0 0 -1
vn -0.09801275497671272 -0.9951851585819956 5.784888428363498e-8
vn -0.09801275497671272 -0.9951851585819956 5.784888428363498e-8
vn -0.09801275497671272 -0.9951851585819956 5.784888428363498e-8
vn -0.09801275497671272 -0.9951851585819956 5.784888428363498e-8
vn -0.09801275497671272 -0.9951851585819956 5.784888428363498e-8
vn -0.09801275497671272 -0.9951851585819956 5.784888428363498e-8
vn 0.0980123728334824 -0.995185196218046 0
vn 0.0980123728334824 -0.995185196218046 0
vn 0.0980123728334824 -0.995185196218046 0
vn 0.0980123728334824 -0.995185196218046 0
vn 0.0980123728334824 -0.995185196218046 0
vn 0.0980123728334824 -0.995185196218046 0
vn -0.0980200783043012 -0.9951844373025629 0
vn -0.0980200783043012 -0.9951844373025629 0
vn -0.0980200783043012 -0.9951844373025629 0
vn -0.0980200783043012 -0.9951844373025629 0
vn -0.0980200783043012 -0.9951844373025629 0
vn -0.0980200783043012 -0.9951844373025629 0
vn 0.29028651744519357 -0.9569397775145212 0
vn 0.29028651744519357 -0.9569397775145212 0
vn 0.29028651744519357 -0.9569397775145212 0
vn 0.29028651744519357 -0.9569397775145212 0
vn 0.29028651744519357 -0.9569397775145212 0
vn 0.29028651744519357 -0.9569397775145212 0
vn 0 0 -1
vn 0 0 -1
vn 0 0 -1
vn 0 0 -1
vn 0 0 -1
vn 0 0 -1
vn 0 0 -1
vn 0 0 -1
vn 0 0 -1
vn 0 0 -1
vn 0 0 -1
vn 0 0 -1
vn 0.6343912949054039 0.7730120859005019 0
vn 0.6343912949054039 0.7730120859005019 0
vn 0.6343912949054039 0.7730120859005019 0
vn 0.6343912949054039 0.7730120859005019 0
vn 0.6343912949054039 0.7730120859005019 0
vn 0.6343912949054039 0.7730120859005019 0
vn -0.47138633707689886 -0.8819268230512236 0
vn -0.47138633707689886 -0.8819268230512236 0
vn -0.47138633707689886 -0.8819268230512236 0
vn -0.47138311502277275 -0.8819285452184422 5.564375442943592e-7
vn -0.47138311502277275 -0.8819285452184422 5.564375442943592e-7
vn -0.47138311502277275 -0.8819285452184422 5.564375442943592e-7
vn 0 0 1
vn 0 0 1
vn 0 0 1
vn 0 0 1
vn 0 0 1
vn 0 0 1
vn 0 0 1
vn 0 0 1
vn 0 0 1
vn 0 0 1
vn 0 0 1
vn 0 0 1
vn -0.7730152571832554 0.6343874306457723 7.488536618966281e-7
vn -0.7730152571832554 0.6343874306457723 7.488536618966281e-7
vn -0.7730152571832554 0.6343874306457723 7.488536618966281e-7
vn -0.7730120859005019 0.6343912949054039 0
vn -0.7730120859005019 0.6343912949054039 0
vn -0.7730120859005019 0.6343912949054039 0
vn 0.6343912949051398 -0.77301208590018 -9.124911271628249e-7
vn 0.6343912949051398 -0.77301208590018 -9.124911271628249e-7
vn 0.6343912949051398 -0.77301208590018 -9.124911271628249e-7
vn 0.6343912949051398 -0.77301208590018 -9.124911271628249e-7
vn 0.6343912949051398 -0.77301208590018 -9.124911271628249e-7
vn 0.6343912949051398 -0.77301208590018 -9.124911271628249e-7
vn 0.4713984490986593 -0.8819203491173686 2.7822781950668203e-7
vn 0.4713984490986593 -0.8819203491173686 2.7822781950668203e-7
vn 0.4713984490986593 -0.8819203491173686 2.7822781950668203e-7
vn 0.47139682569430763 -0.8819212168472481 0
vn 0.47139682569430763 -0.8819212168472481 0
vn 0.47139682569430763 -0.8819212168472481 0
vn -0.4713831150228457 -0.8819285452185788 0
vn -0.4713831150228457 -0.8819285452185788 0
vn -0.4713831150228457 -0.8819285452185788 0
vn -0.4713831150228457 -0.8819285452185788 0
vn -0.4713831150228457 -0.8819285452185788 0
vn -0.4713831150228457 -0.8819285452185788 0
vn 0.47138918344623104 0.8819253016723672 0
vn 0.47138918344623104 0.8819253016723672 0
vn 0.47138918344623104 0.8819253016723672 0
vn 0.4713924054885317 0.8819235794826139 -5.564484841336704e-7
vn 0.4713924054885317 0.8819235794826139 -5.564484841336704e-7
vn 0.4713924054885317 0.8819235794826139 -5.564484841336704e-7
vn 0.8819235794822724 0.47139240548834915 -0.0000010410541608982664
vn 0.8819235794822724 0.47139240548834915 -0.0000010410541608982664
vn 0.8819235794822724 0.47139240548834915 -0.0000010410541608982664
vn 0.8819186145038174 0.47140169430259526 5.564594436869502e-7
vn 0.8819186145038174 0.47140169430259526 5.564594436869502e-7
vn 0.8819186145038174 0.47140169430259526 5.564594436869502e-7
vn -0.7730114420463674 -0.6343920794472417 0
vn -0.7730114420463674 -0.6343920794472417 0
vn -0.7730114420463674 -0.6343920794472417 0
vn -0.7730114420463674 -0.6343920794472417 0
vn -0.7730114420463674 -0.6343920794472417 0
vn -0.7730114420463674 -0.6343920794472417 0
vn -0.29029363604994524 -0.9569376180655151 0
vn -0.29029363604994524 -0.9569376180655151 0
vn -0.29029363604994524 -0.9569376180655151 0
vn -0.2902957831270027 -0.9569369667321683 3.426755524209199e-7
vn -0.2902957831270027 -0.9569369667321683 3.426755524209199e-7
vn -0.2902957831270027 -0.9569369667321683 3.426755524209199e-7
vn 0.7730089438271543 -0.6343951235318446 -0.0000014977252954900791
vn 0.7730089438271543 -0.6343951235318446 -0.0000014977252954900791
vn 0.7730089438271543 -0.6343951235318446 -0.0000014977252954900791
vn 0.7730089438271543 -0.6343951235318446 -0.0000014977252954900791
vn 0.7730089438271543 -0.6343951235318446 -0.0000014977252954900791
vn 0.7730089438271543 -0.6343951235318446 -0.0000014977252954900791
vn 0.0980200783043012 0.9951844373025629 0
vn 0.0980200783043012 0.9951844373025629 0
vn 0.0980200783043012 0.9951844373025629 0
vn 0.0980200783043012 0.9951844373025629 0
vn 0.0980200783043012 0.9951844373025629 0
vn 0.0980200783043012 0.9951844373025629 0
vn -0.9569397775145212 0.29028651744519357 0
vn -0.9569397775145212 0.29028651744519357 0
vn -0.9569397775145212 0.29028651744519357 0
vn -0.9569397775145212 0.29028651744519357 0
vn -0.9569397775145212 0.29028651744519357 0
vn -0.9569397775145212 0.29028651744519357 0
vn 0.8819238059187743 -0.4713919818513508 0
vn 0.8819238059187743 -0.4713919818513508 0
vn 0.8819238059187743 -0.4713919818513508 0
vn 0.8819238059187743 -0.4713919818513508 0
vn 0.8819238059187743 -0.4713919818513508 0
vn 0.8819238059187743 -0.4713919818513508 0
vn 0.4713984490986775 -0.8819203491174027 0
vn 0.4713984490986775 -0.8819203491174027 0
vn 0.4713984490986775 -0.8819203491174027 0
vn 0.4714045158657814 -0.8819171063202395 -0.000001041046501549243
vn 0.4714045158657814 -0.8819171063202395 -0.000001041046501549243
vn 0.4714045158657814 -0.8819171063202395 -0.000001041046501549243
vn 0.7730152571832554 0.6343874306457723 7.488536618966281e-7
vn 0.7730152571832554 0.6343874306457723 7.488536618966281e-7
vn 0.7730152571832554 0.6343874306457723 7.488536618966281e-7
vn 0.7730120859005019 0.6343912949054039 0
vn 0.7730120859005019 0.6343912949054039 0
vn 0.7730120859005019 0.6343912949054039 0
vn -0.4713984490986593 -0.8819203491173686 2.7822781950668203e-7
vn -0.4713984490986593 -0.8819203491173686 2.7822781950668203e-7
vn -0.4713984490986593 -0.8819203491173686 2.7822781950668203e-7
vn -0.4713984490986593 -0.8819203491173686 2.7822781950668203e-7
vn -0.4713984490986593 -0.8819203491173686 2.7822781950668203e-7
vn -0.4713984490986593 -0.8819203491173686 2.7822781950668203e-7
vn 0.6344005568301591 -0.7730044847809617 -0.000001450529817559339
vn 0.6344005568301591 -0.7730044847809617 -0.000001450529817559339
vn 0.6344005568301591 -0.7730044847809617 -0.000001450529817559339
vn 0.6343932238357433 -0.7730105028725628 0
vn 0.6343932238357433 -0.7730105028725628 0
vn 0.6343932238357433 -0.7730105028725628 0
vn 0.29028651744519357 -0.9569397775145212 0
vn 0.29028651744519357 -0.9569397775145212 0
vn 0.29028651744519357 -0.9569397775145212 0
vn 0.29028651744519357 -0.9569397775145212 0
vn 0.29028651744519357 -0.9569397775145212 0
vn 0.29028651744519357 -0.9569397775145212 0
vn -0.2903029017106592 -0.9569348072143532 0
vn -0.2903029017106592 -0.9569348072143532 0
vn -0.2903029017106592 -0.9569348072143532 0
vn -0.2903029017106592 -0.9569348072143532 0
vn -0.2903029017106592 -0.9569348072143532 0
vn -0.2903029017106592 -0.9569348072143532 0
vn 0.9951851962180394 0.09801237283348174 1.156973183713312e-7
vn 0.9951851962180394 0.09801237283348174 1.156973183713312e-7
vn 0.9951851962180394 0.09801237283348174 1.156973183713312e-7
vn 0.9951852709171195 0.09801161436084849 0
vn 0.9951852709171195 0.09801161436084849 0
vn 0.9951852709171195 0.09801161436084849 0
vn -0.956939777514465 -0.2902865174451766 -3.426645849940321e-7
vn -0.956939777514465 -0.2902865174451766 -3.426645849940321e-7
vn -0.956939777514465 -0.2902865174451766 -3.426645849940321e-7
vn -0.9569391261972029 -0.29028866452711183 0
vn -0.9569391261972029 -0.29028866452711183 0
vn -0.9569391261972029 -0.29028866452711183 0
vn -0.6343959436875478 -0.7730082707402203 0
vn -0.6343959436875478 -0.7730082707402203 0
vn -0.6343959436875478 -0.7730082707402203 0
vn -0.6343959436875478 -0.7730082707402203 0
vn -0.6343959436875478 -0.7730082707402203 0
vn -0.6343959436875478 -0.7730082707402203 0
vn 0.6343920794472417 0.7730114420463674 0
vn 0.6343920794472417 0.7730114420463674 0
vn 0.6343920794472417 0.7730114420463674 0
vn 0.63439594368737 0.7730082707400034 -7.48863654035132e-7
vn 0.63439594368737 0.7730082707400034 -7.48863654035132e-7
vn 0.63439594368737 0.7730082707400034 -7.48863654035132e-7
vn -0.4713831150228457 0.8819285452185788 0
vn -0.4713831150228457 0.8819285452185788 0
vn -0.4713831150228457 0.8819285452185788 0
vn -0.4713831150228457 0.8819285452185788 0
vn -0.4713831150228457 0.8819285452185788 0
vn -0.4713831150228457 0.8819285452185788 0
vn 0.8819220713285535 -0.4713952270678131 -0.0000011129036530287872
vn 0.8819220713285535 -0.4713952270678131 -0.0000011129036530287872
vn 0.8819220713285535 -0.4713952270678131 -0.0000011129036530287872
vn 0.8819220713285535 -0.4713952270678131 -0.0000011129036530287872
vn 0.8819220713285535 -0.4713952270678131 -0.0000011129036530287872
vn 0.8819220713285535 -0.4713952270678131 -0.0000011129036530287872
vn -0.29028651744518935 -0.9569397775145071 1.713322924970236e-7
vn -0.29028651744518935 -0.9569397775145071 1.713322924970236e-7
vn -0.29028651744518935 -0.9569397775145071 1.713322924970236e-7
vn -0.29028651744518935 -0.9569397775145071 1.713322924970236e-7
vn -0.29028651744518935 -0.9569397775145071 1.713322924970236e-7
vn -0.29028651744518935 -0.9569397775145071 1.713322924970236e-7
vn 0.9569391261969781 -0.2902886645270436 -6.85334288999495e-7
vn 0.9569391261969781 -0.2902886645270436 -6.85334288999495e-7
vn 0.9569391261969781 -0.2902886645270436 -6.85334288999495e-7
vn 0.9569391261969781 -0.2902886645270436 -6.85334288999495e-7
vn 0.9569391261969781 -0.2902886645270436 -6.85334288999495e-7
vn 0.9569391261969781 -0.2902886645270436 -6.85334288999495e-7
vn 0.6343912949054039 -0.7730120859005019 0
vn 0.6343912949054039 -0.7730120859005019 0
vn 0.6343912949054039 -0.7730120859005019 0
vn 0.63440055682977 -0.7730044847804877 -0.0000018249643585585536
vn 0.63440055682977 -0.7730044847804877 -0.0000018249643585585536
vn 0.63440055682977 -0.7730044847804877 -0.0000018249643585585536
vn -0.2902772078879211 0.9569426015079446 0
vn -0.2902772078879211 0.9569426015079446 0
vn -0.2902772078879211 0.9569426015079446 0
vn -0.29027938226714844 0.9569419419329918 3.4265615750351403e-7
vn -0.29027938226714844 0.9569419419329918 3.4265615750351403e-7
vn -0.29027938226714844 0.9569419419329918 3.4265615750351403e-7
vn -0.7730120859005019 0.6343912949054039 0
vn -0.7730120859005019 0.6343912949054039 0
vn -0.7730120859005019 0.6343912949054039 0
vn -0.7730120859005019 0.6343912949054039 0
vn -0.7730120859005019 0.6343912949054039 0
vn -0.7730120859005019 0.6343912949054039 0
vn 0.2902793822671655 0.9569419419330479 0
vn 0.2902793822671655 0.9569419419330479 0
vn 0.2902793822671655 0.9569419419330479 0
vn 0.2902793822671655 0.9569419419330479 0
vn 0.2902793822671655 0.9569419419330479 0
vn 0.2902793822671655 0.9569419419330479 0
vn 0.8819218705261771 0.47139560274497616 5.56452267388049e-7
vn 0.8819218705261771 0.47139560274497616 5.56452267388049e-7
vn 0.8819218705261771 0.47139560274497616 5.56452267388049e-7
vn 0.8819218705261771 0.47139560274497616 5.56452267388049e-7
vn 0.8819218705261771 0.47139560274497616 5.56452267388049e-7
vn 0.8819218705261771 0.47139560274497616 5.56452267388049e-7
vn 0.0980123728334824 0.995185196218046 0
vn 0.0980123728334824 0.995185196218046 0
vn 0.0980123728334824 0.995185196218046 0
vn 0.0980123728334824 0.995185196218046 0
vn 0.0980123728334824 0.995185196218046 0
vn 0.0980123728334824 0.995185196218046 0
vn -0.9951851215183967 -0.09801313130603635 0
vn -0.9951851215183967 -0.09801313130603635 0
vn -0.9951851215183967 -0.09801313130603635 0
vn -0.9951851962180394 -0.09801237283348174 -1.156973183713312e-7
vn -0.9951851962180394 -0.09801237283348174 -1.156973183713312e-7
vn -0.9951851962180394 -0.09801237283348174 -1.156973183713312e-7
vn -0.8819186145038174 0.47140169430259526 5.564594436869502e-7
vn -0.8819186145038174 0.47140169430259526 5.564594436869502e-7
vn -0.8819186145038174 0.47140169430259526 5.564594436869502e-7
vn -0.8819203491174027 0.4713984490986775 0
vn -0.8819203491174027 0.4713984490986775 0
vn -0.8819203491174027 0.4713984490986775 0
vn 0.99518512151839 -0.0980131313060357 -1.1569820479483611e-7
vn 0.99518512151839 -0.0980131313060357 -1.1569820479483611e-7
vn 0.99518512151839 -0.0980131313060357 -1.1569820479483611e-7
vn 0.995185196218046 -0.0980123728334824 0
vn 0.995185196218046 -0.0980123728334824 0
vn 0.995185196218046 -0.0980123728334824 0
vn 0.7730120859002851 -0.634391294905226 -7.48858140672244e-7
vn 0.7730120859002851 -0.634391294905226 -7.48858140672244e-7
vn 0.7730120859002851 -0.634391294905226 -7.48858140672244e-7
vn 0.7730089438280213 -0.634395123532556 0
vn 0.7730089438280213 -0.634395123532556 0
vn 0.7730089438280213 -0.634395123532556 0
vn 0.9569391261972029 0.29028866452711183 0
vn 0.9569391261972029 0.29028866452711183 0
vn 0.9569391261972029 0.29028866452711183 0
vn 0.9569369667316139 0.2902957831268346 -0.000001129602664732273
vn 0.9569369667316139 0.2902957831268346 -0.000001129602664732273
vn 0.9569369667316139 0.2902957831268346 -0.000001129602664732273
vn 0.29028651744518935 -0.9569397775145071 1.713322924970236e-7
vn 0.29028651744518935 -0.9569397775145071 1.713322924970236e-7
vn 0.29028651744518935 -0.9569397775145071 1.713322924970236e-7
vn 0.2902875827076159 -0.9569394543678137 0
vn 0.2902875827076159 -0.9569394543678137 0
vn 0.2902875827076159 -0.9569394543678137 0
vn 0.4713984490986775 -0.8819203491174027 0
vn 0.4713984490986775 -0.8819203491174027 0
vn 0.4713984490986775 -0.8819203491174027 0
vn 0.4713984490986775 -0.8819203491174027 0
vn 0.4713984490986775 -0.8819203491174027 0
vn 0.4713984490986775 -0.8819203491174027 0
vn -0.7730152571832554 -0.6343874306457723 -7.488536618966281e-7
vn -0.7730152571832554 -0.6343874306457723 -7.488536618966281e-7
vn -0.7730152571832554 -0.6343874306457723 -7.488536618966281e-7
vn -0.7730120859005019 -0.6343912949054039 0
vn -0.7730120859005019 -0.6343912949054039 0
vn -0.7730120859005019 -0.6343912949054039 0
vn -0.09801313130603635 0.9951851215183967 0
vn -0.09801313130603635 0.9951851215183967 0
vn -0.09801313130603635 0.9951851215183967 0
vn -0.09801313130603635 0.9951851215183967 0
vn -0.09801313130603635 0.9951851215183967 0
vn -0.09801313130603635 0.9951851215183967 0
vn -0.8819235794827504 -0.4713924054886046 0
vn -0.8819235794827504 -0.4713924054886046 0
vn -0.8819235794827504 -0.4713924054886046 0
vn -0.8819235794827504 -0.4713924054886046 0
vn -0.8819235794827504 -0.4713924054886046 0
vn -0.8819235794827504 -0.4713924054886046 0
vn 0.634387430645686 -0.7730152571831503 -9.124948364298043e-7
vn 0.634387430645686 -0.7730152571831503 -9.124948364298043e-7
vn 0.634387430645686 -0.7730152571831503 -9.124948364298043e-7
vn 0.6343920794472417 -0.7730114420463674 0
vn 0.6343920794472417 -0.7730114420463674 0
vn 0.6343920794472417 -0.7730114420463674 0
vn -0.7730120859004914 0.6343912949053954 -1.636329722798941e-7
vn -0.7730120859004914 0.6343912949053954 -1.636329722798941e-7
vn -0.7730120859004914 0.6343912949053954 -1.636329722798941e-7
vn -0.7730114420463674 0.6343920794472417 0
vn -0.7730114420463674 0.6343920794472417 0
vn -0.7730114420463674 0.6343920794472417 0
vn -0.995185196218046 0.0980123728334824 0
vn -0.995185196218046 0.0980123728334824 0
vn -0.995185196218046 0.0980123728334824 0
vn -0.995185196218046 0.0980123728334824 0
vn -0.995185196218046 0.0980123728334824 0
vn -0.995185196218046 0.0980123728334824 0
vn -0.6343959436875478 0.7730082707402203 0
vn -0.6343959436875478 0.7730082707402203 0
vn -0.6343959436875478 0.7730082707402203 0
vn -0.6343959436875478 0.7730082707402203 0
vn -0.6343959436875478 0.7730082707402203 0
vn -0.6343959436875478 0.7730082707402203 0
vn 0.7730089438271543 -0.6343951235318446 -0.0000014977252954900791
vn 0.7730089438271543 -0.6343951235318446 -0.0000014977252954900791
vn 0.7730089438271543 -0.6343951235318446 -0.0000014977252954900791
vn 0.7730070894576333 -0.6343973830708588 -0.0000010414882963203576
vn 0.7730070894576333 -0.6343973830708588 -0.0000010414882963203576
vn 0.7730070894576333 -0.6343973830708588 -0.0000010414882963203576
vn -0.773013349618414 -0.6343897550494646 0
vn -0.773013349618414 -0.6343897550494646 0
vn -0.773013349618414 -0.6343897550494646 0
vn -0.773013349618414 -0.6343897550494646 0
vn -0.773013349618414 -0.6343897550494646 0
vn -0.773013349618414 -0.6343897550494646 0
vn 0.995185196218046 0.0980123728334824 0
vn 0.995185196218046 0.0980123728334824 0
vn 0.995185196218046 0.0980123728334824 0
vn 0.995185196218046 0.0980123728334824 0
vn 0.995185196218046 0.0980123728334824 0
vn 0.995185196218046 0.0980123728334824 0
vn 0.8819220713285535 -0.4713952270678131 -0.0000011129036530287872
vn 0.8819220713285535 -0.4713952270678131 -0.0000011129036530287872
vn 0.8819220713285535 -0.4713952270678131 -0.0000011129036530287872
vn 0.8819220713285535 -0.4713952270678131 -0.0000011129036530287872
vn 0.8819220713285535 -0.4713952270678131 -0.0000011129036530287872
vn 0.8819220713285535 -0.4713952270678131 -0.0000011129036530287872
vn -0.09802159524796285 0.9951842878909636 0
vn -0.09802159524796285 0.9951842878909636 0
vn -0.09802159524796285 0.9951842878909636 0
vn -0.09802083677617136 0.9951843625970447 1.1570730870032742e-7
vn -0.09802083677617136 0.9951843625970447 1.1570730870032742e-7
vn -0.09802083677617136 0.9951843625970447 1.1570730870032742e-7
vn -0.9569404371056497 -0.2902843430708034 0
vn -0.9569404371056497 -0.2902843430708034 0
vn -0.9569404371056497 -0.2902843430708034 0
vn -0.9569404371056497 -0.2902843430708034 0
vn -0.9569404371056497 -0.2902843430708034 0
vn -0.9569404371056497 -0.2902843430708034 0
vn -0.6343959436875478 0.7730082707402203 0
vn -0.6343959436875478 0.7730082707402203 0
vn -0.6343959436875478 0.7730082707402203 0
vn -0.6343959436875478 0.7730082707402203 0
vn -0.6343959436875478 0.7730082707402203 0
vn -0.6343959436875478 0.7730082707402203 0
vn 0.7730120859005019 0.6343912949054039 0
vn 0.7730120859005019 0.6343912949054039 0
vn 0.7730120859005019 0.6343912949054039 0
vn 0.7730152571832554 0.6343874306457723 7.488536618966281e-7
vn 0.7730152571832554 0.6343874306457723 7.488536618966281e-7
vn 0.7730152571832554 0.6343874306457723 7.488536618966281e-7
vn 0.9569391261971465 0.29028866452709473 3.426671444998078e-7
vn 0.9569391261971465 0.29028866452709473 3.426671444998078e-7
vn 0.9569391261971465 0.29028866452709473 3.426671444998078e-7
vn 0.9569391261971465 0.29028866452709473 3.426671444998078e-7
vn 0.9569391261971465 0.29028866452709473 3.426671444998078e-7
vn 0.9569391261971465 0.29028866452709473 3.426671444998078e-7
vn -0.6343912949054039 0.7730120859005019 0
vn -0.6343912949054039 0.7730120859005019 0
vn -0.6343912949054039 0.7730120859005019 0
vn -0.6343912949054039 0.7730120859005019 0
vn -0.6343912949054039 0.7730120859005019 0
vn -0.6343912949054039 0.7730120859005019 0
vn -0.2903007546384287 0.9569354585636163 0
vn -0.2903007546384287 0.9569354585636163 0
vn -0.2903007546384287 0.9569354585636163 0
vn -0.2903007546384287 0.9569354585636163 0
vn -0.2903007546384287 0.9569354585636163 0
vn -0.2903007546384287 0.9569354585636163 0
vn -0.995185196218046 0.0980123728334824 0
vn -0.995185196218046 0.0980123728334824 0
vn -0.995185196218046 0.0980123728334824 0
vn -0.99518512151839 0.0980131313060357 1.1569820479483611e-7
vn -0.99518512151839 0.0980131313060357 1.1569820479483611e-7
vn -0.99518512151839 0.0980131313060357 1.1569820479483611e-7
vn 0.0980123728334824 -0.995185196218046 0
vn 0.0980123728334824 -0.995185196218046 0
vn 0.0980123728334824 -0.995185196218046 0
vn 0.0980123728334824 -0.995185196218046 0
vn 0.0980123728334824 -0.995185196218046 0
vn 0.0980123728334824 -0.995185196218046 0
vn 0.9569391261972029 -0.29028866452711183 0
vn 0.9569391261972029 -0.29028866452711183 0
vn 0.9569391261972029 -0.29028866452711183 0
vn 0.9569391261972029 -0.29028866452711183 0
vn 0.9569391261972029 -0.29028866452711183 0
vn 0.9569391261972029 -0.29028866452711183 0
vn -0.6343922739858385 -0.7730112823930428 3.7442965376556035e-7
vn -0.6343922739858385 -0.7730112823930428 3.7442965376556035e-7
vn -0.6343922739858385 -0.7730112823930428 3.7442965376556035e-7
vn -0.634390345053619 -0.7730128654186488 0
vn -0.634390345053619 -0.7730128654186488 0
vn -0.634390345053619 -0.7730128654186488 0
vn 0.09801237283348221 -0.9951851962180442 -5.784865918566589e-8
vn 0.09801237283348221 -0.9951851962180442 -5.784865918566589e-8
vn 0.09801237283348221 -0.9951851962180442 -5.784865918566589e-8
vn 0.09801199069025432 -0.9951852338539461 0
vn 0.09801199069025432 -0.9951852338539461 0
vn 0.09801199069025432 -0.9951852338539461 0
vn -0.6343912949051398 -0.77301208590018 -9.124911271628249e-7
vn -0.6343912949051398 -0.77301208590018 -9.124911271628249e-7
vn -0.6343912949051398 -0.77301208590018 -9.124911271628249e-7
vn -0.6343959436875478 -0.7730082707402203 0
vn -0.6343959436875478 -0.7730082707402203 0
vn -0.6343959436875478 -0.7730082707402203 0
vn 0.2902936360499282 0.9569376180654591 -3.426729929208622e-7
vn 0.2902936360499282 0.9569376180654591 -3.426729929208622e-7
vn 0.2902936360499282 0.9569376180654591 -3.426729929208622e-7
vn 0.29029578312701976 0.9569369667322244 0
vn 0.29029578312701976 0.9569369667322244 0
vn 0.29029578312701976 0.9569369667322244 0
vn 0.7730120859004914 -0.6343912949053954 1.636329722798941e-7
vn 0.7730120859004914 -0.6343912949053954 1.636329722798941e-7
vn 0.7730120859004914 -0.6343912949053954 1.636329722798941e-7
vn 0.773012812201056 -0.6343904098999407 0
vn 0.773012812201056 -0.6343904098999407 0
vn 0.773012812201056 -0.6343904098999407 0
vn 0.471389183446158 0.8819253016722305 -5.564446716210924e-7
vn 0.471389183446158 0.8819253016722305 -5.564446716210924e-7
vn 0.471389183446158 0.8819253016722305 -5.564446716210924e-7
vn 0.4713924054886046 0.8819235794827504 0
vn 0.4713924054886046 0.8819235794827504 0
vn 0.4713924054886046 0.8819235794827504 0
vn -0.9569391261971465 0.29028866452709473 3.426671444998078e-7
vn -0.9569391261971465 0.29028866452709473 3.426671444998078e-7
vn -0.9569391261971465 0.29028866452709473 3.426671444998078e-7
vn -0.9569397775145212 0.29028651744519357 0
vn -0.9569397775145212 0.29028651744519357 0
vn -0.9569397775145212 0.29028651744519357 0
vn -0.99518512151839 -0.0980131313060357 -1.1569820479483611e-7
vn -0.99518512151839 -0.0980131313060357 -1.1569820479483611e-7
vn -0.99518512151839 -0.0980131313060357 -1.1569820479483611e-7
vn -0.995185196218046 -0.0980123728334824 0
vn -0.995185196218046 -0.0980123728334824 0
vn -0.995185196218046 -0.0980123728334824 0
vn -0.8819186145038506 0.4714016943026129 -4.8458884133577e-7
vn -0.8819186145038506 0.4714016943026129 -4.8458884133577e-7
vn -0.8819186145038506 0.4714016943026129 -4.8458884133577e-7
vn -0.8819218705261771 0.47139560274497616 5.56452267388049e-7
vn -0.8819218705261771 0.47139560274497616 5.56452267388049e-7
vn -0.8819218705261771 0.47139560274497616 5.56452267388049e-7
vn 0.9951852709170927 -0.09801161436084586 -2.313928354737499e-7
vn 0.9951852709170927 -0.09801161436084586 -2.313928354737499e-7
vn 0.9951852709170927 -0.09801161436084586 -2.313928354737499e-7
vn 0.9951851215183967 -0.09801313130603635 0
vn 0.9951851215183967 -0.09801313130603635 0
vn 0.9951851215183967 -0.09801313130603635 0
vn 0.9569391261972029 0.29028866452711183 0
vn 0.9569391261972029 0.29028866452711183 0
vn 0.9569391261972029 0.29028866452711183 0
vn 0.956939777514465 0.2902865174451766 3.426645849940321e-7
vn 0.956939777514465 0.2902865174451766 3.426645849940321e-7
vn 0.956939777514465 0.2902865174451766 3.426645849940321e-7
vn -0.7730152571834722 -0.6343874306459502 0
vn -0.7730152571834722 -0.6343874306459502 0
vn -0.7730152571834722 -0.6343874306459502 0
vn -0.7730152571834722 -0.6343874306459502 0
vn -0.7730152571834722 -0.6343874306459502 0
vn -0.7730152571834722 -0.6343874306459502 0
vn -0.47139522706810505 0.8819220713290997 0
vn -0.47139522706810505 0.8819220713290997 0
vn -0.47139522706810505 0.8819220713290997 0
vn -0.47139522706810505 0.8819220713290997 0
vn -0.47139522706810505 0.8819220713290997 0
vn -0.47139522706810505 0.8819220713290997 0
vn 0.8819238059186706 -0.4713919818512954 4.846064659886296e-7
vn 0.8819238059186706 -0.4713919818512954 4.846064659886296e-7
vn 0.8819238059186706 -0.4713919818512954 4.846064659886296e-7
vn 0.8819238059186706 -0.4713919818512954 4.846064659886296e-7
vn 0.8819238059186706 -0.4713919818512954 4.846064659886296e-7
vn 0.8819238059186706 -0.4713919818512954 4.846064659886296e-7
vn 0.9569412906317202 -0.2902815293537987 -3.426587170148745e-7
vn 0.9569412906317202 -0.2902815293537987 -3.426587170148745e-7
vn 0.9569412906317202 -0.2902815293537987 -3.426587170148745e-7
vn 0.9569391261969065 -0.2902886645270219 7.869380943561054e-7
vn 0.9569391261969065 -0.2902886645270219 7.869380943561054e-7
vn 0.9569391261969065 -0.2902886645270219 7.869380943561054e-7
vn 0.9951845125801607 0.09801931401807723 1.1570551478060579e-7
vn 0.9951845125801607 0.09801931401807723 1.1570551478060579e-7
vn 0.9951845125801607 0.09801931401807723 1.1570551478060579e-7
vn 0.9951844373025629 0.0980200783043012 0
vn 0.9951844373025629 0.0980200783043012 0
vn 0.9951844373025629 0.0980200783043012 0
vn -0.4713831150228457 0.8819285452185788 0
vn -0.4713831150228457 0.8819285452185788 0
vn -0.4713831150228457 0.8819285452185788 0
vn -0.4713831150228457 0.8819285452185788 0
vn -0.4713831150228457 0.8819285452185788 0
vn -0.4713831150228457 0.8819285452185788 0
vn -0.8819203491174027 -0.4713984490986775 0
vn -0.8819203491174027 -0.4713984490986775 0
vn -0.8819203491174027 -0.4713984490986775 0
vn -0.8819203491174027 -0.4713984490986775 0
vn -0.8819203491174027 -0.4713984490986775 0
vn -0.8819203491174027 -0.4713984490986775 0
vn 0.9569402150715697 -0.29028507501817613 -6.853258449387433e-7
vn 0.9569402150715697 -0.29028507501817613 -6.853258449387433e-7
vn 0.9569402150715697 -0.29028507501817613 -6.853258449387433e-7
vn 0.9569402150715697 -0.29028507501817613 -6.853258449387433e-7
vn 0.9569402150715697 -0.29028507501817613 -6.853258449387433e-7
vn 0.9569402150715697 -0.29028507501817613 -6.853258449387433e-7
vn -0.8819211664325761 0.471396920013418 -2.6026282116383416e-7
vn -0.8819211664325761 0.471396920013418 -2.6026282116383416e-7
vn -0.8819211664325761 0.471396920013418 -2.6026282116383416e-7
vn -0.8819211664325761 0.471396920013418 -2.6026282116383416e-7
vn -0.8819211664325761 0.471396920013418 -2.6026282116383416e-7
vn -0.8819211664325761 0.471396920013418 -2.6026282116383416e-7
vn -0.8819194442147386 -0.47140014204067293 0
vn -0.8819194442147386 -0.47140014204067293 0
vn -0.8819194442147386 -0.47140014204067293 0
vn -0.8819202358978103 -0.47139866091651433 2.6026254377542805e-7
vn -0.8819202358978103 -0.47139866091651433 2.6026254377542805e-7
vn -0.8819202358978103 -0.47139866091651433 2.6026254377542805e-7
vn -0.9569397775145212 -0.29028651744519357 0
vn -0.9569397775145212 -0.29028651744519357 0
vn -0.9569397775145212 -0.29028651744519357 0
vn -0.9569397775145212 -0.29028651744519357 0
vn -0.9569397775145212 -0.29028651744519357 0
vn -0.9569397775145212 -0.29028651744519357 0
vn 0.9951847417788373 -0.09801698694887304 -2.314055274654614e-7
vn 0.9951847417788373 -0.09801698694887304 -2.314055274654614e-7
vn 0.9951847417788373 -0.09801698694887304 -2.314055274654614e-7
vn 0.9951848917560816 -0.09801546419027991 0
vn 0.9951848917560816 -0.09801546419027991 0
vn 0.9951848917560816 -0.09801546419027991 0
vn -0.47139522706810505 -0.8819220713290997 0
vn -0.47139522706810505 -0.8819220713290997 0
vn -0.47139522706810505 -0.8819220713290997 0
vn -0.47139522706810505 -0.8819220713290997 0
vn -0.47139522706810505 -0.8819220713290997 0
vn -0.47139522706810505 -0.8819220713290997 0
vn -0.8819218705263135 -0.47139560274504916 0
vn -0.8819218705263135 -0.47139560274504916 0
vn -0.8819218705263135 -0.47139560274504916 0
vn -0.8819218705263135 -0.47139560274504916 0
vn -0.8819218705263135 -0.47139560274504916 0
vn -0.8819218705263135 -0.47139560274504916 0
vn -0.9951844373025629 0.0980200783043012 0
vn -0.9951844373025629 0.0980200783043012 0
vn -0.9951844373025629 0.0980200783043012 0
vn -0.9951843625970447 0.09802083677617136 1.1570730870032742e-7
vn -0.9951843625970447 0.09802083677617136 1.1570730870032742e-7
vn -0.9951843625970447 0.09802083677617136 1.1570730870032742e-7
vn -0.9569391261971465 0.29028866452709473 3.426671444998078e-7
vn -0.9569391261971465 0.29028866452709473 3.426671444998078e-7
vn -0.9569391261971465 0.29028866452709473 3.426671444998078e-7
vn -0.9569397775145212 0.29028651744519357 0
vn -0.9569397775145212 0.29028651744519357 0
vn -0.9569397775145212 0.29028651744519357 0
vn 0.9951843625970447 -0.09802083677617136 -1.1570730870032742e-7
vn 0.9951843625970447 -0.09802083677617136 -1.1570730870032742e-7
vn 0.9951843625970447 -0.09802083677617136 -1.1570730870032742e-7
vn 0.9951844373025629 -0.0980200783043012 0
vn 0.9951844373025629 -0.0980200783043012 0
vn 0.9951844373025629 -0.0980200783043012 0
vn 0.99518481632732 0.0980162300415514 0
vn 0.99518481632732 0.0980162300415514 0
vn 0.99518481632732 0.0980162300415514 0
vn 0.99518481632732 0.0980162300415514 0
vn 0.99518481632732 0.0980162300415514 0
vn 0.99518481632732 0.0980162300415514 0
vn -0.6343959436875478 0.7730082707402203 0
vn -0.6343959436875478 0.7730082707402203 0
vn -0.6343959436875478 0.7730082707402203 0
vn -0.6343959436875478 0.7730082707402203 0
vn -0.6343959436875478 0.7730082707402203 0
vn -0.6343959436875478 0.7730082707402203 0
vn -0.9569409840477675 -0.29028254003589365 0
vn -0.9569409840477675 -0.29028254003589365 0
vn -0.9569409840477675 -0.29028254003589365 0
vn -0.9569415259639332 -0.2902807535572057 2.824019930541359e-7
vn -0.9569415259639332 -0.2902807535572057 2.824019930541359e-7
vn -0.9569415259639332 -0.2902807535572057 2.824019930541359e-7
vn 0 0 -1
vn 0 0 -1
vn 0 0 -1
vn 0 0 -1
vn 0 0 -1
vn 0 0 -1
vn 0.09802353122929423 -0.995184097202709 -4.106013482788075e-7
vn 0.09802353122929423 -0.995184097202709 -4.106013482788075e-7
vn 0.09802353122929423 -0.995184097202709 -4.106013482788075e-7
vn 0.09797917216082419 -0.9951884654791103 1.1565812378872993e-7
vn 0.09797917216082419 -0.9951884654791103 1.1565812378872993e-7
vn 0.09797917216082419 -0.9951884654791103 1.1565812378872993e-7
vn 0.4714016943024128 -0.8819186145034761 -0.0000010410483418657183
vn 0.4714016943024128 -0.8819186145034761 -0.0000010410483418657183
vn 0.4714016943024128 -0.8819186145034761 -0.0000010410483418657183
vn 0.4714016943024128 -0.8819186145034761 -0.0000010410483418657183
vn 0.4714016943024128 -0.8819186145034761 -0.0000010410483418657183
vn 0.4714016943024128 -0.8819186145034761 -0.0000010410483418657183
vn -0.29029363604994524 0.9569376180655151 0
vn -0.29029363604994524 0.9569376180655151 0
vn -0.29029363604994524 0.9569376180655151 0
vn -0.29029363604994524 0.9569376180655151 0
vn -0.29029363604994524 0.9569376180655151 0
vn -0.29029363604994524 0.9569376180655151 0
vn 0.7730102075533222 0.6343935836827237 7.488609540953159e-7
vn 0.7730102075533222 0.6343935836827237 7.488609540953159e-7
vn 0.7730102075533222 0.6343935836827237 7.488609540953159e-7
vn 0.7730120859004688 0.6343912949053767 2.926125770908391e-7
vn 0.7730120859004688 0.6343912949053767 2.926125770908391e-7
vn 0.7730120859004688 0.6343912949053767 2.926125770908391e-7
vn 0.6343912949054039 0.7730120859005019 0
vn 0.6343912949054039 0.7730120859005019 0
vn 0.6343912949054039 0.7730120859005019 0
vn 0.6343959436872837 0.7730082707398984 9.12486635986174e-7
vn 0.6343959436872837 0.7730082707398984 9.12486635986174e-7
vn 0.6343959436872837 0.7730082707398984 9.12486635986174e-7
vn -0.9951847417788638 -0.09801698694887565 0
vn -0.9951847417788638 -0.09801698694887565 0
vn -0.9951847417788638 -0.09801698694887565 0
vn -0.9951847417788638 -0.09801698694887565 0
vn -0.9951847417788638 -0.09801698694887565 0
vn -0.9951847417788638 -0.09801698694887565 0
vn -0.6343912949054039 -0.7730120859005019 0
vn -0.6343912949054039 -0.7730120859005019 0
vn -0.6343912949054039 -0.7730120859005019 0
vn -0.6343912949054039 -0.7730120859005019 0
vn -0.6343912949054039 -0.7730120859005019 0
vn -0.6343912949054039 -0.7730120859005019 0
vn -0.9951843625970513 -0.09802083677617202 0
vn -0.9951843625970513 -0.09802083677617202 0
vn -0.9951843625970513 -0.09802083677617202 0
vn -0.9951843625970513 -0.09802083677617202 0
vn -0.9951843625970513 -0.09802083677617202 0
vn -0.9951843625970513 -0.09802083677617202 0
vn 0.8819203491174021 0.4713984490986772 3.5930448416344846e-8
vn 0.8819203491174021 0.4713984490986772 3.5930448416344846e-8
vn 0.8819203491174021 0.4713984490986772 3.5930448416344846e-8
vn 0.8819203491174021 0.4713984490986772 3.5930448416344846e-8
vn 0.8819203491174021 0.4713984490986772 3.5930448416344846e-8
vn 0.8819203491174021 0.4713984490986772 3.5930448416344846e-8
vn -0.2902782897106419 0.9569422733491632 0
vn -0.2902782897106419 0.9569422733491632 0
vn -0.2902782897106419 0.9569422733491632 0
vn -0.2902782897106419 0.9569422733491632 0
vn -0.2902782897106419 0.9569422733491632 0
vn -0.2902782897106419 0.9569422733491632 0
vn -0.773011146727865 0.6343924392948099 -2.2812251606413694e-7
vn -0.773011146727865 0.6343924392948099 -2.2812251606413694e-7
vn -0.773011146727865 0.6343924392948099 -2.2812251606413694e-7
vn -0.773010207553539 0.6343935836829016 0
vn -0.773010207553539 0.6343935836829016 0
vn -0.773010207553539 0.6343935836829016 0
vn -0.0980123728334824 -0.995185196218046 0
vn -0.0980123728334824 -0.995185196218046 0
vn -0.0980123728334824 -0.995185196218046 0
vn -0.0980123728334824 -0.995185196218046 0
vn -0.0980123728334824 -0.995185196218046 0
vn -0.0980123728334824 -0.995185196218046 0
vn 0.7730082707402097 0.6343959436875393 -1.636229819512096e-7
vn 0.7730082707402097 0.6343959436875393 -1.636229819512096e-7
vn 0.7730082707402097 0.6343959436875393 -1.636229819512096e-7
vn 0.7730120859002851 0.634391294905226 7.48858140672244e-7
vn 0.7730120859002851 0.634391294905226 7.48858140672244e-7
vn 0.7730120859002851 0.634391294905226 7.48858140672244e-7
vn 0.4713984490986775 0.8819203491174027 0
vn 0.4713984490986775 0.8819203491174027 0
vn 0.4713984490986775 0.8819203491174027 0
vn 0.4713984490986775 0.8819203491174027 0
vn 0.4713984490986775 0.8819203491174027 0
vn 0.4713984490986775 0.8819203491174027 0
vn 0.29027720788773587 -0.9569426015073339 -0.0000011296092259114757
vn 0.29027720788773587 -0.9569426015073339 -0.0000011296092259114757
vn 0.29027720788773587 -0.9569426015073339 -0.0000011296092259114757
vn 0.2902865174451766 -0.956939777514465 3.426645849940321e-7
vn 0.2902865174451766 -0.956939777514465 3.426645849940321e-7
vn 0.2902865174451766 -0.956939777514465 3.426645849940321e-7
vn 0.09801237283348174 0.9951851962180394 -1.156973183713312e-7
vn 0.09801237283348174 0.9951851962180394 -1.156973183713312e-7
vn 0.09801237283348174 0.9951851962180394 -1.156973183713312e-7
vn 0.09801313130603635 0.9951851215183967 0
vn 0.09801313130603635 0.9951851215183967 0
vn 0.09801313130603635 0.9951851215183967 0
vn -0.09801313130603635 0.9951851215183967 0
vn -0.09801313130603635 0.9951851215183967 0
vn -0.09801313130603635 0.9951851215183967 0
vn -0.09801313130603635 0.9951851215183967 0
vn -0.09801313130603635 0.9951851215183967 0
vn -0.09801313130603635 0.9951851215183967 0
vn 0.4713984490986593 0.8819203491173686 -2.7822781950668203e-7
vn 0.4713984490986593 0.8819203491173686 -2.7822781950668203e-7
vn 0.4713984490986593 0.8819203491173686 -2.7822781950668203e-7
vn 0.47139682569430763 0.8819212168472481 0
vn 0.47139682569430763 0.8819212168472481 0
vn 0.47139682569430763 0.8819212168472481 0
vn -0.99518481632732 0.0980162300415514 0
vn -0.99518481632732 0.0980162300415514 0
vn -0.99518481632732 0.0980162300415514 0
vn -0.9951847417788572 0.09801698694887499 1.1570276373273301e-7
vn -0.9951847417788572 0.09801698694887499 1.1570276373273301e-7
vn -0.9951847417788572 0.09801698694887499 1.1570276373273301e-7
vn -0.29028866452711183 -0.9569391261972029 0
vn -0.29028866452711183 -0.9569391261972029 0
vn -0.29028866452711183 -0.9569391261972029 0
vn -0.29028866452711183 -0.9569391261972029 0
vn -0.29028866452711183 -0.9569391261972029 0
vn -0.29028866452711183 -0.9569391261972029 0
vn -0.8819235794827504 0.4713924054886046 0
vn -0.8819235794827504 0.4713924054886046 0
vn -0.8819235794827504 0.4713924054886046 0
vn -0.8819235794827504 0.4713924054886046 0
vn -0.8819235794827504 0.4713924054886046 0
vn -0.8819235794827504 0.4713924054886046 0
vn -0.0980123728334824 -0.995185196218046 0
vn -0.0980123728334824 -0.995185196218046 0
vn -0.0980123728334824 -0.995185196218046 0
vn -0.0980123728334824 -0.995185196218046 0
vn -0.0980123728334824 -0.995185196218046 0
vn -0.0980123728334824 -0.995185196218046 0
vn 0.9569402150717708 0.2902850750182372 -2.2214031070553058e-7
vn 0.9569402150717708 0.2902850750182372 -2.2214031070553058e-7
vn 0.9569402150717708 0.2902850750182372 -2.2214031070553058e-7
vn 0.9569397775145212 0.29028651744519357 0
vn 0.9569397775145212 0.29028651744519357 0
vn 0.9569397775145212 0.29028651744519357 0
vn -0.4713984490986775 0.8819203491174027 0
vn -0.4713984490986775 0.8819203491174027 0
vn -0.4713984490986775 0.8819203491174027 0
vn -0.4713984490986775 0.8819203491174027 0
vn -0.4713984490986775 0.8819203491174027 0
vn -0.4713984490986775 0.8819203491174027 0
vn -0.9569391261971465 0.29028866452709473 3.426671444998078e-7
vn -0.9569391261971465 0.29028866452709473 3.426671444998078e-7
vn -0.9569391261971465 0.29028866452709473 3.426671444998078e-7
vn -0.9569403244607292 0.2902847144114109 -2.8240164921655635e-7
vn -0.9569403244607292 0.2902847144114109 -2.8240164921655635e-7
vn -0.9569403244607292 0.2902847144114109 -2.8240164921655635e-7
vn 0.6343959436872837 0.7730082707398984 9.12486635986174e-7
vn 0.6343959436872837 0.7730082707398984 9.12486635986174e-7
vn 0.6343959436872837 0.7730082707398984 9.12486635986174e-7
vn 0.6343912949054039 0.7730120859005019 0
vn 0.6343912949054039 0.7730120859005019 0
vn 0.6343912949054039 0.7730120859005019 0
vn 0.2902928602562023 0.9569378534073311 6.652180699983976e-7
vn 0.2902928602562023 0.9569378534073311 6.652180699983976e-7
vn 0.2902928602562023 0.9569378534073311 6.652180699983976e-7
vn 0.2902785245966443 0.9569422020988928 -3.426551421091263e-7
vn 0.2902785245966443 0.9569422020988928 -3.426551421091263e-7
vn 0.2902785245966443 0.9569422020988928 -3.426551421091263e-7
vn 0.09802083677617202 0.9951843625970513 0
vn 0.09802083677617202 0.9951843625970513 0
vn 0.09802083677617202 0.9951843625970513 0
vn 0.09802046201207192 0.9951843995094259 -5.78534327627375e-8
vn 0.09802046201207192 0.9951843995094259 -5.78534327627375e-8
vn 0.09802046201207192 0.9951843995094259 -5.78534327627375e-8
vn 0.2902793822671612 0.9569419419330338 -1.7132807875176453e-7
vn 0.2902793822671612 0.9569419419330338 -1.7132807875176453e-7
vn 0.2902793822671612 0.9569419419330338 -1.7132807875176453e-7
vn 0.2902793822671612 0.9569419419330338 -1.7132807875176453e-7
vn 0.2902793822671612 0.9569419419330338 -1.7132807875176453e-7
vn 0.2902793822671612 0.9569419419330338 -1.7132807875176453e-7
vn -0.09802083677617202 0.9951843625970513 0
vn -0.09802083677617202 0.9951843625970513 0
vn -0.09802083677617202 0.9951843625970513 0
vn -0.09802083677617202 0.9951843625970513 0
vn -0.09802083677617202 0.9951843625970513 0
vn -0.09802083677617202 0.9951843625970513 0
vn 0.8819235794826139 0.4713924054885317 5.564484841336704e-7
vn 0.8819235794826139 0.4713924054885317 5.564484841336704e-7
vn 0.8819235794826139 0.4713924054885317 5.564484841336704e-7
vn 0.8819203491172991 0.4713984490986221 -4.845947563914938e-7
vn 0.8819203491172991 0.4713984490986221 -4.845947563914938e-7
vn 0.8819203491172991 0.4713984490986221 -4.845947563914938e-7
f 1//1 2//2 3//3
f 4//4 5//5 6//6
f 7//7 8//8 9//9
f 10//10 11//11 12//12
f 13//13 14//14 15//15
f 16//16 17//17 18//18
f 19//19 20//20 21//21
f 22//22 23//23 24//24
f 25//25 26//26 27//27
f 28//28 29//29 30//30
f 31//31 32//32 33//33
f 34//34 35//35 36//36
f 37//37 38//38 39//39
f 40//40 41//41 42//42
f 43//43 44//44 45//45
f 46//46 47//47 48//48
f 49//49 50//50 51//51
f 52//52 53//53 54//54
f 55//55 56//56 57//57
f 58//58 59//59 60//60
f 61//61 62//62 63//63
f 64//64 65//65 66//66
f 67//67 68//68 69//69
f 70//70 71//71 72//72
f 73//73 74//74 75//75
f 76//76 77//77 78//78
f 79//79 80//80 81//81
f 82//82 83//83 84//84
f 85//85 86//86 87//87
f 88//88 89//89 90//90
f 91//91 92//92 93//93
f 94//94 95//95 96//96
f 97//97 98//98 99//99
f 100//100 101//101 102//102
f 103//103 104//104 105//105
f 106//106 107//107 108//108
f 109//109 110//110 111//111
f 112//112 113//113 114//114
f 115//115 116//116 117//117
f 118//118 119//119 120//120
f 121//121 122//122 123//123
f 124//124 125//125 126//126
f 127//127 128//128 129//129
f 130//130 131//131 132//132
f 133//133 134//134 135//135
f 136//136 137//137 138//138
f 139//139 140//140 141//141
f 142//142 143//143 144//144
f 145//145 146//146 147//147
f 148//148 149//149 150//150
f 151//151 152//152 153//153
f 154//154 155//155 156//156
f 157//157 158//158 159//159
f 160//160 161//161 162//162
f 163//163 164//164 165//165
f 166//166 167//167 168//168
f 169//169 170//170 171//171
f 172//172 173//173 174//174
f 175//175 176//176 177//177
f 178//178 179//179 180//180
f 181//181 182//182 183//183
f 184//184 185//185 186//186
f 187//187 188//188 189//189
f 190//190 191//191 192//192
f 193//193 194//194 195//195
f 196//196 197//197 198//198
f 199//199 200//200 201//201
f 202//202 203//203 204//204
f 205//205 206//206 207//207
f 208//208 209//209 210//210
f 211//211 212//212 213//213
f 214//214 215//215 216//216
f 217//217 218//218 219//219
f 220//220 221//221 222//222
f 223//223 224//224 225//225
f 226//226 227//227 228//228
f 229//229 230//230 231//231
f 232//232 233//233 234//234
f 235//235 236//236 237//237
f 238//238 239//239 240//240
f 241//241 242//242 243//243
f 244//244 245//245 246//246
f 247//247 248//248 249//249
f 250//250 251//251 252//252
f 253//253 254//254 255//255
f 256//256 257//257 258//258
f 259//259 260//260 261//261
f 262//262 263//263 264//264
f 265//265 266//266 267//267
f 268//268 269//269 270//270
f 271//271 272//272 273//273
f 274//274 275//275 276//276
f 277//277 278//278 279//279
f 280//280 281//281 282//282
f 283//283 284//284 285//285
f 286//286 287//287 288//288
f 289//289 290//290 291//291
f 292//292 293//293 294//294
f 295//295 296//296 297//297
f 298//298 299//299 300//300
f 301//301 302//302 303//303
f 304//304 305//305 306//306
f 307//307 308//308 309//309
f 310//310 311//311 312//312
f 313//313 314//314 315//315
f 316//316 317//317 318//318
f 319//319 320//320 321//321
f 322//322 323//323 324//324
f 325//325 326//326 327//327
f 328//328 329//329 330//330
f 331//331 332//332 333//333
f 334//334 335//335 336//336
f 337//337 338//338 339//339
f 340//340 341//341 342//342
f 343//343 344//344 345//345
f 346//346 347//347 348//348
f 349//349 350//350 351//351
f 352//352 353//353 354//354
f 355//355 356//356 357//357
f 358//358 359//359 360//360
f 361//361 362//362 363//363
f 364//364 365//365 366//366
f 367//367 368//368 369//369
f 370//370 371//371 372//372
f 373//373 374//374 375//375
f 376//376 377//377 378//378
f 379//379 380//380 381//381
f 382//382 383//383 384//384
f 385//385 386//386 387//387
f 388//388 389//389 390//390
f 391//391 392//392 393//393
f 394//394 395//395 396//396
f 397//397 398//398 399//399
f 400//400 401//401 402//402
f 403//403 404//404 405//405
f 406//406 407//407 408//408
f 409//409 410//410 411//411
f 412//412 413//413 414//414
f 415//415 416//416 417//417
f 418//418 419//419 420//420
f 421//421 422//422 423//423
f 424//424 425//425 426//426
f 427//427 428//428 429//429
f 430//430 431//431 432//432
f 433//433 434//434 435//435
f 436//436 437//437 438//438
f 439//439 440//440 441//441
f 442//442 443//443 444//444
f 445//445 446//446 447//447
f 448//448 449//449 450//450
f 451//451 452//452 453//453
f 454//454 455//455 456//456
f 457//457 458//458 459//459
f 460//460 461//461 462//462
f 463//463 464//464 465//465
f 466//466 467//467 468//468
f 469//469 470//470 471//471
f 472//472 473//473 474//474
f 475//475 476//476 477//477
f 478//478 479//479 480//480
f 481//481 482//482 483//483
f 484//484 485//485 486//486
f 487//487 488//488 489//489
f 490//490 491//491 492//492
f 493//493 494//494 495//495
f 496//496 497//497 498//498
f 499//499 500//500 501//501
f 502//502 503//503 504//504
f 505//505 506//506 507//507
f 508//508 509//509 510//510
f 511//511 512//512 513//513
f 514//514 515//515 516//516
f 517//517 518//518 519//519
f 520//520 521//521 522//522
f 523//523 524//524 525//525
f 526//526 527//527 528//528
f 529//529 530//530 531//531
f 532//532 533//533 534//534
f 535//535 536//536 537//537
f 538//538 539//539 540//540
f 541//541 542//542 543//543
f 544//544 545//545 546//546
f 547//547 548//548 549//549
f 550//550 551//551 552//552
f 553//553 554//554 555//555
f 556//556 557//557 558//558
f 559//559 560//560 561//561
f 562//562 563//563 564//564
f 565//565 566//566 567//567
f 568//568 569//569 570//570
f 571//571 572//572 573//573
f 574//574 575//575 576//576
f 577//577 578//578 579//579
f 580//580 581//581 582//582
f 583//583 584//584 585//585
f 586//586 587//587 588//588
f 589//589 590//590 591//591
f 592//592 593//593 594//594
f 595//595 596//596 597//597
f 598//598 599//599 600//600
f 601//601 602//602 603//603
f 604//604 605//605 606//606
f 607//607 608//608 609//609
f 610//610 611//611 612//612
f 613//613 614//614 615//615
f 616//616 617//617 618//618
f 619//619 620//620 621//621
f 622//622 623//623 624//624
f 625//625 626//626 627//627
f 628//628 629//629 630//630
f 631//631 632//632 633//633
f 634//634 635//635 636//636
f 637//637 638//638 639//639
f 640//640 641//641 642//642
f 643//643 644//644 645//645
f 646//646 647//647 648//648
f 649//649 650//650 651//651
f 652//652 653//653 654//654
f 655//655 656//656 657//657
f 658//658 659//659 660//660
f 661//661 662//662 663//663
f 664//664 665//665 666//666
f 667//667 668//668 669//669
f 670//670 671//671 672//672
f 673//673 674//674 675//675
f 676//676 677//677 678//678
f 679//679 680//680 681//681
f 682//682 683//683 684//684
f 685//685 686//686 687//687
f 688//688 689//689 690//690
f 691//691 692//692 693//693
f 694//694 695//695 696//696
f 697//697 698//698 699//699
f 700//700 701//701 702//702
f 703//703 704//704 705//705
f 706//706 707//707 708//708
f 709//709 710//710 711//711
f 712//712 713//713 714//714
f 715//715 716//716 717//717
f 718//718 719//719 720//720
f 721//721 722//722 723//723
f 724//724 725//725 726//726
f 727//727 728//728 729//729
f 730//730 731//731 732//732
f 733//733 734//734 735//735
f 736//736 737//737 738//738
f 739//739 740//740 741//741
f 742//742 743//743 744//744
f 745//745 746//746 747//747
f 748//748 749//749 750//750
f 751//751 752//752 753//753
f 754//754 755//755 756//756
f 757//757 758//758 759//759
f 760//760 761//761 762//762
f 763//763 764//764 765//765
f 766//766 767//767 768//768
f 769//769 770//770 771//771
f 772//772 773//773 774//774
f 775//775 776//776 777//777
f 778//778 779//779 780//780
f 781//781 782//782 783//783
f 784//784 785//785 786//786
f 787//787 788//788 789//789
f 790//790 791//791 792//792
f 793//793 794//794 795//795
f 796//796 797//797 798//798
f 799//799 800//800 801//801
f 802//802 803//803 804//804
f 805//805 806//806 807//807
f 808//808 809//809 810//810
f 811//811 812//812 813//813
f 814//814 815//815 816//816
f 817//817 818//818 819//819
f 820//820 821//821 822//822
f 823//823 824//824 825//825
f 826//826 827//827 828//828
f 829//829 830//830 831//831
f 832//832 833//833 834//834
f 835//835 836//836 837//837
f 838//838 839//839 840//840
f 841//841 842//842 843//843
f 844//844 845//845 846//846
f 847//847 848//848 849//849
f 850//850 851//851 852//852
f 853//853 854//854 855//855
f 856//856 857//857 858//858
f 859//859 860//860 861//861
f 862//862 863//863 864//864
f 865//865 866//866 867//867
f 868//868 869//869 870//870
f 871//871 872//872 873//873
f 874//874 875//875 876//876
f 877//877 878//878 879//879
f 880//880 881//881 882//882
f 883//883 884//884 885//885
f 886//886 887//887 888//888
f 889//889 890//890 891//891
f 892//892 893//893 894//894
f 895//895 896//896 897//897
f 898//898 899//899 900//900
f 901//901 902//902 903//903
f 904//904 905//905 906//906
f 907//907 908//908 909//909
f 910//910 911//911 912//912
f 913//913 914//914 915//915
f 916//916 917//917 918//918
f 919//919 920//920 921//921
f 922//922 923//923 924//924
f 925//925 926//926 927//927
f 928//928 929//929 930//930
f 931//931 932//932 933//933
f 934//934 935//935 936//936
f 937//937 938//938 939//939
f 940//940 941//941 942//942
f 943//943 944//944 945//945
f 946//946 947//947 948//948
f 949//949 950//950 951//951
f 952//952 953//953 954//954
f 955//955 956//956 957//957
f 958//958 959//959 960//960
f 961//961 962//962 963//963
f 964//964 965//965 966//966
f 967//967 968//968 969//969
f 970//970 971//971 972//972
f 973//973 974//974 975//975
f 976//976 977//977 978//978
f 979//979 980//980 981//981
f 982//982 983//983 984//984
f 985//985 986//986 987//987
f 988//988 989//989 990//990
f 991//991 992//992 993//993
f 994//994 995//995 996//996
f 997//997 998//998 999//999
f 1000//1000 1001//1001 1002//1002
f 1003//1003 1004//1004 1005//1005
f 1006//1006 1007//1007 1008//1008
f 1009//1009 1010//1010 1011//1011
f 1012//1012 1013//1013 1014//1014
f 1015//1015 1016//1016 1017//1017
f 1018//1018 1019//1019 1020//1020
f 1021//1021 1022//1022 1023//1023
f 1024//1024 1025//1025 1026//1026
f 1027//1027 1028//1028 1029//1029
f 1030//1030 1031//1031 1032//1032
f 1033//1033 1034//1034 1035//1035
f 1036//1036 1037//1037 1038//1038
f 1039//1039 1040//1040 1041//1041
f 1042//1042 1043//1043 1044//1044
f 1045//1045 1046//1046 1047//1047
f 1048//1048 1049//1049 1050//1050
f 1051//1051 1052//1052 1053//1053
f 1054//1054 1055//1055 1056//1056
f 1057//1057 1058//1058 1059//1059
f 1060//1060 1061//1061 1062//1062
f 1063//1063 1064//1064 1065//1065
f 1066//1066 1067//1067 1068//1068
f 1069//1069 1070//1070 1071//1071
f 1072//1072 1073//1073 1074//1074
f 1075//1075 1076//1076 1077//1077
f 1078//1078 1079//1079 1080//1080
f 1081//1081 1082//1082 1083//1083
f 1084//1084 1085//1085 1086//1086
f 1087//1087 1088//1088 1089//1089
f 1090//1090 1091//1091 1092//1092
f 1093//1093 1094//1094 1095//1095
f 1096//1096 1097//1097 1098//1098
f 1099//1099 1100//1100 1101//1101
f 1102//1102 1103//1103 1104//1104
f 1105//1105 1106//1106 1107//1107
f 1108//1108 1109//1109 1110//1110
f 1111//1111 1112//1112 1113//1113
f 1114//1114 1115//1115 1116//1116
f 1117//1117 1118//1118 1119//1119
f 1120//1120 1121//1121 1122//1122
f 1123//1123 1124//1124 1125//1125
f 1126//1126 1127//1127 1128//1128
f 1129//1129 1130//1130 1131//1131
f 1132//1132 1133//1133 1134//1134
f 1135//1135 1136//1136 1137//1137
f 1138//1138 1139//1139 1140//1140
f 1141//1141 1142//1142 1143//1143
f 1144//1144 1145//1145 1146//1146
f 1147//1147 1148//1148 1149//1149
f 1150//1150 1151//1151 1152//1152
f 1153//1153 1154//1154 1155//1155
f 1156//1156 1157//1157 1158//1158
f 1159//1159 1160//1160 1161//1161
f 1162//1162 1163//1163 1164//1164
f 1165//1165 1166//1166 1167//1167
f 1168//1168 1169//1169 1170//1170
f 1171//1171 1172//1172 1173//1173
f 1174//1174 1175//1175 1176//1176
f 1177//1177 1178//1178 1179//1179
f 1180//1180 1181//1181 1182//1182
f 1183//1183 1184//1184 1185//1185
f 1186//1186 1187//1187 1188//1188
f 1189//1189 1190//1190 1191//1191
f 1192//1192 1193//1193 1194//1194
f 1195//1195 1196//1196 1197//1197
f 1198//1198 1199//1199 1200//1200
f 1201//1201 1202//1202 1203//1203
f 1204//1204 1205//1205 1206//1206
f 1207//1207 1208//1208 1209//1209
f 1210//1210 1211//1211 1212//1212
f 1213//1213 1214//1214 1215//1215
f 1216//1216 1217//1217 1218//1218
f 1219//1219 1220//1220 1221//1221
f 1222//1222 1223//1223 1224//1224
f 1225//1225 1226//1226 1227//1227
f 1228//1228 1229//1229 1230//1230
f 1231//1231 1232//1232 1233//1233
f 1234//1234 1235//1235 1236//1236
f 1237//1237 1238//1238 1239//1239
f 1240//1240 1241//1241 1242//1242
f 1243//1243 1244//1244 1245//1245
f 1246//1246 1247//1247 1248//1248
f 1249//1249 1250//1250 1251//1251
f 1252//1252 1253//1253 1254//1254
f 1255//1255 1256//1256 1257//1257
f 1258//1258 1259//1259 1260//1260
f 1261//1261 1262//1262 1263//1263
f 1264//1264 1265//1265 1266//1266
f 1267//1267 1268//1268 1269//1269
f 1270//1270 1271//1271 1272//1272
f 1273//1273 1274//1274 1275//1275
f 1276//1276 1277//1277 1278//1278
f 1279//1279 1280//1280 1281//1281
f 1282//1282 1283//1283 1284//1284
f 1285//1285 1286//1286 1287//1287
f 1288//1288 1289//1289 1290//1290
f 1291//1291 1292//1292 1293//1293
f 1294//1294 1295//1295 1296//1296
f 1297//1297 1298//1298 1299//1299
f 1300//1300 1301//1301 1302//1302
f 1303//1303 1304//1304 1305//1305
f 1306//1306 1307//1307 1308//1308
f 1309//1309 1310//1310 1311//1311
f 1312//1312 1313//1313 1314//1314
f 1315//1315 1316//1316 1317//1317
f 1318//1318 1319//1319 1320//1320
f 1321//1321 1322//1322 1323//1323
f 1324//1324 1325//1325 1326//1326
f 1327//1327 1328//1328 1329//1329
f 1330//1330 1331//1331 1332//1332
f 1333//1333 1334//1334 1335//1335
f 1336//1336 1337//1337 1338//1338
f 1339//1339 1340//1340 1341//1341
f 1342//1342 1343//1343 1344//1344
f 1345//1345 1346//1346 1347//1347
f 1348//1348 1349//1349 1350//1350
f 1351//1351 1352//1352 1353//1353
f 1354//1354 1355//1355 1356//1356
f 1357//1357 1358//1358 1359//1359
f 1360//1360 1361//1361 1362//1362
f 1363//1363 1364//1364 1365//1365
f 1366//1366 1367//1367 1368//1368
f 1369//1369 1370//1370 1371//1371
f 1372//1372 1373//1373 1374//1374
f 1375//1375 1376//1376 1377//1377
f 1378//1378 1379//1379 1380//1380
f 1381//1381 1382//1382 1383//1383
f 1384//1384 1385//1385 1386//1386
f 1387//1387 1388//1388 1389//1389
f 1390//1390 1391//1391 1392//1392
f 1393//1393 1394//1394 1395//1395
f 1396//1396 1397//1397 1398//1398
f 1399//1399 1400//1400 1401//1401
f 1402//1402 1403//1403 1404//1404
f 1405//1405 1406//1406 1407//1407
f 1408//1408 1409//1409 1410//1410
f 1411//1411 1412//1412 1413//1413
f 1414//1414 1415//1415 1416//1416
f 1417//1417 1418//1418 1419//1419
f 1420//1420 1421//1421 1422//1422
f 1423//1423 1424//1424 1425//1425
f 1426//1426 1427//1427 1428//1428
f 1429//1429 1430//1430 1431//1431
f 1432//1432 1433//1433 1434//1434
f 1435//1435 1436//1436 1437//1437
f 1438//1438 1439//1439 1440//1440
f 1441//1441 1442//1442 1443//1443
f 1444//1444 1445//1445 1446//1446
f 1447//1447 1448//1448 1449//1449
f 1450//1450 1451//1451 1452//1452
f 1453//1453 1454//1454 1455//1455
f 1456//1456 1457//1457 1458//1458
f 1459//1459 1460//1460 1461//1461
f 1462//1462 1463//1463 1464//1464
f 1465//1465 1466//1466 1467//1467
f 1468//1468 1469//1469 1470//1470
f 1471//1471 1472//1472 1473//1473
f 1474//1474 1475//1475 1476//1476
f 1477//1477 1478//1478 1479//1479
f 1480//1480 1481//1481 1482//1482
f 1483//1483 1484//1484 1485//1485
f 1486//1486 1487//1487 1488//1488
f 1489//1489 1490//1490 1491//1491
f 1492//1492 1493//1493 1494//1494
f 1495//1495 1496//1496 1497//1497
f 1498//1498 1499//1499 1500//1500
f 1501//1501 1502//1502 1503//1503
f 1504//1504 1505//1505 1506//1506
f 1507//1507 1508//1508 1509//1509
f 1510//1510 1511//1511 1512//1512
f 1513//1513 1514//1514 1515//1515
f 1516//1516 1517//1517 1518//1518
f 1519//1519 1520//1520 1521//1521
f 1522//1522 1523//1523 1524//1524
f 1525//1525 1526//1526 1527//1527
f 1528//1528 1529//1529 1530//1530
f 1531//1531 1532//1532 1533//1533
f 1534//1534 1535//1535 1536//1536
f 1537//1537 1538//1538 1539//1539
f 1540//1540 1541//1541 1542//1542
f 1543//1543 1544//1544 1545//1545
f 1546//1546 1547//1547 1548//1548
f 1549//1549 1550//1550 1551//1551
f 1552//1552 1553//1553 1554//1554
f 1555//1555 1556//1556 1557//1557
f 1558//1558 1559//1559 1560//1560
f 1561//1561 1562//1562 1563//1563
f 1564//1564 1565//1565 1566//1566
f 1567//1567 1568//1568 1569//1569
f 1570//1570 1571//1571 1572//1572
f 1573//1573 1574//1574 1575//1575
f 1576//1576 1577//1577 1578//1578
f 1579//1579 1580//1580 1581//1581
f 1582//1582 1583//1583 1584//1584
f 1585//1585 1586//1586 1587//1587
f 1588//1588 1589//1589 1590//1590
f 1591//1591 1592//1592 1593//1593
f 1594//1594 1595//1595 1596//1596
f 1597//1597 1598//1598 1599//1599
f 1600//1600 1601//1601 1602//1602
f 1603//1603 1604//1604 1605//1605
f 1606//1606 1607//1607 1608//1608
f 1609//1609 1610//1610 1611//1611
f 1612//1612 1613//1613 1614//1614
f 1615//1615 1616//1616 1617//1617
f 1618//1618 1619//1619 1620//1620
f 1621//1621 1622//1622 1623//1623
f 1624//1624 1625//1625 1626//1626
f 1627//1627 1628//1628 1629//1629
f 1630//1630 1631//1631 1632//1632
f 1633//1633 1634//1634 1635//1635
f 1636//1636 1637//1637 1638//1638
f 1639//1639 1640//1640 1641//1641
f 1642//1642 1643//1643 1644//1644
f 1645//1645 1646//1646 1647//1647
f 1648//1648 1649//1649 1650//1650
f 1651//1651 1652//1652 1653//1653
f 1654//1654 1655//1655 1656//1656
f 1657//1657 1658//1658 1659//1659
f 1660//1660 1661//1661 1662//1662
f 1663//1663 1664//1664 1665//1665
f 1666//1666 1667//1667 1668//1668
f 1669//1669 1670//1670 1671//1671
f 1672//1672 1673//1673 1674//1674
f 1675//1675 1676//1676 1677//1677
f 1678//1678 1679//1679 1680//1680
f 1681//1681 1682//1682 1683//1683
f 1684//1684 1685//1685 1686//1686
f 1687//1687 1688//1688 1689//1689
f 1690//1690 1691//1691 1692//1692
f 1693//1693 1694//1694 1695//1695
f 1696//1696 1697//1697 1698//1698
f 1699//1699 1700//1700 1701//1701
f 1702//1702 1703//1703 1704//1704
f 1705//1705 1706//1706 1707//1707
f 1708//1708 1709//1709 1710//1710
f 1711//1711 1712//1712 1713//1713
f 1714//1714 1715//1715 1716//1716
f 1717//1717 1718//1718 1719//1719
f 1720//1720 1721//1721 1722//1722
f 1723//1723 1724//1724 1725//1725
f 1726//1726 1727//1727 1728//1728
f 1729//1729 1730//1730 1731//1731
f 1732//1732 1733//1733 1734//1734
f 1735//1735 1736//1736 1737//1737
f 1738//1738 1739//1739 1740//1740
f 1741//1741 1742//1742 1743//1743
f 1744//1744 1745//1745 1746//1746
f 1747//1747 1748//1748 1749//1749
f 1750//1750 1751//1751 1752//1752
f 1753//1753 1754//1754 1755//1755
f 1756//1756 1757//1757 1758//1758
f 1759//1759 1760//1760 1761//1761
f 1762//1762 1763//1763 1764//1764
f 1765//1765 1766//1766 1767//1767
f 1768//1768 1769//1769 1770//1770
f 1771//1771 1772//1772 1773//1773
f 1774//1774 1775//1775 1776//1776
f 1777//1777 1778//1778 1779//1779
f 1780//1780 1781//1781 1782//1782
f 1783//1783 1784//1784 1785//1785
f 1786//1786 1787//1787 1788//1788
f 1789//1789 1790//1790 1791//1791
f 1792//1792 1793//1793 1794//1794
f 1795//1795 1796//1796 1797//1797
f 1798//1798 1799//1799 1800//1800
f 1801//1801 1802//1802 1803//1803
f 1804//1804 1805//1805 1806//1806
f 1807//1807 1808//1808 1809//1809
f 1810//1810 1811//1811 1812//1812
f 1813//1813 1814//1814 1815//1815
f 1816//1816 1817//1817 1818//1818
f 1819//1819 1820//1820 1821//1821
f 1822//1822 1823//1823 1824//1824
f 1825//1825 1826//1826 1827//1827
f 1828//1828 1829//1829 1830//1830
f 1831//1831 1832//1832 1833//1833
f 1834//1834 1835//1835 1836//1836
