o 
v 6.01812744140625 -5.996646881103516 3.9652981758117676
v 3.086042881011963 -7.935876369476318 3.96529221534729
v 6.53704833984375 -8.605453491210938 3.9652979373931885
v 2.5736031532287598 -10.512190818786621 3.96529221534729
v 4.54034423828125 -13.4259033203125 3.9652979373931885
v 6.01812744140625 -11.21426010131836 3.9652979373931885
v 3.086042881011963 -7.935876369476318 3.96529221534729
v 3.152000904083252 -8.60544204711914 3.96529221534729
v 6.53704833984375 -8.605453491210938 3.9652979373931885
v -2.7069053649902344 -5.690768718719482 3.96529221534729
v -2.186819553375244 -5.751789093017578 3.96529221534729
v -5.100555419921875 -3.7850074768066406 3.9652981758117676
v -2.186819553375244 -5.751789093017578 3.96529221534729
v -1.5934699773788452 -5.434627532958984 3.96529221534729
v -2.888916015625 -2.307231903076172 3.9652984142303467
v -0.9496241807937622 -11.971551895141602 3.96529221534729
v -2.888916015625 -14.903675079345703 3.9652976989746094
v -0.28009033203125 -15.422599792480469 3.9652976989746094
v -1.5934699773788452 -5.434627532958984 3.96529221534729
v -0.9496581554412842 -5.239319324493408 3.96529221534729
v -2.888916015625 -2.307231903076172 3.9652984142303467
v -0.9496581554412842 -5.239319324493408 3.96529221534729
v -0.2800882160663605 -5.173369884490967 3.96529221534729
v -0.28009033203125 -1.7883110046386719 3.9652984142303467
v -2.1867856979370117 -11.459091186523438 3.96529221534729
v -2.7069053649902344 -11.520120620727539 3.9653007984161377
v -5.100555419921875 -13.4259033203125 3.9652979373931885
v -5.100555419921875 -13.4259033203125 3.9652979373931885
v -2.888916015625 -14.903675079345703 3.9652976989746094
v -2.1867856979370117 -11.459091186523438 3.96529221534729
v -0.2800882160663605 -5.173369884490967 3.96529221534729
v 0.3894815444946289 -5.239319324493408 3.96529221534729
v -0.28009033203125 -1.7883110046386719 3.9652984142303467
v -5.100555419921875 -3.7850074768066406 3.9652981758117676
v -5.100555419921875 -3.7850074768066406 0
v -2.7069053649902344 -5.690768718719482 0.0000027418136596679688
v -2.7069053649902344 -5.690768718719482 0.0000027418136596679688
v -2.7069053649902344 -5.690768718719482 3.96529221534729
v -5.100555419921875 -3.7850074768066406 3.9652981758117676
v -2.888916015625 -14.903675079345703 3.9652976989746094
v -1.5934699773788452 -11.77624797821045 3.96529221534729
v -2.1867856979370117 -11.459091186523438 3.96529221534729
v 0.3894815444946289 -11.971548080444336 3.96529221534729
v -0.28009033203125 -15.422599792480469 3.9652976989746094
v 2.328704833984375 -14.903671264648438 3.9652976989746094
v -2.888916015625 -14.903675079345703 3.9652976989746094
v -0.9496241807937622 -11.971551895141602 3.96529221534729
v -1.5934699773788452 -11.77624797821045 3.96529221534729
v 1.033327579498291 -5.4346232414245605 3.96529221534729
v 2.328704833984375 -2.307231903076172 3.9652984142303467
v 0.3894815444946289 -5.239319324493408 3.96529221534729
v 1.033327579498291 -5.4346232414245605 3.96529221534729
v 1.6266770362854004 -5.7517805099487305 3.96529221534729
v 2.328704833984375 -2.307231903076172 3.9652984142303467
v -0.2800882160663605 -12.037497520446777 3.96529221534729
v -0.9496241807937622 -11.971551895141602 3.96529221534729
v -0.28009033203125 -15.422599792480469 3.9652976989746094
v 2.328704833984375 -2.307231903076172 3.9652984142303467
v 1.6266770362854004 -5.7517805099487305 3.96529221534729
v 4.54034423828125 -3.7850074768066406 3.9652981758117676
v 1.6266770362854004 -11.459091186523438 3.96529221534729
v 2.328704833984375 -14.903671264648438 3.9652976989746094
v 4.54034423828125 -13.4259033203125 3.9652979373931885
v 1.6266770362854004 -5.7517805099487305 3.96529221534729
v 2.146796703338623 -6.178599834442139 3.96529221534729
v 4.54034423828125 -3.7850074768066406 3.9652981758117676
v -2.186819553375244 -5.751789093017578 3.96529221534729
v -2.888916015625 -2.307231903076172 3.9652984142303467
v -5.100555419921875 -3.7850074768066406 3.9652981758117676
v 1.033327579498291 -11.77624797821045 3.96529221534729
v 0.3894815444946289 -11.971548080444336 3.96529221534729
v 2.328704833984375 -14.903671264648438 3.9652976989746094
v 6.01812744140625 -11.21426010131836 3.9652979373931885
v 3.086042881011963 -9.275003433227539 3.96529221534729
v 2.890751838684082 -9.918832778930664 3.96529221534729
v 1.6266770362854004 -11.459091186523438 3.96529221534729
v 1.033327579498291 -11.77624797821045 3.96529221534729
v 2.328704833984375 -14.903671264648438 3.9652976989746094
v 4.54034423828125 -3.7850074768066406 3.9652981758117676
v 2.5736031532287598 -6.698685169219971 3.96529221534729
v 6.01812744140625 -5.996646881103516 3.9652981758117676
v 2.146796703338623 -11.032267570495605 3.96529221534729
v 1.6266770362854004 -11.459091186523438 3.96529221534729
v 4.54034423828125 -13.4259033203125 3.9652979373931885
v 3.086042881011963 -7.935876369476318 3.96529221534729
v 6.01812744140625 -5.996646881103516 3.9652981758117676
v 2.890751838684082 -7.292043209075928 3.96529221534729
v -2.7069053649902344 -11.520120620727539 0.0000027418136596679688
v -5.100555419921875 -13.4259033203125 0
v -5.100555419921875 -13.4259033203125 3.9652979373931885
v -5.100555419921875 -13.4259033203125 3.9652979373931885
v -2.7069053649902344 -11.520120620727539 3.9653007984161377
v -2.7069053649902344 -11.520120620727539 0.0000027418136596679688
v -0.28009033203125 -15.422599792480469 3.9652976989746094
v 0.3894815444946289 -11.971548080444336 3.96529221534729
v -0.2800882160663605 -12.037497520446777 3.96529221534729
v 6.01812744140625 -11.21426010131836 3.9652979373931885
v 6.53704833984375 -8.605453491210938 3.9652979373931885
v 3.086042881011963 -9.275003433227539 3.96529221534729
v 2.328704833984375 -2.307231903076172 3.9652984142303467
v -0.28009033203125 -1.7883110046386719 3.9652984142303467
v 0.3894815444946289 -5.239319324493408 3.96529221534729
v 2.890751838684082 -9.918832778930664 3.96529221534729
v 2.5736031532287598 -10.512190818786621 3.96529221534729
v 6.01812744140625 -11.21426010131836 3.9652979373931885
v 2.146796703338623 -6.178599834442139 3.96529221534729
v 2.5736031532287598 -6.698685169219971 3.96529221534729
v 4.54034423828125 -3.7850074768066406 3.9652981758117676
v -2.7069053649902344 -11.520120620727539 0.0000027418136596679688
v -2.7069053649902344 -11.520120620727539 3.9653007984161377
v -2.1867856979370117 -11.459091186523438 3.96529221534729
v -2.1867856979370117 -11.459091186523438 3.96529221534729
v -2.1867856979370117 -11.459091186523438 0.0000027019414119422436
v -2.7069053649902344 -11.520120620727539 0.0000027418136596679688
v 3.086042881011963 -9.275003433227539 3.96529221534729
v 6.53704833984375 -8.605453491210938 3.9652979373931885
v 3.152000904083252 -8.60544204711914 3.96529221534729
v -0.9496581554412842 -5.239319324493408 3.96529221534729
v -0.28009033203125 -1.7883110046386719 3.9652984142303467
v -2.888916015625 -2.307231903076172 3.9652984142303467
v 4.54034423828125 -13.4259033203125 3.9652979373931885
v 2.5736031532287598 -10.512190818786621 3.96529221534729
v 2.146796703338623 -11.032267570495605 3.96529221534729
v -0.2800882160663605 -12.037497520446777 0.0000027019414119422436
v -0.28009033203125 -15.422599792480469 0
v -0.9496241807937622 -11.971551895141602 0.0000027019414119422436
v 2.328704833984375 -14.903671264648438 0
v -0.28009033203125 -15.422599792480469 0
v 0.3894815444946289 -11.971548080444336 0.0000027019414119422436
v -0.28009033203125 -15.422599792480469 0
v -2.888916015625 -14.903675079345703 0
v -0.9496241807937622 -11.971551895141602 0.0000027019414119422436
v 2.328704833984375 -2.307231903076172 0
v 0.3894815444946289 -5.239319324493408 0.0000027019414119422436
v -0.28009033203125 -1.7883110046386719 0
v -2.1867856979370117 -11.459091186523438 0.0000027019414119422436
v -1.5934699773788452 -11.77624797821045 0.0000027019414119422436
v -2.888916015625 -14.903675079345703 0
v 1.033327579498291 -5.4346232414245605 0.0000027019414119422436
v 0.3894815444946289 -5.239319324493408 0.0000027019414119422436
v 2.328704833984375 -2.307231903076172 0
v 1.6266770362854004 -5.7517805099487305 0.0000027019414119422436
v 1.033327579498291 -5.4346232414245605 0.0000027019414119422436
v 2.328704833984375 -2.307231903076172 0
v 0.3894815444946289 -11.971548080444336 0.0000027019414119422436
v 1.033327579498291 -11.77624797821045 0.0000027019414119422436
v 2.328704833984375 -14.903671264648438 0
v 2.5736031532287598 -10.512190818786621 0.0000027019414119422436
v 6.01812744140625 -11.21426010131836 0
v 4.54034423828125 -13.4259033203125 0
v 1.033327579498291 -11.77624797821045 0.0000027019414119422436
v 1.6266770362854004 -11.459091186523438 0.0000027019414119422436
v 2.328704833984375 -14.903671264648438 0
v -5.100555419921875 -13.4259033203125 0
v -2.1867856979370117 -11.459091186523438 0.0000027019414119422436
v -2.888916015625 -14.903675079345703 0
v -1.5934699773788452 -11.77624797821045 0.0000027019414119422436
v -0.9496241807937622 -11.971551895141602 0.0000027019414119422436
v -2.888916015625 -14.903675079345703 0
v 6.53704833984375 -8.605453491210938 0
v 6.01812744140625 -5.996646881103516 0
v 6.53704833984375 -8.605453491210938 3.9652979373931885
v 6.53704833984375 -8.605453491210938 3.9652979373931885
v 6.01812744140625 -5.996646881103516 0
v 6.01812744140625 -5.996646881103516 3.9652981758117676
v 4.54034423828125 -3.7850074768066406 0
v 6.01812744140625 -5.996646881103516 3.9652981758117676
v 6.01812744140625 -5.996646881103516 0
v 6.01812744140625 -5.996646881103516 3.9652981758117676
v 4.54034423828125 -3.7850074768066406 0
v 4.54034423828125 -3.7850074768066406 3.9652981758117676
v 4.54034423828125 -3.7850074768066406 0
v 2.328704833984375 -2.307231903076172 0
v 2.328704833984375 -2.307231903076172 3.9652984142303467
v 2.328704833984375 -2.307231903076172 3.9652984142303467
v 4.54034423828125 -3.7850074768066406 3.9652981758117676
v 4.54034423828125 -3.7850074768066406 0
v 2.328704833984375 -2.307231903076172 0
v -0.28009033203125 -1.7883110046386719 0
v -0.28009033203125 -1.7883110046386719 3.9652984142303467
v -0.28009033203125 -1.7883110046386719 3.9652984142303467
v 2.328704833984375 -2.307231903076172 3.9652984142303467
v 2.328704833984375 -2.307231903076172 0
v -2.888916015625 -2.307231903076172 0
v -0.28009033203125 -1.7883110046386719 3.9652984142303467
v -0.28009033203125 -1.7883110046386719 0
v -0.28009033203125 -1.7883110046386719 3.9652984142303467
v -2.888916015625 -2.307231903076172 0
v -2.888916015625 -2.307231903076172 3.9652984142303467
v -2.888916015625 -2.307231903076172 0
v -5.100555419921875 -3.7850074768066406 0
v -5.100555419921875 -3.7850074768066406 3.9652981758117676
v -5.100555419921875 -3.7850074768066406 3.9652981758117676
v -2.888916015625 -2.307231903076172 3.9652984142303467
v -2.888916015625 -2.307231903076172 0
v -5.100555419921875 -13.4259033203125 0
v -2.888916015625 -14.903675079345703 0
v -2.888916015625 -14.903675079345703 3.9652976989746094
v -2.888916015625 -14.903675079345703 3.9652976989746094
v -5.100555419921875 -13.4259033203125 3.9652979373931885
v -5.100555419921875 -13.4259033203125 0
v -2.888916015625 -14.903675079345703 0
v -0.28009033203125 -15.422599792480469 0
v -0.28009033203125 -15.422599792480469 3.9652976989746094
v -0.28009033203125 -15.422599792480469 3.9652976989746094
v -2.888916015625 -14.903675079345703 3.9652976989746094
v -2.888916015625 -14.903675079345703 0
v 2.328704833984375 -14.903671264648438 0
v -0.28009033203125 -15.422599792480469 3.9652976989746094
v -0.28009033203125 -15.422599792480469 0
v -0.28009033203125 -15.422599792480469 3.9652976989746094
v 2.328704833984375 -14.903671264648438 0
v 2.328704833984375 -14.903671264648438 3.9652976989746094
v 2.328704833984375 -14.903671264648438 0
v 4.54034423828125 -13.4259033203125 0
v 4.54034423828125 -13.4259033203125 3.9652979373931885
v 4.54034423828125 -13.4259033203125 3.9652979373931885
v 2.328704833984375 -14.903671264648438 3.9652976989746094
v 2.328704833984375 -14.903671264648438 0
v 4.54034423828125 -13.4259033203125 0
v 6.01812744140625 -11.21426010131836 0
v 6.01812744140625 -11.21426010131836 3.9652979373931885
v 6.01812744140625 -11.21426010131836 3.9652979373931885
v 4.54034423828125 -13.4259033203125 3.9652979373931885
v 4.54034423828125 -13.4259033203125 0
v 6.53704833984375 -8.605453491210938 0
v 6.01812744140625 -11.21426010131836 3.9652979373931885
v 6.01812744140625 -11.21426010131836 0
v 6.01812744140625 -11.21426010131836 3.9652979373931885
v 6.53704833984375 -8.605453491210938 0
v 6.53704833984375 -8.605453491210938 3.9652979373931885
v -5.100555419921875 -13.4259033203125 0
v -2.7069053649902344 -11.520120620727539 0.0000027418136596679688
v -2.1867856979370117 -11.459091186523438 0.0000027019414119422436
v 1.6266770362854004 -11.459091186523438 0.0000027019414119422436
v 2.146796703338623 -11.032267570495605 0.0000027019414119422436
v 4.54034423828125 -13.4259033203125 0
v 2.146796703338623 -11.032267570495605 0.0000027019414119422436
v 2.5736031532287598 -10.512190818786621 0.0000027019414119422436
v 4.54034423828125 -13.4259033203125 0
v 2.5736031532287598 -10.512190818786621 0.0000027019414119422436
v 2.890751838684082 -9.918832778930664 0.0000027019414119422436
v 6.01812744140625 -11.21426010131836 0
v 2.890751838684082 -9.918832778930664 0.0000027019414119422436
v 3.086042881011963 -9.275003433227539 0.0000027019414119422436
v 6.01812744140625 -11.21426010131836 0
v 3.086042881011963 -9.275003433227539 0.0000027019414119422436
v 6.53704833984375 -8.605453491210938 0
v 6.01812744140625 -11.21426010131836 0
v 3.152000904083252 -8.60544204711914 0.0000027019414119422436
v 6.53704833984375 -8.605453491210938 0
v 3.086042881011963 -9.275003433227539 0.0000027019414119422436
v 3.086042881011963 -7.935876369476318 0.0000027019414119422436
v 6.53704833984375 -8.605453491210938 0
v 3.152000904083252 -8.60544204711914 0.0000027019414119422436
v 6.53704833984375 -8.605453491210938 0
v 3.086042881011963 -7.935876369476318 0.0000027019414119422436
v 6.01812744140625 -5.996646881103516 0
v -0.28009033203125 -15.422599792480469 0
v -0.2800882160663605 -12.037497520446777 0.0000027019414119422436
v 0.3894815444946289 -11.971548080444336 0.0000027019414119422436
v 0.3894815444946289 -5.239319324493408 0.0000027019414119422436
v -0.2800882160663605 -5.173369884490967 0.0000027019414119422436
v -0.28009033203125 -1.7883110046386719 0
v 6.01812744140625 -5.996646881103516 0
v 2.5736031532287598 -6.698685169219971 0.0000027019414119422436
v 4.54034423828125 -3.7850074768066406 0
v 1.6266770362854004 -11.459091186523438 0.0000027019414119422436
v 4.54034423828125 -13.4259033203125 0
v 2.328704833984375 -14.903671264648438 0
v 2.5736031532287598 -6.698685169219971 3.96529221534729
v 2.890751838684082 -7.292043209075928 3.96529221534729
v 6.01812744140625 -5.996646881103516 3.9652981758117676
v 4.54034423828125 -3.7850074768066406 0
v 1.6266770362854004 -5.7517805099487305 0.0000027019414119422436
v 2.328704833984375 -2.307231903076172 0
v 2.5736031532287598 -6.698685169219971 0.0000027019414119422436
v 2.146796703338623 -6.178599834442139 0.0000027019414119422436
v 4.54034423828125 -3.7850074768066406 0
v 3.086042881011963 -7.935876369476318 0.0000027019414119422436
v 2.890751838684082 -7.292043209075928 0.0000027019414119422436
v 6.01812744140625 -5.996646881103516 0
v 2.146796703338623 -6.178599834442139 0.0000027019414119422436
v 1.6266770362854004 -5.7517805099487305 0.0000027019414119422436
v 4.54034423828125 -3.7850074768066406 0
v 2.890751838684082 -7.292043209075928 0.0000027019414119422436
v 2.5736031532287598 -6.698685169219971 0.0000027019414119422436
v 6.01812744140625 -5.996646881103516 0
v -0.9496581554412842 -5.239319324493408 0.0000027019414119422436
v -1.5934699773788452 -5.434627532958984 0.0000027019414119422436
v -2.888916015625 -2.307231903076172 0
v -1.5934699773788452 -5.434627532958984 0.0000027019414119422436
v -2.186819553375244 -5.751789093017578 0.0000027019414119422436
v -2.888916015625 -2.307231903076172 0
v -2.7069053649902344 -5.690768718719482 0.0000027418136596679688
v -5.100555419921875 -3.7850074768066406 0
v -2.186819553375244 -5.751789093017578 0.0000027019414119422436
v -0.9496581554412842 -5.239319324493408 0.0000027019414119422436
v -0.28009033203125 -1.7883110046386719 0
v -0.2800882160663605 -5.173369884490967 0.0000027019414119422436
v -2.186819553375244 -5.751789093017578 0.0000027019414119422436
v -5.100555419921875 -3.7850074768066406 0
v -2.888916015625 -2.307231903076172 0
v -17.229522705078125 -14.02487564086914 0
v -18.2900390625 -13.919116973876953 19.905471801757812
v -17.229522705078125 -14.02487564086914 19.905471801757812
v -18.2900390625 -13.919116973876953 19.905471801757812
v -17.229522705078125 -14.02487564086914 0
v -18.290008544921875 -13.919116973876953 0
v -18.290008544921875 -13.919116973876953 0
v -19.309814453125 -13.60592269897461 19.905471801757812
v -18.2900390625 -13.919116973876953 19.905471801757812
v -19.309814453125 -13.60592269897461 19.905471801757812
v -18.290008544921875 -13.919116973876953 0
v -19.309814453125 -13.60592269897461 0
v -19.309814453125 -13.60592269897461 0
v -20.249603271484375 -13.097301483154297 19.905471801757812
v -19.309814453125 -13.60592269897461 19.905471801757812
v -20.249603271484375 -13.097301483154297 19.905471801757812
v -19.309814453125 -13.60592269897461 0
v -20.249603271484375 -13.097320556640625 0
v -20.249603271484375 -13.097320556640625 0
v -21.073394775390625 -12.412837982177734 19.905471801757812
v -20.249603271484375 -13.097301483154297 19.905471801757812
v -21.073394775390625 -12.412837982177734 19.905471801757812
v -20.249603271484375 -13.097320556640625 0
v -21.073394775390625 -12.412837982177734 0
v -21.073394775390625 -12.412837982177734 0
v -21.74945068359375 -11.578800201416016 19.905471801757812
v -21.073394775390625 -12.412837982177734 19.905471801757812
v -21.74945068359375 -11.578800201416016 19.905471801757812
v -21.073394775390625 -12.412837982177734 0
v -21.749420166015625 -11.578819274902344 0
v -21.749420166015625 -11.578819274902344 0
v -22.25177001953125 -10.627277374267578 19.905471801757812
v -21.74945068359375 -11.578800201416016 19.905471801757812
v -22.25177001953125 -10.627277374267578 19.905471801757812
v -21.749420166015625 -11.578819274902344 0
v -22.25177001953125 -10.627277374267578 0
v -22.25177001953125 -10.627277374267578 0
v -22.56109619140625 -9.594799041748047 19.905471801757812
v -22.25177001953125 -10.627277374267578 19.905471801757812
v -22.56109619140625 -9.594799041748047 19.905471801757812
v -22.25177001953125 -10.627277374267578 0
v -22.56109619140625 -9.59481430053711 0
v -22.56109619140625 -9.59481430053711 0
v -22.665557861328125 -8.52105712890625 19.905471801757812
v -22.56109619140625 -9.594799041748047 19.905471801757812
v -22.665557861328125 -8.52105712890625 19.905471801757812
v -22.56109619140625 -9.59481430053711 0
v -22.665557861328125 -8.521076202392578 0
v -22.665557861328125 -8.521076202392578 0
v -22.56109619140625 -7.447319030761719 19.905471801757812
v -22.665557861328125 -8.52105712890625 19.905471801757812
v -22.56109619140625 -7.447319030761719 19.905471801757812
v -22.665557861328125 -8.521076202392578 0
v -22.56109619140625 -7.447338104248047 0
v -22.56109619140625 -7.447338104248047 0
v -22.251739501953125 -6.414852142333984 19.905471801757812
v -22.56109619140625 -7.447319030761719 19.905471801757812
v -22.251739501953125 -6.414852142333984 19.905471801757812
v -22.56109619140625 -7.447338104248047 0
v -22.25177001953125 -6.414867401123047 0
v -22.25177001953125 -6.414867401123047 0
v -21.749420166015625 -5.463329315185547 19.905471801757812
v -22.251739501953125 -6.414852142333984 19.905471801757812
v -21.749420166015625 -5.463329315185547 19.905471801757812
v -22.25177001953125 -6.414867401123047 0
v -21.749420166015625 -5.463329315185547 0
v -21.749420166015625 -5.463329315185547 0
v -21.073394775390625 -4.629291534423828 19.905471801757812
v -21.749420166015625 -5.463329315185547 19.905471801757812
v -21.073394775390625 -4.629291534423828 19.905471801757812
v -21.749420166015625 -5.463329315185547 0
v -21.073394775390625 -4.629306793212891 0
v -13.385650634765625 -4.629306793212891 0
v -12.709625244140625 -5.463314056396484 19.905471801757812
v -13.38568115234375 -4.629291534423828 19.905471801757812
v -12.709625244140625 -5.463314056396484 19.905471801757812
v -13.385650634765625 -4.629306793212891 0
v -12.709625244140625 -5.463329315185547 0
v -12.709625244140625 -5.463329315185547 0
v -12.207275390625 -6.414852142333984 19.905471801757812
v -12.709625244140625 -5.463314056396484 19.905471801757812
v -12.207275390625 -6.414852142333984 19.905471801757812
v -12.709625244140625 -5.463329315185547 0
v -12.207244873046875 -6.414867401123047 0
v -12.207244873046875 -6.414867401123047 0
v -11.897918701171875 -7.447319030761719 19.905471801757812
v -12.207275390625 -6.414852142333984 19.905471801757812
v -11.897918701171875 -7.447319030761719 19.905471801757812
v -12.207244873046875 -6.414867401123047 0
v -11.897918701171875 -7.447338104248047 0
v -11.897918701171875 -7.447338104248047 0
v -11.79345703125 -8.52105712890625 19.905471801757812
v -11.897918701171875 -7.447319030761719 19.905471801757812
v -11.79345703125 -8.52105712890625 19.905471801757812
v -11.897918701171875 -7.447338104248047 0
v -11.79345703125 -8.521076202392578 0
v -11.79345703125 -8.521076202392578 0
v -11.897918701171875 -9.594779968261719 19.905471801757812
v -11.79345703125 -8.52105712890625 19.905471801757812
v -11.897918701171875 -9.594779968261719 19.905471801757812
v -11.79345703125 -8.521076202392578 0
v -11.897918701171875 -9.59481430053711 0
v -11.897918701171875 -9.59481430053711 0
v -12.207244873046875 -10.627262115478516 19.905471801757812
v -11.897918701171875 -9.594779968261719 19.905471801757812
v -12.207244873046875 -10.627262115478516 19.905471801757812
v -11.897918701171875 -9.59481430053711 0
v -12.207275390625 -10.627296447753906 0
v -12.207275390625 -10.627296447753906 0
v -12.7095947265625 -11.578800201416016 19.905471801757812
v -12.207244873046875 -10.627262115478516 19.905471801757812
v -12.7095947265625 -11.578800201416016 19.905471801757812
v -12.207275390625 -10.627296447753906 0
v -12.709625244140625 -11.578819274902344 0
v -12.709625244140625 -11.578819274902344 0
v -13.385650634765625 -12.412822723388672 19.905471801757812
v -12.7095947265625 -11.578800201416016 19.905471801757812
v -13.385650634765625 -12.412822723388672 19.905471801757812
v -12.709625244140625 -11.578819274902344 0
v -13.385650634765625 -12.412857055664062 0
v -13.385650634765625 -12.412857055664062 0
v -14.209381103515625 -13.097301483154297 19.905471801757812
v -13.385650634765625 -12.412822723388672 19.905471801757812
v -14.209381103515625 -13.097301483154297 19.905471801757812
v -13.385650634765625 -12.412857055664062 0
v -14.20941162109375 -13.097320556640625 0
v -14.20941162109375 -13.097320556640625 0
v -15.149200439453125 -13.605903625488281 19.905471801757812
v -14.209381103515625 -13.097301483154297 19.905471801757812
v -15.149200439453125 -13.605903625488281 19.905471801757812
v -14.20941162109375 -13.097320556640625 0
v -15.14923095703125 -13.60592269897461 0
v -15.14923095703125 -13.60592269897461 0
v -16.1689453125 -13.919116973876953 19.905471801757812
v -15.149200439453125 -13.605903625488281 19.905471801757812
v -16.1689453125 -13.919116973876953 19.905471801757812
v -15.14923095703125 -13.60592269897461 0
v -16.16900634765625 -13.919116973876953 0
v -17.229522705078125 -14.02487564086914 0
v -17.229522705078125 -14.02487564086914 19.905471801757812
v -16.16900634765625 -13.919116973876953 0
v -16.16900634765625 -13.919116973876953 0
v -17.229522705078125 -14.02487564086914 19.905471801757812
v -16.1689453125 -13.919116973876953 19.905471801757812
v -17.229522705078125 -14.02487564086914 19.905471801757812
v -15.86383056640625 -15.509754180908203 20.014719009399414
v -16.1689453125 -13.919116973876953 19.905471801757812
v -15.86383056640625 -15.509754180908203 20.014719009399414
v -17.229522705078125 -14.02487564086914 19.905471801757812
v -17.229522705078125 -15.64426040649414 20.014719009399414
v -16.1689453125 -13.919116973876953 19.905471801757812
v -14.550689697265625 -15.111408233642578 20.014719009399414
v -15.149200439453125 -13.605903625488281 19.905471801757812
v -14.550689697265625 -15.111408233642578 20.014719009399414
v -16.1689453125 -13.919116973876953 19.905471801757812
v -15.86383056640625 -15.509754180908203 20.014719009399414
v -15.149200439453125 -13.605903625488281 19.905471801757812
v -13.340484619140625 -14.464527130126953 20.014719009399414
v -14.209381103515625 -13.097301483154297 19.905471801757812
v -13.340484619140625 -14.464527130126953 20.014719009399414
v -15.149200439453125 -13.605903625488281 19.905471801757812
v -14.550689697265625 -15.111408233642578 20.014719009399414
v -14.209381103515625 -13.097301483154297 19.905471801757812
v -12.279754638671875 -13.593982696533203 20.014719009399414
v -13.385650634765625 -12.412822723388672 19.905471801757812
v -12.279754638671875 -13.593982696533203 20.014719009399414
v -14.209381103515625 -13.097301483154297 19.905471801757812
v -13.340484619140625 -14.464527130126953 20.014719009399414
v -13.385650634765625 -12.412822723388672 19.905471801757812
v -11.409210205078125 -12.533222198486328 20.014719009399414
v -12.7095947265625 -11.578800201416016 19.905471801757812
v -11.409210205078125 -12.533222198486328 20.014719009399414
v -13.385650634765625 -12.412822723388672 19.905471801757812
v -12.279754638671875 -13.593982696533203 20.014719009399414
v -12.7095947265625 -11.578800201416016 19.905471801757812
v -10.762359619140625 -11.323013305664062 20.014719009399414
v -12.207244873046875 -10.627262115478516 19.905471801757812
v -10.762359619140625 -11.323013305664062 20.014719009399414
v -12.7095947265625 -11.578800201416016 19.905471801757812
v -11.409210205078125 -12.533222198486328 20.014719009399414
v -12.207244873046875 -10.627262115478516 19.905471801757812
v -10.364013671875 -10.009857177734375 20.014719009399414
v -11.897918701171875 -9.594779968261719 19.905471801757812
v -10.364013671875 -10.009857177734375 20.014719009399414
v -12.207244873046875 -10.627262115478516 19.905471801757812
v -10.762359619140625 -11.323013305664062 20.014719009399414
v -11.897918701171875 -9.594779968261719 19.905471801757812
v -10.229522705078125 -8.64422607421875 20.014719009399414
v -11.79345703125 -8.52105712890625 19.905471801757812
v -10.229522705078125 -8.64422607421875 20.014719009399414
v -11.897918701171875 -9.594779968261719 19.905471801757812
v -10.364013671875 -10.009857177734375 20.014719009399414
v -11.79345703125 -8.52105712890625 19.905471801757812
v -10.364044189453125 -7.278594970703125 20.014719009399414
v -11.897918701171875 -7.447319030761719 19.905471801757812
v -10.364044189453125 -7.278594970703125 20.014719009399414
v -11.79345703125 -8.52105712890625 19.905471801757812
v -10.229522705078125 -8.64422607421875 20.014719009399414
v -11.897918701171875 -7.447319030761719 19.905471801757812
v -10.762359619140625 -5.9654541015625 20.014719009399414
v -12.207275390625 -6.414852142333984 19.905471801757812
v -10.762359619140625 -5.9654541015625 20.014719009399414
v -11.897918701171875 -7.447319030761719 19.905471801757812
v -10.364044189453125 -7.278594970703125 20.014719009399414
v -12.207275390625 -6.414852142333984 19.905471801757812
v -11.40924072265625 -4.755252838134766 20.014719009399414
v -12.709625244140625 -5.463314056396484 19.905471801757812
v -11.40924072265625 -4.755252838134766 20.014719009399414
v -12.207275390625 -6.414852142333984 19.905471801757812
v -10.762359619140625 -5.9654541015625 20.014719009399414
v -12.709625244140625 -5.463314056396484 19.905471801757812
v -12.27978515625 -3.694507598876953 20.014719009399414
v -13.38568115234375 -4.629291534423828 19.905471801757812
v -12.27978515625 -3.694507598876953 20.014719009399414
v -12.709625244140625 -5.463314056396484 19.905471801757812
v -11.40924072265625 -4.755252838134766 20.014719009399414
v -21.073394775390625 -4.629291534423828 19.905471801757812
v -23.0498046875 -4.755268096923828 20.014719009399414
v -21.749420166015625 -5.463329315185547 19.905471801757812
v -23.0498046875 -4.755268096923828 20.014719009399414
v -21.073394775390625 -4.629291534423828 19.905471801757812
v -22.17926025390625 -3.694507598876953 20.014719009399414
v -21.749420166015625 -5.463329315185547 19.905471801757812
v -23.696685791015625 -5.965473175048828 20.014719009399414
v -22.251739501953125 -6.414852142333984 19.905471801757812
v -23.696685791015625 -5.965473175048828 20.014719009399414
v -21.749420166015625 -5.463329315185547 19.905471801757812
v -23.0498046875 -4.755268096923828 20.014719009399414
v -22.251739501953125 -6.414852142333984 19.905471801757812
v -24.09503173828125 -7.278614044189453 20.014719009399414
v -22.56109619140625 -7.447319030761719 19.905471801757812
v -24.09503173828125 -7.278614044189453 20.014719009399414
v -22.251739501953125 -6.414852142333984 19.905471801757812
v -23.696685791015625 -5.965473175048828 20.014719009399414
v -22.56109619140625 -7.447319030761719 19.905471801757812
v -24.229522705078125 -8.644245147705078 20.014719009399414
v -22.665557861328125 -8.52105712890625 19.905471801757812
v -24.229522705078125 -8.644245147705078 20.014719009399414
v -22.56109619140625 -7.447319030761719 19.905471801757812
v -24.09503173828125 -7.278614044189453 20.014719009399414
v -22.665557861328125 -8.52105712890625 19.905471801757812
v -24.09503173828125 -10.009876251220703 20.014719009399414
v -22.56109619140625 -9.594799041748047 19.905471801757812
v -24.09503173828125 -10.009876251220703 20.014719009399414
v -22.665557861328125 -8.52105712890625 19.905471801757812
v -24.229522705078125 -8.644245147705078 20.014719009399414
v -22.56109619140625 -9.594799041748047 19.905471801757812
v -23.696685791015625 -11.32303237915039 20.014719009399414
v -22.25177001953125 -10.627277374267578 19.905471801757812
v -23.696685791015625 -11.32303237915039 20.014719009399414
v -22.56109619140625 -9.594799041748047 19.905471801757812
v -24.09503173828125 -10.009876251220703 20.014719009399414
v -22.25177001953125 -10.627277374267578 19.905471801757812
v -23.0498046875 -12.53323745727539 20.014719009399414
v -21.74945068359375 -11.578800201416016 19.905471801757812
v -23.0498046875 -12.53323745727539 20.014719009399414
v -22.25177001953125 -10.627277374267578 19.905471801757812
v -23.696685791015625 -11.32303237915039 20.014719009399414
v -21.74945068359375 -11.578800201416016 19.905471801757812
v -22.179290771484375 -13.593997955322266 20.014719009399414
v -21.073394775390625 -12.412837982177734 19.905471801757812
v -22.179290771484375 -13.593997955322266 20.014719009399414
v -21.74945068359375 -11.578800201416016 19.905471801757812
v -23.0498046875 -12.53323745727539 20.014719009399414
v -21.073394775390625 -12.412837982177734 19.905471801757812
v -21.1185302734375 -14.464542388916016 20.014719009399414
v -20.249603271484375 -13.097301483154297 19.905471801757812
v -21.1185302734375 -14.464542388916016 20.014719009399414
v -21.073394775390625 -12.412837982177734 19.905471801757812
v -22.179290771484375 -13.593997955322266 20.014719009399414
v -20.249603271484375 -13.097301483154297 19.905471801757812
v -19.9083251953125 -15.11142349243164 20.014719009399414
v -19.309814453125 -13.60592269897461 19.905471801757812
v -19.9083251953125 -15.11142349243164 20.014719009399414
v -20.249603271484375 -13.097301483154297 19.905471801757812
v -21.1185302734375 -14.464542388916016 20.014719009399414
v -19.309814453125 -13.60592269897461 19.905471801757812
v -18.59515380859375 -15.509754180908203 20.014719009399414
v -18.2900390625 -13.919116973876953 19.905471801757812
v -18.59515380859375 -15.509754180908203 20.014719009399414
v -19.309814453125 -13.60592269897461 19.905471801757812
v -19.9083251953125 -15.11142349243164 20.014719009399414
v -18.2900390625 -13.919116973876953 19.905471801757812
v -17.229522705078125 -15.64426040649414 20.014719009399414
v -17.229522705078125 -14.02487564086914 19.905471801757812
v -17.229522705078125 -15.64426040649414 20.014719009399414
v -18.2900390625 -13.919116973876953 19.905471801757812
v -18.59515380859375 -15.509754180908203 20.014719009399414
v -18.59515380859375 -15.509754180908203 20.014719009399414
v -17.229522705078125 -15.64426040649414 0
v -17.229522705078125 -15.64426040649414 20.014719009399414
v -17.229522705078125 -15.64426040649414 0
v -18.59515380859375 -15.509754180908203 20.014719009399414
v -18.59515380859375 -15.509754180908203 0
v -19.9083251953125 -15.11142349243164 20.014719009399414
v -18.59515380859375 -15.509754180908203 0
v -18.59515380859375 -15.509754180908203 20.014719009399414
v -18.59515380859375 -15.509754180908203 0
v -19.9083251953125 -15.11142349243164 20.014719009399414
v -19.9083251953125 -15.11142349243164 0
v -21.1185302734375 -14.464542388916016 20.014719009399414
v -19.9083251953125 -15.11142349243164 0
v -19.9083251953125 -15.11142349243164 20.014719009399414
v -19.9083251953125 -15.11142349243164 0
v -21.1185302734375 -14.464542388916016 20.014719009399414
v -21.1185302734375 -14.464542388916016 0
v -22.179290771484375 -13.593997955322266 20.014719009399414
v -21.1185302734375 -14.464542388916016 0
v -21.1185302734375 -14.464542388916016 20.014719009399414
v -21.1185302734375 -14.464542388916016 0
v -22.179290771484375 -13.593997955322266 20.014719009399414
v -22.179290771484375 -13.593997955322266 0
v -23.0498046875 -12.53323745727539 20.014719009399414
v -22.179290771484375 -13.593997955322266 0
v -22.179290771484375 -13.593997955322266 20.014719009399414
v -22.179290771484375 -13.593997955322266 0
v -23.0498046875 -12.53323745727539 20.014719009399414
v -23.0498046875 -12.53323745727539 0
v -23.696685791015625 -11.32303237915039 20.014719009399414
v -23.0498046875 -12.53323745727539 0
v -23.0498046875 -12.53323745727539 20.014719009399414
v -23.0498046875 -12.53323745727539 0
v -23.696685791015625 -11.32303237915039 20.014719009399414
v -23.696685791015625 -11.32303237915039 0
v -24.09503173828125 -10.009876251220703 20.014719009399414
v -23.696685791015625 -11.32303237915039 0
v -23.696685791015625 -11.32303237915039 20.014719009399414
v -23.696685791015625 -11.32303237915039 0
v -24.09503173828125 -10.009876251220703 20.014719009399414
v -24.09503173828125 -10.009876251220703 0
v -24.229522705078125 -8.644245147705078 20.014719009399414
v -24.09503173828125 -10.009876251220703 0
v -24.09503173828125 -10.009876251220703 20.014719009399414
v -24.09503173828125 -10.009876251220703 0
v -24.229522705078125 -8.644245147705078 20.014719009399414
v -24.229522705078125 -8.644245147705078 0
v -24.09503173828125 -7.278614044189453 20.014719009399414
v -24.229522705078125 -8.644245147705078 0
v -24.229522705078125 -8.644245147705078 20.014719009399414
v -24.229522705078125 -8.644245147705078 0
v -24.09503173828125 -7.278614044189453 20.014719009399414
v -24.09503173828125 -7.278614044189453 0
v -23.696685791015625 -5.965473175048828 20.014719009399414
v -24.09503173828125 -7.278614044189453 0
v -24.09503173828125 -7.278614044189453 20.014719009399414
v -24.09503173828125 -7.278614044189453 0
v -23.696685791015625 -5.965473175048828 20.014719009399414
v -23.696685791015625 -5.965473175048828 0
v -23.0498046875 -4.755268096923828 20.014719009399414
v -23.696685791015625 -5.965473175048828 0
v -23.696685791015625 -5.965473175048828 20.014719009399414
v -23.696685791015625 -5.965473175048828 0
v -23.0498046875 -4.755268096923828 20.014719009399414
v -23.0498046875 -4.755268096923828 0
v -22.17926025390625 -3.694507598876953 20.014719009399414
v -23.0498046875 -4.755268096923828 0
v -23.0498046875 -4.755268096923828 20.014719009399414
v -23.0498046875 -4.755268096923828 0
v -22.17926025390625 -3.694507598876953 20.014719009399414
v -22.17926025390625 -3.694507598876953 0
v -11.40924072265625 -4.755252838134766 20.014719009399414
v -12.27978515625 -3.694507598876953 0
v -12.27978515625 -3.694507598876953 20.014719009399414
v -12.27978515625 -3.694507598876953 0
v -11.40924072265625 -4.755252838134766 20.014719009399414
v -11.40924072265625 -4.755252838134766 0
v -10.762359619140625 -5.9654541015625 20.014719009399414
v -11.40924072265625 -4.755252838134766 0
v -11.40924072265625 -4.755252838134766 20.014719009399414
v -11.40924072265625 -4.755252838134766 0
v -10.762359619140625 -5.9654541015625 20.014719009399414
v -10.762359619140625 -5.9654541015625 0
v -10.364044189453125 -7.278594970703125 20.014719009399414
v -10.762359619140625 -5.9654541015625 0
v -10.762359619140625 -5.9654541015625 20.014719009399414
v -10.762359619140625 -5.9654541015625 0
v -10.364044189453125 -7.278594970703125 20.014719009399414
v -10.364044189453125 -7.278594970703125 0
v -10.229522705078125 -8.64422607421875 20.014719009399414
v -10.364044189453125 -7.278594970703125 0
v -10.364044189453125 -7.278594970703125 20.014719009399414
v -10.364044189453125 -7.278594970703125 0
v -10.229522705078125 -8.64422607421875 20.014719009399414
v -10.229522705078125 -8.64422607421875 0
v -10.364013671875 -10.009857177734375 20.014719009399414
v -10.229522705078125 -8.64422607421875 0
v -10.229522705078125 -8.64422607421875 20.014719009399414
v -10.229522705078125 -8.64422607421875 0
v -10.364013671875 -10.009857177734375 20.014719009399414
v -10.364013671875 -10.009857177734375 0
v -10.762359619140625 -11.323013305664062 20.014719009399414
v -10.364013671875 -10.009857177734375 0
v -10.364013671875 -10.009857177734375 20.014719009399414
v -10.364013671875 -10.009857177734375 0
v -10.762359619140625 -11.323013305664062 20.014719009399414
v -10.762359619140625 -11.323013305664062 0
v -11.409210205078125 -12.533222198486328 20.014719009399414
v -10.762359619140625 -11.323013305664062 0
v -10.762359619140625 -11.323013305664062 20.014719009399414
v -10.762359619140625 -11.323013305664062 0
v -11.409210205078125 -12.533222198486328 20.014719009399414
v -11.409210205078125 -12.533222198486328 0
v -12.279754638671875 -13.593982696533203 20.014719009399414
v -11.409210205078125 -12.533222198486328 0
v -11.409210205078125 -12.533222198486328 20.014719009399414
v -11.409210205078125 -12.533222198486328 0
v -12.279754638671875 -13.593982696533203 20.014719009399414
v -12.279754638671875 -13.593982696533203 0
v -13.340484619140625 -14.464527130126953 20.014719009399414
v -12.279754638671875 -13.593982696533203 0
v -12.279754638671875 -13.593982696533203 20.014719009399414
v -12.279754638671875 -13.593982696533203 0
v -13.340484619140625 -14.464527130126953 20.014719009399414
v -13.340484619140625 -14.464527130126953 0
v -14.550689697265625 -15.111408233642578 20.014719009399414
v -13.340484619140625 -14.464527130126953 0
v -13.340484619140625 -14.464527130126953 20.014719009399414
v -13.340484619140625 -14.464527130126953 0
v -14.550689697265625 -15.111408233642578 20.014719009399414
v -14.550689697265625 -15.111408233642578 0
v -15.86383056640625 -15.509754180908203 20.014719009399414
v -14.550689697265625 -15.111408233642578 0
v -14.550689697265625 -15.111408233642578 20.014719009399414
v -14.550689697265625 -15.111408233642578 0
v -15.86383056640625 -15.509754180908203 20.014719009399414
v -15.86383056640625 -15.509754180908203 0
v -17.229522705078125 -15.64426040649414 20.014719009399414
v -15.86383056640625 -15.509754180908203 0
v -15.86383056640625 -15.509754180908203 20.014719009399414
v -15.86383056640625 -15.509754180908203 0
v -17.229522705078125 -15.64426040649414 20.014719009399414
v -17.229522705078125 -15.64426040649414 0
v -13.385650634765625 -4.629306793212891 0
v -11.40924072265625 -4.755252838134766 0
v -12.709625244140625 -5.463329315185547 0
v -11.40924072265625 -4.755252838134766 0
v -13.385650634765625 -4.629306793212891 0
v -12.27978515625 -3.694507598876953 0
v -12.709625244140625 -5.463329315185547 0
v -10.762359619140625 -5.9654541015625 0
v -12.207244873046875 -6.414867401123047 0
v -10.762359619140625 -5.9654541015625 0
v -12.709625244140625 -5.463329315185547 0
v -11.40924072265625 -4.755252838134766 0
v -12.207244873046875 -6.414867401123047 0
v -10.364044189453125 -7.278594970703125 0
v -11.897918701171875 -7.447338104248047 0
v -10.364044189453125 -7.278594970703125 0
v -12.207244873046875 -6.414867401123047 0
v -10.762359619140625 -5.9654541015625 0
v -11.897918701171875 -7.447338104248047 0
v -10.229522705078125 -8.64422607421875 0
v -11.79345703125 -8.521076202392578 0
v -10.229522705078125 -8.64422607421875 0
v -11.897918701171875 -7.447338104248047 0
v -10.364044189453125 -7.278594970703125 0
v -11.79345703125 -8.521076202392578 0
v -10.364013671875 -10.009857177734375 0
v -11.897918701171875 -9.59481430053711 0
v -10.364013671875 -10.009857177734375 0
v -11.79345703125 -8.521076202392578 0
v -10.229522705078125 -8.64422607421875 0
v -11.897918701171875 -9.59481430053711 0
v -10.762359619140625 -11.323013305664062 0
v -12.207275390625 -10.627296447753906 0
v -10.762359619140625 -11.323013305664062 0
v -11.897918701171875 -9.59481430053711 0
v -10.364013671875 -10.009857177734375 0
v -12.207275390625 -10.627296447753906 0
v -11.409210205078125 -12.533222198486328 0
v -12.709625244140625 -11.578819274902344 0
v -11.409210205078125 -12.533222198486328 0
v -12.207275390625 -10.627296447753906 0
v -10.762359619140625 -11.323013305664062 0
v -12.709625244140625 -11.578819274902344 0
v -12.279754638671875 -13.593982696533203 0
v -13.385650634765625 -12.412857055664062 0
v -12.279754638671875 -13.593982696533203 0
v -12.709625244140625 -11.578819274902344 0
v -11.409210205078125 -12.533222198486328 0
v -13.385650634765625 -12.412857055664062 0
v -13.340484619140625 -14.464527130126953 0
v -14.20941162109375 -13.097320556640625 0
v -13.340484619140625 -14.464527130126953 0
v -13.385650634765625 -12.412857055664062 0
v -12.279754638671875 -13.593982696533203 0
v -14.20941162109375 -13.097320556640625 0
v -14.550689697265625 -15.111408233642578 0
v -15.14923095703125 -13.60592269897461 0
v -14.550689697265625 -15.111408233642578 0
v -14.20941162109375 -13.097320556640625 0
v -13.340484619140625 -14.464527130126953 0
v -15.14923095703125 -13.60592269897461 0
v -15.86383056640625 -15.509754180908203 0
v -16.16900634765625 -13.919116973876953 0
v -15.86383056640625 -15.509754180908203 0
v -15.14923095703125 -13.60592269897461 0
v -14.550689697265625 -15.111408233642578 0
v -17.229522705078125 -14.02487564086914 0
v -15.86383056640625 -15.509754180908203 0
v -17.229522705078125 -15.64426040649414 0
v -15.86383056640625 -15.509754180908203 0
v -17.229522705078125 -14.02487564086914 0
v -16.16900634765625 -13.919116973876953 0
v -17.229522705078125 -14.02487564086914 0
v -18.59515380859375 -15.509754180908203 0
v -18.290008544921875 -13.919116973876953 0
v -18.59515380859375 -15.509754180908203 0
v -17.229522705078125 -14.02487564086914 0
v -17.229522705078125 -15.64426040649414 0
v -18.290008544921875 -13.919116973876953 0
v -19.9083251953125 -15.11142349243164 0
v -19.309814453125 -13.60592269897461 0
v -19.9083251953125 -15.11142349243164 0
v -18.290008544921875 -13.919116973876953 0
v -18.59515380859375 -15.509754180908203 0
v -19.309814453125 -13.60592269897461 0
v -21.1185302734375 -14.464542388916016 0
v -20.249603271484375 -13.097320556640625 0
v -21.1185302734375 -14.464542388916016 0
v -19.309814453125 -13.60592269897461 0
v -19.9083251953125 -15.11142349243164 0
v -20.249603271484375 -13.097320556640625 0
v -22.179290771484375 -13.593997955322266 0
v -21.073394775390625 -12.412837982177734 0
v -22.179290771484375 -13.593997955322266 0
v -20.249603271484375 -13.097320556640625 0
v -21.1185302734375 -14.464542388916016 0
v -21.073394775390625 -12.412837982177734 0
v -23.0498046875 -12.53323745727539 0
v -21.749420166015625 -11.578819274902344 0
v -23.0498046875 -12.53323745727539 0
v -21.073394775390625 -12.412837982177734 0
v -22.179290771484375 -13.593997955322266 0
v -21.749420166015625 -11.578819274902344 0
v -23.696685791015625 -11.32303237915039 0
v -22.25177001953125 -10.627277374267578 0
v -23.696685791015625 -11.32303237915039 0
v -21.749420166015625 -11.578819274902344 0
v -23.0498046875 -12.53323745727539 0
v -22.25177001953125 -10.627277374267578 0
v -24.09503173828125 -10.009876251220703 0
v -22.56109619140625 -9.59481430053711 0
v -24.09503173828125 -10.009876251220703 0
v -22.25177001953125 -10.627277374267578 0
v -23.696685791015625 -11.32303237915039 0
v -22.56109619140625 -9.59481430053711 0
v -24.229522705078125 -8.644245147705078 0
v -22.665557861328125 -8.521076202392578 0
v -24.229522705078125 -8.644245147705078 0
v -22.56109619140625 -9.59481430053711 0
v -24.09503173828125 -10.009876251220703 0
v -22.665557861328125 -8.521076202392578 0
v -24.09503173828125 -7.278614044189453 0
v -22.56109619140625 -7.447338104248047 0
v -24.09503173828125 -7.278614044189453 0
v -22.665557861328125 -8.521076202392578 0
v -24.229522705078125 -8.644245147705078 0
v -22.56109619140625 -7.447338104248047 0
v -23.696685791015625 -5.965473175048828 0
v -22.25177001953125 -6.414867401123047 0
v -23.696685791015625 -5.965473175048828 0
v -22.56109619140625 -7.447338104248047 0
v -24.09503173828125 -7.278614044189453 0
v -22.25177001953125 -6.414867401123047 0
v -23.0498046875 -4.755268096923828 0
v -21.749420166015625 -5.463329315185547 0
v -23.0498046875 -4.755268096923828 0
v -22.25177001953125 -6.414867401123047 0
v -23.696685791015625 -5.965473175048828 0
v -21.749420166015625 -5.463329315185547 0
v -22.17926025390625 -3.694507598876953 0
v -21.073394775390625 -4.629306793212891 0
v -22.17926025390625 -3.694507598876953 0
v -21.749420166015625 -5.463329315185547 0
v -23.0498046875 -4.755268096923828 0
v -13.38568115234375 -4.629291534423828 19.905471801757812
v -12.27978515625 -3.694507598876953 20.014719009399414
v -13.385650634765625 -4.629306793212891 0
v -13.385650634765625 -4.629306793212891 0
v -12.27978515625 -3.694507598876953 20.014719009399414
v -12.27978515625 -3.694507598876953 0
v -21.073394775390625 -4.629291534423828 19.905471801757812
v -21.073394775390625 -4.629306793212891 0
v -22.17926025390625 -3.694507598876953 0
v -21.073394775390625 -4.629291534423828 19.905471801757812
v -22.17926025390625 -3.694507598876953 0
v -22.17926025390625 -3.694507598876953 20.014719009399414
v 17.30615234375 -14.163440704345703 0
v 16.243988037109375 -14.057380676269531 25.377498626708984
v 17.30615234375 -14.163440704345703 25.377498626708984
v 16.243988037109375 -14.057380676269531 25.377498626708984
v 17.30615234375 -14.163440704345703 0
v 16.2440185546875 -14.057380676269531 0
v 16.2440185546875 -14.057380676269531 0
v 15.222686767578125 -13.74331283569336 25.377498626708984
v 16.243988037109375 -14.057380676269531 25.377498626708984
v 15.222686767578125 -13.74331283569336 25.377498626708984
v 16.2440185546875 -14.057380676269531 0
v 15.222686767578125 -13.74331283569336 0
v 15.222686767578125 -13.74331283569336 0
v 14.28143310546875 -13.233272552490234 25.377498626708984
v 15.222686767578125 -13.74331283569336 25.377498626708984
v 14.28143310546875 -13.233272552490234 25.377498626708984
v 15.222686767578125 -13.74331283569336 0
v 14.28143310546875 -13.233287811279297 0
v 14.28143310546875 -13.233287811279297 0
v 13.4564208984375 -12.546894073486328 25.377498626708984
v 14.28143310546875 -13.233272552490234 25.377498626708984
v 13.4564208984375 -12.546894073486328 25.377498626708984
v 14.28143310546875 -13.233287811279297 0
v 13.4564208984375 -12.546894073486328 0
v 13.4564208984375 -12.546894073486328 0
v 12.779327392578125 -11.710529327392578 25.377498626708984
v 13.4564208984375 -12.546894073486328 25.377498626708984
v 12.779327392578125 -11.710529327392578 25.377498626708984
v 13.4564208984375 -12.546894073486328 0
v 12.77935791015625 -11.71054458618164 0
v 12.77935791015625 -11.71054458618164 0
v 12.276214599609375 -10.756343841552734 25.377498626708984
v 12.779327392578125 -11.710529327392578 25.377498626708984
v 12.276214599609375 -10.756343841552734 25.377498626708984
v 12.77935791015625 -11.71054458618164 0
v 12.276214599609375 -10.756343841552734 0
v 12.276214599609375 -10.756343841552734 0
v 11.9664306640625 -9.720977783203125 25.377498626708984
v 12.276214599609375 -10.756343841552734 25.377498626708984
v 11.9664306640625 -9.720977783203125 25.377498626708984
v 12.276214599609375 -10.756343841552734 0
v 11.9664306640625 -9.720996856689453 0
v 11.9664306640625 -9.720996856689453 0
v 11.86181640625 -8.644237518310547 25.377498626708984
v 11.9664306640625 -9.720977783203125 25.377498626708984
v 11.86181640625 -8.644237518310547 25.377498626708984
v 11.9664306640625 -9.720996856689453 0
v 11.86181640625 -8.64425277709961 0
v 11.86181640625 -8.64425277709961 0
v 11.9664306640625 -7.567501068115234 25.377498626708984
v 11.86181640625 -8.644237518310547 25.377498626708984
v 11.9664306640625 -7.567501068115234 25.377498626708984
v 11.86181640625 -8.64425277709961 0
v 11.9664306640625 -7.567516326904297 0
v 11.9664306640625 -7.567516326904297 0
v 12.2762451171875 -6.532146453857422 25.377498626708984
v 11.9664306640625 -7.567501068115234 25.377498626708984
v 12.2762451171875 -6.532146453857422 25.377498626708984
v 11.9664306640625 -7.567516326904297 0
v 12.276214599609375 -6.532161712646484 0
v 12.276214599609375 -6.532161712646484 0
v 12.77935791015625 -5.577964782714844 25.377498626708984
v 12.2762451171875 -6.532146453857422 25.377498626708984
v 12.77935791015625 -5.577964782714844 25.377498626708984
v 12.276214599609375 -6.532161712646484 0
v 12.77935791015625 -5.577964782714844 0
v 21.832916259765625 -5.577964782714844 0
v 22.336029052734375 -6.532146453857422 25.377498626708984
v 21.832916259765625 -5.577945709228516 25.377498626708984
v 22.336029052734375 -6.532146453857422 25.377498626708984
v 21.832916259765625 -5.577964782714844 0
v 22.3360595703125 -6.532161712646484 0
v 22.3360595703125 -6.532161712646484 0
v 22.645843505859375 -7.567501068115234 25.377498626708984
v 22.336029052734375 -6.532146453857422 25.377498626708984
v 22.645843505859375 -7.567501068115234 25.377498626708984
v 22.3360595703125 -6.532161712646484 0
v 22.645843505859375 -7.567516326904297 0
v 22.645843505859375 -7.567516326904297 0
v 22.75048828125 -8.644237518310547 25.377498626708984
v 22.645843505859375 -7.567501068115234 25.377498626708984
v 22.75048828125 -8.644237518310547 25.377498626708984
v 22.645843505859375 -7.567516326904297 0
v 22.75048828125 -8.64425277709961 0
v 22.75048828125 -8.64425277709961 0
v 22.645843505859375 -9.720958709716797 25.377498626708984
v 22.75048828125 -8.644237518310547 25.377498626708984
v 22.645843505859375 -9.720958709716797 25.377498626708984
v 22.75048828125 -8.64425277709961 0
v 22.645843505859375 -9.720996856689453 0
v 22.645843505859375 -9.720996856689453 0
v 22.3360595703125 -10.756328582763672 25.377498626708984
v 22.645843505859375 -9.720958709716797 25.377498626708984
v 22.3360595703125 -10.756328582763672 25.377498626708984
v 22.645843505859375 -9.720996856689453 0
v 22.336029052734375 -10.756362915039062 0
v 22.336029052734375 -10.756362915039062 0
v 21.83294677734375 -11.710529327392578 25.377498626708984
v 22.3360595703125 -10.756328582763672 25.377498626708984
v 21.83294677734375 -11.710529327392578 25.377498626708984
v 22.336029052734375 -10.756362915039062 0
v 21.832916259765625 -11.71054458618164 0
v 21.832916259765625 -11.71054458618164 0
v 21.1558837890625 -12.546878814697266 25.377498626708984
v 21.83294677734375 -11.710529327392578 25.377498626708984
v 21.1558837890625 -12.546878814697266 25.377498626708984
v 21.832916259765625 -11.71054458618164 0
v 21.1558837890625 -12.546913146972656 0
v 21.1558837890625 -12.546913146972656 0
v 20.33087158203125 -13.233272552490234 25.377498626708984
v 21.1558837890625 -12.546878814697266 25.377498626708984
v 20.33087158203125 -13.233272552490234 25.377498626708984
v 21.1558837890625 -12.546913146972656 0
v 20.330841064453125 -13.233287811279297 0
v 20.330841064453125 -13.233287811279297 0
v 19.3896484375 -13.743293762207031 25.377498626708984
v 20.33087158203125 -13.233272552490234 25.377498626708984
v 19.3896484375 -13.743293762207031 25.377498626708984
v 20.330841064453125 -13.233287811279297 0
v 19.389617919921875 -13.74331283569336 0
v 19.389617919921875 -13.74331283569336 0
v 18.368316650390625 -14.057380676269531 25.377498626708984
v 19.3896484375 -13.743293762207031 25.377498626708984
v 18.368316650390625 -14.057380676269531 25.377498626708984
v 19.389617919921875 -13.74331283569336 0
v 18.368255615234375 -14.057380676269531 0
v 17.30615234375 -14.163440704345703 0
v 17.30615234375 -14.163440704345703 25.377498626708984
v 18.368255615234375 -14.057380676269531 0
v 18.368255615234375 -14.057380676269531 0
v 17.30615234375 -14.163440704345703 25.377498626708984
v 18.368316650390625 -14.057380676269531 25.377498626708984
v 17.30615234375 -14.163440704345703 25.377498626708984
v 18.671844482421875 -15.509746551513672 25.486745834350586
v 18.368316650390625 -14.057380676269531 25.377498626708984
v 18.671844482421875 -15.509746551513672 25.486745834350586
v 17.30615234375 -14.163440704345703 25.377498626708984
v 17.30615234375 -15.64425277709961 25.486745834350586
v 18.368316650390625 -14.057380676269531 25.377498626708984
v 19.9849853515625 -15.111400604248047 25.486745834350586
v 19.3896484375 -13.743293762207031 25.377498626708984
v 19.9849853515625 -15.111400604248047 25.486745834350586
v 18.368316650390625 -14.057380676269531 25.377498626708984
v 18.671844482421875 -15.509746551513672 25.486745834350586
v 19.3896484375 -13.743293762207031 25.377498626708984
v 21.1951904296875 -14.464519500732422 25.486745834350586
v 20.33087158203125 -13.233272552490234 25.377498626708984
v 21.1951904296875 -14.464519500732422 25.486745834350586
v 19.3896484375 -13.743293762207031 25.377498626708984
v 19.9849853515625 -15.111400604248047 25.486745834350586
v 20.33087158203125 -13.233272552490234 25.377498626708984
v 22.25592041015625 -13.593975067138672 25.486745834350586
v 21.1558837890625 -12.546878814697266 25.377498626708984
v 22.25592041015625 -13.593975067138672 25.486745834350586
v 20.33087158203125 -13.233272552490234 25.377498626708984
v 21.1951904296875 -14.464519500732422 25.486745834350586
v 21.1558837890625 -12.546878814697266 25.377498626708984
v 23.12646484375 -12.533214569091797 25.486745834350586
v 21.83294677734375 -11.710529327392578 25.377498626708984
v 23.12646484375 -12.533214569091797 25.486745834350586
v 21.1558837890625 -12.546878814697266 25.377498626708984
v 22.25592041015625 -13.593975067138672 25.486745834350586
v 21.83294677734375 -11.710529327392578 25.377498626708984
v 23.7733154296875 -11.323009490966797 25.486745834350586
v 22.3360595703125 -10.756328582763672 25.377498626708984
v 23.7733154296875 -11.323009490966797 25.486745834350586
v 21.83294677734375 -11.710529327392578 25.377498626708984
v 23.12646484375 -12.533214569091797 25.486745834350586
v 22.3360595703125 -10.756328582763672 25.377498626708984
v 24.171661376953125 -10.00985336303711 25.486745834350586
v 22.645843505859375 -9.720958709716797 25.377498626708984
v 24.171661376953125 -10.00985336303711 25.486745834350586
v 22.3360595703125 -10.756328582763672 25.377498626708984
v 23.7733154296875 -11.323009490966797 25.486745834350586
v 22.645843505859375 -9.720958709716797 25.377498626708984
v 24.30615234375 -8.644222259521484 25.486745834350586
v 22.75048828125 -8.644237518310547 25.377498626708984
v 24.30615234375 -8.644222259521484 25.486745834350586
v 22.645843505859375 -9.720958709716797 25.377498626708984
v 24.171661376953125 -10.00985336303711 25.486745834350586
v 22.75048828125 -8.644237518310547 25.377498626708984
v 24.171630859375 -7.278591156005859 25.486745834350586
v 22.645843505859375 -7.567501068115234 25.377498626708984
v 24.171630859375 -7.278591156005859 25.486745834350586
v 22.75048828125 -8.644237518310547 25.377498626708984
v 24.30615234375 -8.644222259521484 25.486745834350586
v 22.645843505859375 -7.567501068115234 25.377498626708984
v 23.7733154296875 -5.965450286865234 25.486745834350586
v 22.336029052734375 -6.532146453857422 25.377498626708984
v 23.7733154296875 -5.965450286865234 25.486745834350586
v 22.645843505859375 -7.567501068115234 25.377498626708984
v 24.171630859375 -7.278591156005859 25.486745834350586
v 22.336029052734375 -6.532146453857422 25.377498626708984
v 23.126434326171875 -4.755245208740234 25.486745834350586
v 21.832916259765625 -5.577945709228516 25.377498626708984
v 23.126434326171875 -4.755245208740234 25.486745834350586
v 22.336029052734375 -6.532146453857422 25.377498626708984
v 23.7733154296875 -5.965450286865234 25.486745834350586
v 12.77935791015625 -5.577964782714844 25.377498626708984
v 10.8389892578125 -5.9654693603515625 25.486745834350586
v 12.2762451171875 -6.532146453857422 25.377498626708984
v 10.8389892578125 -5.9654693603515625 25.486745834350586
v 12.77935791015625 -5.577964782714844 25.377498626708984
v 11.485870361328125 -4.755260467529297 25.486745834350586
v 12.2762451171875 -6.532146453857422 25.377498626708984
v 10.440643310546875 -7.2786102294921875 25.486745834350586
v 11.9664306640625 -7.567501068115234 25.377498626708984
v 10.440643310546875 -7.2786102294921875 25.486745834350586
v 12.2762451171875 -6.532146453857422 25.377498626708984
v 10.8389892578125 -5.9654693603515625 25.486745834350586
v 11.9664306640625 -7.567501068115234 25.377498626708984
v 10.30615234375 -8.644241333007812 25.486745834350586
v 11.86181640625 -8.644237518310547 25.377498626708984
v 10.30615234375 -8.644241333007812 25.486745834350586
v 11.9664306640625 -7.567501068115234 25.377498626708984
v 10.440643310546875 -7.2786102294921875 25.486745834350586
v 11.86181640625 -8.644237518310547 25.377498626708984
v 10.440643310546875 -10.009872436523438 25.486745834350586
v 11.9664306640625 -9.720977783203125 25.377498626708984
v 10.440643310546875 -10.009872436523438 25.486745834350586
v 11.86181640625 -8.644237518310547 25.377498626708984
v 10.30615234375 -8.644241333007812 25.486745834350586
v 11.9664306640625 -9.720977783203125 25.377498626708984
v 10.8389892578125 -11.323028564453125 25.486745834350586
v 12.276214599609375 -10.756343841552734 25.377498626708984
v 10.8389892578125 -11.323028564453125 25.486745834350586
v 11.9664306640625 -9.720977783203125 25.377498626708984
v 10.440643310546875 -10.009872436523438 25.486745834350586
v 12.276214599609375 -10.756343841552734 25.377498626708984
v 11.485870361328125 -12.53322982788086 25.486745834350586
v 12.779327392578125 -11.710529327392578 25.377498626708984
v 11.485870361328125 -12.53322982788086 25.486745834350586
v 12.276214599609375 -10.756343841552734 25.377498626708984
v 10.8389892578125 -11.323028564453125 25.486745834350586
v 12.779327392578125 -11.710529327392578 25.377498626708984
v 12.35638427734375 -13.593990325927734 25.486745834350586
v 13.4564208984375 -12.546894073486328 25.377498626708984
v 12.35638427734375 -13.593990325927734 25.486745834350586
v 12.779327392578125 -11.710529327392578 25.377498626708984
v 11.485870361328125 -12.53322982788086 25.486745834350586
v 13.4564208984375 -12.546894073486328 25.377498626708984
v 13.417144775390625 -14.464534759521484 25.486745834350586
v 14.28143310546875 -13.233272552490234 25.377498626708984
v 13.417144775390625 -14.464534759521484 25.486745834350586
v 13.4564208984375 -12.546894073486328 25.377498626708984
v 12.35638427734375 -13.593990325927734 25.486745834350586
v 14.28143310546875 -13.233272552490234 25.377498626708984
v 14.627349853515625 -15.11141586303711 25.486745834350586
v 15.222686767578125 -13.74331283569336 25.377498626708984
v 14.627349853515625 -15.11141586303711 25.486745834350586
v 14.28143310546875 -13.233272552490234 25.377498626708984
v 13.417144775390625 -14.464534759521484 25.486745834350586
v 15.222686767578125 -13.74331283569336 25.377498626708984
v 15.940521240234375 -15.509746551513672 25.486745834350586
v 16.243988037109375 -14.057380676269531 25.377498626708984
v 15.940521240234375 -15.509746551513672 25.486745834350586
v 15.222686767578125 -13.74331283569336 25.377498626708984
v 14.627349853515625 -15.11141586303711 25.486745834350586
v 16.243988037109375 -14.057380676269531 25.377498626708984
v 17.30615234375 -15.64425277709961 25.486745834350586
v 17.30615234375 -14.163440704345703 25.377498626708984
v 17.30615234375 -15.64425277709961 25.486745834350586
v 16.243988037109375 -14.057380676269531 25.377498626708984
v 15.940521240234375 -15.509746551513672 25.486745834350586
v 15.940521240234375 -15.509746551513672 25.486745834350586
v 17.30615234375 -15.64425277709961 0
v 17.30615234375 -15.64425277709961 25.486745834350586
v 17.30615234375 -15.64425277709961 0
v 15.940521240234375 -15.509746551513672 25.486745834350586
v 15.940521240234375 -15.509746551513672 0
v 14.627349853515625 -15.11141586303711 25.486745834350586
v 15.940521240234375 -15.509746551513672 0
v 15.940521240234375 -15.509746551513672 25.486745834350586
v 15.940521240234375 -15.509746551513672 0
v 14.627349853515625 -15.11141586303711 25.486745834350586
v 14.627349853515625 -15.11141586303711 0
v 13.417144775390625 -14.464534759521484 25.486745834350586
v 14.627349853515625 -15.11141586303711 0
v 14.627349853515625 -15.11141586303711 25.486745834350586
v 14.627349853515625 -15.11141586303711 0
v 13.417144775390625 -14.464534759521484 25.486745834350586
v 13.417144775390625 -14.464534759521484 0
v 12.35638427734375 -13.593990325927734 25.486745834350586
v 13.417144775390625 -14.464534759521484 0
v 13.417144775390625 -14.464534759521484 25.486745834350586
v 13.417144775390625 -14.464534759521484 0
v 12.35638427734375 -13.593990325927734 25.486745834350586
v 12.35638427734375 -13.593990325927734 0
v 11.485870361328125 -12.53322982788086 25.486745834350586
v 12.35638427734375 -13.593990325927734 0
v 12.35638427734375 -13.593990325927734 25.486745834350586
v 12.35638427734375 -13.593990325927734 0
v 11.485870361328125 -12.53322982788086 25.486745834350586
v 11.485870361328125 -12.53322982788086 0
v 10.8389892578125 -11.323028564453125 25.486745834350586
v 11.485870361328125 -12.53322982788086 0
v 11.485870361328125 -12.53322982788086 25.486745834350586
v 11.485870361328125 -12.53322982788086 0
v 10.8389892578125 -11.323028564453125 25.486745834350586
v 10.8389892578125 -11.323028564453125 0
v 10.440643310546875 -10.009872436523438 25.486745834350586
v 10.8389892578125 -11.323028564453125 0
v 10.8389892578125 -11.323028564453125 25.486745834350586
v 10.8389892578125 -11.323028564453125 0
v 10.440643310546875 -10.009872436523438 25.486745834350586
v 10.440643310546875 -10.009872436523438 0
v 10.30615234375 -8.644241333007812 25.486745834350586
v 10.440643310546875 -10.009872436523438 0
v 10.440643310546875 -10.009872436523438 25.486745834350586
v 10.440643310546875 -10.009872436523438 0
v 10.30615234375 -8.644241333007812 25.486745834350586
v 10.30615234375 -8.644241333007812 0
v 10.440643310546875 -7.2786102294921875 25.486745834350586
v 10.30615234375 -8.644241333007812 0
v 10.30615234375 -8.644241333007812 25.486745834350586
v 10.30615234375 -8.644241333007812 0
v 10.440643310546875 -7.2786102294921875 25.486745834350586
v 10.440643310546875 -7.2786102294921875 0
v 10.8389892578125 -5.9654693603515625 25.486745834350586
v 10.440643310546875 -7.2786102294921875 0
v 10.440643310546875 -7.2786102294921875 25.486745834350586
v 10.440643310546875 -7.2786102294921875 0
v 10.8389892578125 -5.9654693603515625 25.486745834350586
v 10.8389892578125 -5.9654693603515625 0
v 11.485870361328125 -4.755260467529297 25.486745834350586
v 10.8389892578125 -5.9654693603515625 0
v 10.8389892578125 -5.9654693603515625 25.486745834350586
v 10.8389892578125 -5.9654693603515625 0
v 11.485870361328125 -4.755260467529297 25.486745834350586
v 11.485870361328125 -4.755260467529297 0
v 23.7733154296875 -5.965450286865234 25.486745834350586
v 23.126434326171875 -4.755245208740234 0
v 23.126434326171875 -4.755245208740234 25.486745834350586
v 23.126434326171875 -4.755245208740234 0
v 23.7733154296875 -5.965450286865234 25.486745834350586
v 23.7733154296875 -5.965450286865234 0
v 24.171630859375 -7.278591156005859 25.486745834350586
v 23.7733154296875 -5.965450286865234 0
v 23.7733154296875 -5.965450286865234 25.486745834350586
v 23.7733154296875 -5.965450286865234 0
v 24.171630859375 -7.278591156005859 25.486745834350586
v 24.171630859375 -7.278591156005859 0
v 24.30615234375 -8.644222259521484 25.486745834350586
v 24.171630859375 -7.278591156005859 0
v 24.171630859375 -7.278591156005859 25.486745834350586
v 24.171630859375 -7.278591156005859 0
v 24.30615234375 -8.644222259521484 25.486745834350586
v 24.30615234375 -8.644222259521484 0
v 24.171661376953125 -10.00985336303711 25.486745834350586
v 24.30615234375 -8.644222259521484 0
v 24.30615234375 -8.644222259521484 25.486745834350586
v 24.30615234375 -8.644222259521484 0
v 24.171661376953125 -10.00985336303711 25.486745834350586
v 24.171661376953125 -10.00985336303711 0
v 23.7733154296875 -11.323009490966797 25.486745834350586
v 24.171661376953125 -10.00985336303711 0
v 24.171661376953125 -10.00985336303711 25.486745834350586
v 24.171661376953125 -10.00985336303711 0
v 23.7733154296875 -11.323009490966797 25.486745834350586
v 23.7733154296875 -11.323009490966797 0
v 23.12646484375 -12.533214569091797 25.486745834350586
v 23.7733154296875 -11.323009490966797 0
v 23.7733154296875 -11.323009490966797 25.486745834350586
v 23.7733154296875 -11.323009490966797 0
v 23.12646484375 -12.533214569091797 25.486745834350586
v 23.12646484375 -12.533214569091797 0
v 22.25592041015625 -13.593975067138672 25.486745834350586
v 23.12646484375 -12.533214569091797 0
v 23.12646484375 -12.533214569091797 25.486745834350586
v 23.12646484375 -12.533214569091797 0
v 22.25592041015625 -13.593975067138672 25.486745834350586
v 22.25592041015625 -13.593975067138672 0
v 21.1951904296875 -14.464519500732422 25.486745834350586
v 22.25592041015625 -13.593975067138672 0
v 22.25592041015625 -13.593975067138672 25.486745834350586
v 22.25592041015625 -13.593975067138672 0
v 21.1951904296875 -14.464519500732422 25.486745834350586
v 21.1951904296875 -14.464519500732422 0
v 19.9849853515625 -15.111400604248047 25.486745834350586
v 21.1951904296875 -14.464519500732422 0
v 21.1951904296875 -14.464519500732422 25.486745834350586
v 21.1951904296875 -14.464519500732422 0
v 19.9849853515625 -15.111400604248047 25.486745834350586
v 19.9849853515625 -15.111400604248047 0
v 18.671844482421875 -15.509746551513672 25.486745834350586
v 19.9849853515625 -15.111400604248047 0
v 19.9849853515625 -15.111400604248047 25.486745834350586
v 19.9849853515625 -15.111400604248047 0
v 18.671844482421875 -15.509746551513672 25.486745834350586
v 18.671844482421875 -15.509746551513672 0
v 17.30615234375 -15.64425277709961 25.486745834350586
v 18.671844482421875 -15.509746551513672 0
v 18.671844482421875 -15.509746551513672 25.486745834350586
v 18.671844482421875 -15.509746551513672 0
v 17.30615234375 -15.64425277709961 25.486745834350586
v 17.30615234375 -15.64425277709961 0
v 23.126434326171875 -4.755245208740234 0
v 21.832916259765625 -5.577964782714844 0
v 21.832916259765625 -5.577945709228516 25.377498626708984
v 11.485870361328125 -4.755260467529297 0
v 12.77935791015625 -5.577964782714844 25.377498626708984
v 12.77935791015625 -5.577964782714844 0
v 21.832916259765625 -5.577964782714844 0
v 23.7733154296875 -5.965450286865234 0
v 22.3360595703125 -6.532161712646484 0
v 23.7733154296875 -5.965450286865234 0
v 21.832916259765625 -5.577964782714844 0
v 23.126434326171875 -4.755245208740234 0
v 22.3360595703125 -6.532161712646484 0
v 24.171630859375 -7.278591156005859 0
v 22.645843505859375 -7.567516326904297 0
v 24.171630859375 -7.278591156005859 0
v 22.3360595703125 -6.532161712646484 0
v 23.7733154296875 -5.965450286865234 0
v 22.645843505859375 -7.567516326904297 0
v 24.30615234375 -8.644222259521484 0
v 22.75048828125 -8.64425277709961 0
v 24.30615234375 -8.644222259521484 0
v 22.645843505859375 -7.567516326904297 0
v 24.171630859375 -7.278591156005859 0
v 22.75048828125 -8.64425277709961 0
v 24.171661376953125 -10.00985336303711 0
v 22.645843505859375 -9.720996856689453 0
v 24.171661376953125 -10.00985336303711 0
v 22.75048828125 -8.64425277709961 0
v 24.30615234375 -8.644222259521484 0
v 22.645843505859375 -9.720996856689453 0
v 23.7733154296875 -11.323009490966797 0
v 22.336029052734375 -10.756362915039062 0
v 23.7733154296875 -11.323009490966797 0
v 22.645843505859375 -9.720996856689453 0
v 24.171661376953125 -10.00985336303711 0
v 22.336029052734375 -10.756362915039062 0
v 23.12646484375 -12.533214569091797 0
v 21.832916259765625 -11.71054458618164 0
v 23.12646484375 -12.533214569091797 0
v 22.336029052734375 -10.756362915039062 0
v 23.7733154296875 -11.323009490966797 0
v 21.832916259765625 -11.71054458618164 0
v 22.25592041015625 -13.593975067138672 0
v 21.1558837890625 -12.546913146972656 0
v 22.25592041015625 -13.593975067138672 0
v 21.832916259765625 -11.71054458618164 0
v 23.12646484375 -12.533214569091797 0
v 21.1558837890625 -12.546913146972656 0
v 21.1951904296875 -14.464519500732422 0
v 20.330841064453125 -13.233287811279297 0
v 21.1951904296875 -14.464519500732422 0
v 21.1558837890625 -12.546913146972656 0
v 22.25592041015625 -13.593975067138672 0
v 20.330841064453125 -13.233287811279297 0
v 19.9849853515625 -15.111400604248047 0
v 19.389617919921875 -13.74331283569336 0
v 19.9849853515625 -15.111400604248047 0
v 20.330841064453125 -13.233287811279297 0
v 21.1951904296875 -14.464519500732422 0
v 19.389617919921875 -13.74331283569336 0
v 18.671844482421875 -15.509746551513672 0
v 18.368255615234375 -14.057380676269531 0
v 18.671844482421875 -15.509746551513672 0
v 19.389617919921875 -13.74331283569336 0
v 19.9849853515625 -15.111400604248047 0
v 17.30615234375 -14.163440704345703 0
v 18.671844482421875 -15.509746551513672 0
v 17.30615234375 -15.64425277709961 0
v 18.671844482421875 -15.509746551513672 0
v 17.30615234375 -14.163440704345703 0
v 18.368255615234375 -14.057380676269531 0
v 17.30615234375 -14.163440704345703 0
v 15.940521240234375 -15.509746551513672 0
v 16.2440185546875 -14.057380676269531 0
v 15.940521240234375 -15.509746551513672 0
v 17.30615234375 -14.163440704345703 0
v 17.30615234375 -15.64425277709961 0
v 16.2440185546875 -14.057380676269531 0
v 14.627349853515625 -15.11141586303711 0
v 15.222686767578125 -13.74331283569336 0
v 14.627349853515625 -15.11141586303711 0
v 16.2440185546875 -14.057380676269531 0
v 15.940521240234375 -15.509746551513672 0
v 15.222686767578125 -13.74331283569336 0
v 13.417144775390625 -14.464534759521484 0
v 14.28143310546875 -13.233287811279297 0
v 13.417144775390625 -14.464534759521484 0
v 15.222686767578125 -13.74331283569336 0
v 14.627349853515625 -15.11141586303711 0
v 14.28143310546875 -13.233287811279297 0
v 12.35638427734375 -13.593990325927734 0
v 13.4564208984375 -12.546894073486328 0
v 12.35638427734375 -13.593990325927734 0
v 14.28143310546875 -13.233287811279297 0
v 13.417144775390625 -14.464534759521484 0
v 13.4564208984375 -12.546894073486328 0
v 11.485870361328125 -12.53322982788086 0
v 12.77935791015625 -11.71054458618164 0
v 11.485870361328125 -12.53322982788086 0
v 13.4564208984375 -12.546894073486328 0
v 12.35638427734375 -13.593990325927734 0
v 12.77935791015625 -11.71054458618164 0
v 10.8389892578125 -11.323028564453125 0
v 12.276214599609375 -10.756343841552734 0
v 10.8389892578125 -11.323028564453125 0
v 12.77935791015625 -11.71054458618164 0
v 11.485870361328125 -12.53322982788086 0
v 12.276214599609375 -10.756343841552734 0
v 10.440643310546875 -10.009872436523438 0
v 11.9664306640625 -9.720996856689453 0
v 10.440643310546875 -10.009872436523438 0
v 12.276214599609375 -10.756343841552734 0
v 10.8389892578125 -11.323028564453125 0
v 11.9664306640625 -9.720996856689453 0
v 10.30615234375 -8.644241333007812 0
v 11.86181640625 -8.64425277709961 0
v 10.30615234375 -8.644241333007812 0
v 11.9664306640625 -9.720996856689453 0
v 10.440643310546875 -10.009872436523438 0
v 11.86181640625 -8.64425277709961 0
v 10.440643310546875 -7.2786102294921875 0
v 11.9664306640625 -7.567516326904297 0
v 10.440643310546875 -7.2786102294921875 0
v 11.86181640625 -8.64425277709961 0
v 10.30615234375 -8.644241333007812 0
v 11.9664306640625 -7.567516326904297 0
v 10.8389892578125 -5.9654693603515625 0
v 12.276214599609375 -6.532161712646484 0
v 10.8389892578125 -5.9654693603515625 0
v 11.9664306640625 -7.567516326904297 0
v 10.440643310546875 -7.2786102294921875 0
v 12.276214599609375 -6.532161712646484 0
v 11.485870361328125 -4.755260467529297 0
v 12.77935791015625 -5.577964782714844 0
v 11.485870361328125 -4.755260467529297 0
v 12.276214599609375 -6.532161712646484 0
v 10.8389892578125 -5.9654693603515625 0
v 23.126434326171875 -4.755245208740234 25.486745834350586
v 23.126434326171875 -4.755245208740234 0
v 21.832916259765625 -5.577945709228516 25.377498626708984
v 11.485870361328125 -4.755260467529297 25.486745834350586
v 12.77935791015625 -5.577964782714844 25.377498626708984
v 11.485870361328125 -4.755260467529297 0
v -18.114105224609375 11.07260513305664 79.92247772216797
v -17.333740234375 14.995746612548828 79.92247772216797
v -18.114105224609375 15.07260513305664 79.92247772216797
v -18.114105224609375 11.07260513305664 79.92247772216797
v -16.5833740234375 14.768123626708984 79.92247772216797
v -17.333740234375 14.995746612548828 79.92247772216797
v -18.114105224609375 11.07260513305664 79.92247772216797
v -15.891815185546875 14.398479461669922 79.92247772216797
v -16.5833740234375 14.768123626708984 79.92247772216797
v -18.114105224609375 11.07260513305664 79.92247772216797
v -15.285675048828125 13.90102767944336 79.92247772216797
v -15.891815185546875 14.398479461669922 79.92247772216797
v -18.114105224609375 11.07260513305664 79.92247772216797
v -14.7882080078125 13.294879913330078 79.92244720458984
v -15.285675048828125 13.90102767944336 79.92247772216797
v -18.114105224609375 11.07260513305664 79.92247772216797
v -14.4185791015625 12.60333251953125 79.92244720458984
v -14.7882080078125 13.294879913330078 79.92244720458984
v -18.114105224609375 11.07260513305664 79.92247772216797
v -14.190948486328125 11.852958679199219 79.92244720458984
v -14.4185791015625 12.60333251953125 79.92244720458984
v -18.114105224609375 11.07260513305664 79.92247772216797
v -14.114105224609375 11.07259750366211 79.92244720458984
v -14.190948486328125 11.852958679199219 79.92244720458984
v -18.114105224609375 11.07260513305664 79.92247772216797
v -14.19097900390625 10.292240142822266 79.92244720458984
v -14.114105224609375 11.07259750366211 79.92244720458984
v -18.114105224609375 11.07260513305664 79.92247772216797
v -14.4185791015625 9.541866302490234 79.92244720458984
v -14.19097900390625 10.292240142822266 79.92244720458984
v -18.114105224609375 11.07260513305664 79.92247772216797
v -14.788238525390625 8.850322723388672 79.92244720458984
v -14.4185791015625 9.541866302490234 79.92244720458984
v -18.114105224609375 11.07260513305664 79.92247772216797
v -15.285675048828125 8.244178771972656 79.92244720458984
v -14.788238525390625 8.850322723388672 79.92244720458984
v -18.114105224609375 11.07260513305664 79.92247772216797
v -15.891815185546875 7.746726989746094 79.92244720458984
v -15.285675048828125 8.244178771972656 79.92244720458984
v -18.114105224609375 11.07260513305664 79.92247772216797
v -16.5833740234375 7.377086639404297 79.92244720458984
v -15.891815185546875 7.746726989746094 79.92244720458984
v -18.114105224609375 11.07260513305664 79.92247772216797
v -17.333740234375 7.149463653564453 79.92244720458984
v -16.5833740234375 7.377086639404297 79.92244720458984
v -18.114105224609375 11.07260513305664 79.92247772216797
v -18.114105224609375 7.072605133056641 79.92244720458984
v -17.333740234375 7.149463653564453 79.92244720458984
v -18.114105224609375 11.07260513305664 79.92247772216797
v -18.89447021484375 7.149463653564453 79.92247772216797
v -18.114105224609375 7.072605133056641 79.92244720458984
v -18.114105224609375 11.07260513305664 79.92247772216797
v -19.64483642578125 7.377086639404297 79.92247772216797
v -18.89447021484375 7.149463653564453 79.92247772216797
v -18.114105224609375 11.07260513305664 79.92247772216797
v -20.33636474609375 7.746723175048828 79.92247772216797
v -19.64483642578125 7.377086639404297 79.92247772216797
v -18.114105224609375 11.07260513305664 79.92247772216797
v -20.942535400390625 8.244171142578125 79.92247772216797
v -20.33636474609375 7.746723175048828 79.92247772216797
v -18.114105224609375 11.07260513305664 79.92247772216797
v -21.439971923828125 8.85031509399414 79.92247772216797
v -20.942535400390625 8.244171142578125 79.92247772216797
v -18.114105224609375 11.07260513305664 79.92247772216797
v -21.80963134765625 9.541858673095703 79.92247772216797
v -21.439971923828125 8.85031509399414 79.92247772216797
v -18.114105224609375 11.07260513305664 79.92247772216797
v -22.0372314453125 10.292232513427734 79.92247772216797
v -21.80963134765625 9.541858673095703 79.92247772216797
v -18.114105224609375 11.07260513305664 79.92247772216797
v -22.114105224609375 11.072589874267578 79.92247772216797
v -22.0372314453125 10.292232513427734 79.92247772216797
v -18.114105224609375 11.07260513305664 79.92247772216797
v -22.037261962890625 11.852951049804688 79.92247772216797
v -22.114105224609375 11.072589874267578 79.92247772216797
v -18.114105224609375 11.07260513305664 79.92247772216797
v -21.80963134765625 12.603321075439453 79.92247772216797
v -22.037261962890625 11.852951049804688 79.92247772216797
v -18.114105224609375 11.07260513305664 79.92247772216797
v -21.44000244140625 13.294868469238281 79.92247772216797
v -21.80963134765625 12.603321075439453 79.92247772216797
v -18.114105224609375 11.07260513305664 79.92247772216797
v -20.942535400390625 13.901016235351562 79.92247772216797
v -21.44000244140625 13.294868469238281 79.92247772216797
v -18.114105224609375 11.07260513305664 79.92247772216797
v -20.336395263671875 14.39847183227539 79.92247772216797
v -20.942535400390625 13.901016235351562 79.92247772216797
v -18.114105224609375 11.07260513305664 79.92247772216797
v -19.644866943359375 14.768115997314453 79.92247772216797
v -20.336395263671875 14.39847183227539 79.92247772216797
v -18.114105224609375 11.07260513305664 79.92247772216797
v -18.894500732421875 14.995742797851562 79.92247772216797
v -19.644866943359375 14.768115997314453 79.92247772216797
v -18.114105224609375 11.07260513305664 79.92247772216797
v -18.114105224609375 15.07260513305664 79.92247772216797
v -18.894500732421875 14.995742797851562 79.92247772216797
v -18.0435791015625 15.072660446166992 7.565640926361084
v -18.114105224609375 15.07260513305664 79.92247772216797
v -17.333740234375 14.995746612548828 79.92247772216797
v -17.333740234375 14.995746612548828 79.92247772216797
v -17.263214111328125 14.99580192565918 7.565640926361084
v -18.0435791015625 15.072660446166992 7.565640926361084
v -17.263214111328125 14.99580192565918 7.565640926361084
v -17.333740234375 14.995746612548828 79.92247772216797
v -16.5833740234375 14.768123626708984 79.92247772216797
v -16.5833740234375 14.768123626708984 79.92247772216797
v -16.512847900390625 14.768177032470703 7.565640926361084
v -17.263214111328125 14.99580192565918 7.565640926361084
v -16.512847900390625 14.768177032470703 7.565640926361084
v -16.5833740234375 14.768123626708984 79.92247772216797
v -15.891815185546875 14.398479461669922 79.92247772216797
v -15.891815185546875 14.398479461669922 79.92247772216797
v -15.8212890625 14.398540496826172 7.565640926361084
v -16.512847900390625 14.768177032470703 7.565640926361084
v -15.8212890625 14.398540496826172 7.565640926361084
v -15.891815185546875 14.398479461669922 79.92247772216797
v -15.285675048828125 13.90102767944336 79.92247772216797
v -15.285675048828125 13.90102767944336 79.92247772216797
v -15.21514892578125 13.90108871459961 7.565640926361084
v -15.8212890625 14.398540496826172 7.565640926361084
v -15.21514892578125 13.90108871459961 7.565640926361084
v -15.285675048828125 13.90102767944336 79.92247772216797
v -14.7882080078125 13.294879913330078 79.92244720458984
v -14.7882080078125 13.294879913330078 79.92244720458984
v -14.717681884765625 13.294940948486328 7.565640926361084
v -15.21514892578125 13.90108871459961 7.565640926361084
v -14.717681884765625 13.294940948486328 7.565640926361084
v -14.7882080078125 13.294879913330078 79.92244720458984
v -14.4185791015625 12.60333251953125 79.92244720458984
v -14.4185791015625 12.60333251953125 79.92244720458984
v -14.348052978515625 12.603397369384766 7.565640926361084
v -14.717681884765625 13.294940948486328 7.565640926361084
v -14.348052978515625 12.603397369384766 7.565640926361084
v -14.4185791015625 12.60333251953125 79.92244720458984
v -14.190948486328125 11.852958679199219 79.92244720458984
v -14.190948486328125 11.852958679199219 79.92244720458984
v -14.12042236328125 11.853023529052734 7.565640926361084
v -14.348052978515625 12.603397369384766 7.565640926361084
v -14.12042236328125 11.853023529052734 7.565640926361084
v -14.190948486328125 11.852958679199219 79.92244720458984
v -14.114105224609375 11.07259750366211 79.92244720458984
v -14.114105224609375 11.07259750366211 79.92244720458984
v -14.0435791015625 11.072662353515625 7.565640926361084
v -14.12042236328125 11.853023529052734 7.565640926361084
v -14.0435791015625 11.072662353515625 7.565640926361084
v -14.114105224609375 11.07259750366211 79.92244720458984
v -14.19097900390625 10.292240142822266 79.92244720458984
v -14.19097900390625 10.292240142822266 79.92244720458984
v -14.12042236328125 10.292301177978516 7.565640926361084
v -14.0435791015625 11.072662353515625 7.565640926361084
v -14.12042236328125 10.292301177978516 7.565640926361084
v -14.19097900390625 10.292240142822266 79.92244720458984
v -14.4185791015625 9.541866302490234 79.92244720458984
v -14.4185791015625 9.541866302490234 79.92244720458984
v -14.348052978515625 9.541927337646484 7.565640926361084
v -14.12042236328125 10.292301177978516 7.565640926361084
v -14.348052978515625 9.541927337646484 7.565640926361084
v -14.4185791015625 9.541866302490234 79.92244720458984
v -14.788238525390625 8.850322723388672 79.92244720458984
v -14.788238525390625 8.850322723388672 79.92244720458984
v -14.717681884765625 8.850379943847656 7.565640926361084
v -14.348052978515625 9.541927337646484 7.565640926361084
v -14.717681884765625 8.850379943847656 7.565640926361084
v -14.788238525390625 8.850322723388672 79.92244720458984
v -15.285675048828125 8.244178771972656 79.92244720458984
v -15.285675048828125 8.244178771972656 79.92244720458984
v -15.21514892578125 8.24423599243164 7.565640926361084
v -14.717681884765625 8.850379943847656 7.565640926361084
v -15.21514892578125 8.24423599243164 7.565640926361084
v -15.285675048828125 8.244178771972656 79.92244720458984
v -15.891815185546875 7.746726989746094 79.92244720458984
v -15.891815185546875 7.746726989746094 79.92244720458984
v -15.8212890625 7.746784210205078 7.565640926361084
v -15.21514892578125 8.24423599243164 7.565640926361084
v -15.8212890625 7.746784210205078 7.565640926361084
v -15.891815185546875 7.746726989746094 79.92244720458984
v -16.5833740234375 7.377086639404297 79.92244720458984
v -16.5833740234375 7.377086639404297 79.92244720458984
v -16.512847900390625 7.377143859863281 7.565640926361084
v -15.8212890625 7.746784210205078 7.565640926361084
v -16.512847900390625 7.377143859863281 7.565640926361084
v -16.5833740234375 7.377086639404297 79.92244720458984
v -17.333740234375 7.149463653564453 79.92244720458984
v -17.333740234375 7.149463653564453 79.92244720458984
v -17.263214111328125 7.1495208740234375 7.565640926361084
v -16.512847900390625 7.377143859863281 7.565640926361084
v -17.263214111328125 7.1495208740234375 7.565640926361084
v -17.333740234375 7.149463653564453 79.92244720458984
v -18.114105224609375 7.072605133056641 79.92244720458984
v -18.114105224609375 7.072605133056641 79.92244720458984
v -18.0435791015625 7.072662353515625 7.565640926361084
v -17.263214111328125 7.1495208740234375 7.565640926361084
v -18.0435791015625 7.072662353515625 7.565640926361084
v -18.114105224609375 7.072605133056641 79.92244720458984
v -18.89447021484375 7.149463653564453 79.92247772216797
v -18.89447021484375 7.149463653564453 79.92247772216797
v -18.823944091796875 7.1495208740234375 7.565640926361084
v -18.0435791015625 7.072662353515625 7.565640926361084
v -18.823944091796875 7.1495208740234375 7.565640926361084
v -18.89447021484375 7.149463653564453 79.92247772216797
v -19.64483642578125 7.377086639404297 79.92247772216797
v -19.64483642578125 7.377086639404297 79.92247772216797
v -19.574310302734375 7.377143859863281 7.565640926361084
v -18.823944091796875 7.1495208740234375 7.565640926361084
v -19.574310302734375 7.377143859863281 7.565640926361084
v -19.64483642578125 7.377086639404297 79.92247772216797
v -20.33636474609375 7.746723175048828 79.92247772216797
v -20.33636474609375 7.746723175048828 79.92247772216797
v -20.265869140625 7.746784210205078 7.565640926361084
v -19.574310302734375 7.377143859863281 7.565640926361084
v -20.265869140625 7.746784210205078 7.565640926361084
v -20.33636474609375 7.746723175048828 79.92247772216797
v -20.942535400390625 8.244171142578125 79.92247772216797
v -20.942535400390625 8.244171142578125 79.92247772216797
v -20.87200927734375 8.24423599243164 7.565640926361084
v -20.265869140625 7.746784210205078 7.565640926361084
v -20.87200927734375 8.24423599243164 7.565640926361084
v -20.942535400390625 8.244171142578125 79.92247772216797
v -21.439971923828125 8.85031509399414 79.92247772216797
v -21.439971923828125 8.85031509399414 79.92247772216797
v -21.36944580078125 8.850383758544922 7.565640926361084
v -20.87200927734375 8.24423599243164 7.565640926361084
v -21.36944580078125 8.850383758544922 7.565640926361084
v -21.439971923828125 8.85031509399414 79.92247772216797
v -21.80963134765625 9.541858673095703 79.92247772216797
v -21.80963134765625 9.541858673095703 79.92247772216797
v -21.739105224609375 9.54193115234375 7.565640926361084
v -21.36944580078125 8.850383758544922 7.565640926361084
v -21.739105224609375 9.54193115234375 7.565640926361084
v -21.80963134765625 9.541858673095703 79.92247772216797
v -22.0372314453125 10.292232513427734 79.92247772216797
v -22.0372314453125 10.292232513427734 79.92247772216797
v -21.966705322265625 10.292301177978516 7.565640926361084
v -21.739105224609375 9.54193115234375 7.565640926361084
v -21.966705322265625 10.292301177978516 7.565640926361084
v -22.0372314453125 10.292232513427734 79.92247772216797
v -22.114105224609375 11.072589874267578 79.92247772216797
v -22.114105224609375 11.072589874267578 79.92247772216797
v -22.0435791015625 11.07266616821289 7.565640926361084
v -21.966705322265625 10.292301177978516 7.565640926361084
v -22.0435791015625 11.07266616821289 7.565640926361084
v -22.114105224609375 11.072589874267578 79.92247772216797
v -22.037261962890625 11.852951049804688 79.92247772216797
v -22.037261962890625 11.852951049804688 79.92247772216797
v -21.966705322265625 11.85302734375 7.565640926361084
v -22.0435791015625 11.07266616821289 7.565640926361084
v -21.966705322265625 11.85302734375 7.565640926361084
v -22.037261962890625 11.852951049804688 79.92247772216797
v -21.80963134765625 12.603321075439453 79.92247772216797
v -21.80963134765625 12.603321075439453 79.92247772216797
v -21.739105224609375 12.603397369384766 7.565640926361084
v -21.966705322265625 11.85302734375 7.565640926361084
v -21.739105224609375 12.603397369384766 7.565640926361084
v -21.80963134765625 12.603321075439453 79.92247772216797
v -21.44000244140625 13.294868469238281 79.92247772216797
v -21.44000244140625 13.294868469238281 79.92247772216797
v -21.36944580078125 13.294944763183594 7.565640926361084
v -21.739105224609375 12.603397369384766 7.565640926361084
v -21.36944580078125 13.294944763183594 7.565640926361084
v -21.44000244140625 13.294868469238281 79.92247772216797
v -20.942535400390625 13.901016235351562 79.92247772216797
v -20.942535400390625 13.901016235351562 79.92247772216797
v -20.87200927734375 13.901092529296875 7.565640926361084
v -21.36944580078125 13.294944763183594 7.565640926361084
v -20.87200927734375 13.901092529296875 7.565640926361084
v -20.942535400390625 13.901016235351562 79.92247772216797
v -20.336395263671875 14.39847183227539 79.92247772216797
v -20.336395263671875 14.39847183227539 79.92247772216797
v -20.265838623046875 14.398540496826172 7.565640926361084
v -20.87200927734375 13.901092529296875 7.565640926361084
v -20.265838623046875 14.398540496826172 7.565640926361084
v -20.336395263671875 14.39847183227539 79.92247772216797
v -19.644866943359375 14.768115997314453 79.92247772216797
v -19.644866943359375 14.768115997314453 79.92247772216797
v -19.574310302734375 14.768180847167969 7.565640926361084
v -20.265838623046875 14.398540496826172 7.565640926361084
v -19.574310302734375 14.768180847167969 7.565640926361084
v -19.644866943359375 14.768115997314453 79.92247772216797
v -18.894500732421875 14.995742797851562 79.92247772216797
v -18.894500732421875 14.995742797851562 79.92247772216797
v -18.823944091796875 14.995803833007812 7.565640926361084
v -19.574310302734375 14.768180847167969 7.565640926361084
v -18.114105224609375 15.07260513305664 79.92247772216797
v -18.0435791015625 15.072660446166992 7.565640926361084
v -18.823944091796875 14.995803833007812 7.565640926361084
v -18.823944091796875 14.995803833007812 7.565640926361084
v -18.894500732421875 14.995742797851562 79.92247772216797
v -18.114105224609375 15.07260513305664 79.92247772216797
v -18.823944091796875 14.995803833007812 7.565640926361084
v -18.0435791015625 15.072660446166992 7.565640926361084
v -18.0435791015625 16.630720138549805 7.565640926361084
v -18.0435791015625 16.630720138549805 7.565640926361084
v -19.127899169921875 16.52392578125 7.565640926361084
v -18.823944091796875 14.995803833007812 7.565640926361084
v -19.574310302734375 14.768180847167969 7.565640926361084
v -18.823944091796875 14.995803833007812 7.565640926361084
v -19.127899169921875 16.52392578125 7.565640926361084
v -19.127899169921875 16.52392578125 7.565640926361084
v -20.1705322265625 16.2076416015625 7.565640926361084
v -19.574310302734375 14.768180847167969 7.565640926361084
v -20.265838623046875 14.398540496826172 7.565640926361084
v -19.574310302734375 14.768180847167969 7.565640926361084
v -20.1705322265625 16.2076416015625 7.565640926361084
v -20.1705322265625 16.2076416015625 7.565640926361084
v -21.1314697265625 15.694023132324219 7.565640926361084
v -20.265838623046875 14.398540496826172 7.565640926361084
v -20.87200927734375 13.901092529296875 7.565640926361084
v -20.265838623046875 14.398540496826172 7.565640926361084
v -21.1314697265625 15.694023132324219 7.565640926361084
v -21.1314697265625 15.694023132324219 7.565640926361084
v -21.973724365234375 15.0028076171875 7.565640926361084
v -20.87200927734375 13.901092529296875 7.565640926361084
v -21.36944580078125 13.294944763183594 7.565640926361084
v -20.87200927734375 13.901092529296875 7.565640926361084
v -21.973724365234375 15.0028076171875 7.565640926361084
v -21.973724365234375 15.0028076171875 7.565640926361084
v -22.6649169921875 14.16055679321289 7.565640926361084
v -21.36944580078125 13.294944763183594 7.565640926361084
v -21.739105224609375 12.603397369384766 7.565640926361084
v -21.36944580078125 13.294944763183594 7.565640926361084
v -22.6649169921875 14.16055679321289 7.565640926361084
v -22.6649169921875 14.16055679321289 7.565640926361084
v -23.178558349609375 13.199642181396484 7.565640926361084
v -21.739105224609375 12.603397369384766 7.565640926361084
v -21.966705322265625 11.85302734375 7.565640926361084
v -21.739105224609375 12.603397369384766 7.565640926361084
v -23.178558349609375 13.199642181396484 7.565640926361084
v -23.178558349609375 13.199642181396484 7.565640926361084
v -23.494842529296875 12.156990051269531 7.565640926361084
v -21.966705322265625 11.85302734375 7.565640926361084
v -22.0435791015625 11.07266616821289 7.565640926361084
v -21.966705322265625 11.85302734375 7.565640926361084
v -23.494842529296875 12.156990051269531 7.565640926361084
v -23.494842529296875 12.156990051269531 7.565640926361084
v -23.60162353515625 11.07266616821289 7.565640926361084
v -22.0435791015625 11.07266616821289 7.565640926361084
v -21.966705322265625 10.292301177978516 7.565640926361084
v -22.0435791015625 11.07266616821289 7.565640926361084
v -23.60162353515625 11.07266616821289 7.565640926361084
v -23.60162353515625 11.07266616821289 7.565640926361084
v -23.494842529296875 9.98834228515625 7.565640926361084
v -21.966705322265625 10.292301177978516 7.565640926361084
v -21.739105224609375 9.54193115234375 7.565640926361084
v -21.966705322265625 10.292301177978516 7.565640926361084
v -23.494842529296875 9.98834228515625 7.565640926361084
v -23.494842529296875 9.98834228515625 7.565640926361084
v -23.178558349609375 8.945686340332031 7.565640926361084
v -21.739105224609375 9.54193115234375 7.565640926361084
v -21.36944580078125 8.850383758544922 7.565640926361084
v -21.739105224609375 9.54193115234375 7.565640926361084
v -23.178558349609375 8.945686340332031 7.565640926361084
v -23.178558349609375 8.945686340332031 7.565640926361084
v -22.664947509765625 7.984771728515625 7.565640926361084
v -21.36944580078125 8.850383758544922 7.565640926361084
v -20.87200927734375 8.24423599243164 7.565640926361084
v -21.36944580078125 8.850383758544922 7.565640926361084
v -22.664947509765625 7.984771728515625 7.565640926361084
v -22.664947509765625 7.984771728515625 7.565640926361084
v -21.973724365234375 7.142520904541016 7.565640926361084
v -20.87200927734375 8.24423599243164 7.565640926361084
v -20.265869140625 7.746784210205078 7.565640926361084
v -20.87200927734375 8.24423599243164 7.565640926361084
v -21.973724365234375 7.142520904541016 7.565640926361084
v -21.973724365234375 7.142520904541016 7.565640926361084
v -21.1314697265625 6.451305389404297 7.565640926361084
v -20.265869140625 7.746784210205078 7.565640926361084
v -19.574310302734375 7.377143859863281 7.565640926361084
v -20.265869140625 7.746784210205078 7.565640926361084
v -21.1314697265625 6.451305389404297 7.565640926361084
v -21.1314697265625 6.451305389404297 7.565640926361084
v -20.170562744140625 5.93768310546875 7.565640926361084
v -19.574310302734375 7.377143859863281 7.565640926361084
v -18.823944091796875 7.1495208740234375 7.565640926361084
v -19.574310302734375 7.377143859863281 7.565640926361084
v -20.170562744140625 5.93768310546875 7.565640926361084
v -20.170562744140625 5.93768310546875 7.565640926361084
v -19.127899169921875 5.62139892578125 7.565640926361084
v -18.823944091796875 7.1495208740234375 7.565640926361084
v -18.0435791015625 7.072662353515625 7.565640926361084
v -18.823944091796875 7.1495208740234375 7.565640926361084
v -19.127899169921875 5.62139892578125 7.565640926361084
v -19.127899169921875 5.62139892578125 7.565640926361084
v -18.0435791015625 5.5146026611328125 7.565621852874756
v -18.0435791015625 7.072662353515625 7.565640926361084
v -17.263214111328125 7.1495208740234375 7.565640926361084
v -18.0435791015625 7.072662353515625 7.565640926361084
v -18.0435791015625 5.5146026611328125 7.565621852874756
v -18.0435791015625 5.5146026611328125 7.565621852874756
v -16.959259033203125 5.62139892578125 7.565621852874756
v -17.263214111328125 7.1495208740234375 7.565640926361084
v -16.512847900390625 7.377143859863281 7.565640926361084
v -17.263214111328125 7.1495208740234375 7.565640926361084
v -16.959259033203125 5.62139892578125 7.565621852874756
v -16.959259033203125 5.62139892578125 7.565621852874756
v -15.916595458984375 5.93768310546875 7.565621852874756
v -16.512847900390625 7.377143859863281 7.565640926361084
v -15.8212890625 7.746784210205078 7.565640926361084
v -16.512847900390625 7.377143859863281 7.565640926361084
v -15.916595458984375 5.93768310546875 7.565621852874756
v -15.916595458984375 5.93768310546875 7.565621852874756
v -14.9556884765625 6.451301574707031 7.565621852874756
v -15.8212890625 7.746784210205078 7.565640926361084
v -15.21514892578125 8.24423599243164 7.565640926361084
v -15.8212890625 7.746784210205078 7.565640926361084
v -14.9556884765625 6.451301574707031 7.565621852874756
v -14.9556884765625 6.451301574707031 7.565621852874756
v -14.113433837890625 7.142520904541016 7.565621852874756
v -15.21514892578125 8.24423599243164 7.565640926361084
v -14.717681884765625 8.850379943847656 7.565640926361084
v -15.21514892578125 8.24423599243164 7.565640926361084
v -14.113433837890625 7.142520904541016 7.565621852874756
v -14.113433837890625 7.142520904541016 7.565621852874756
v -13.422210693359375 7.984767913818359 7.565621852874756
v -14.717681884765625 8.850379943847656 7.565640926361084
v -14.348052978515625 9.541927337646484 7.565640926361084
v -14.717681884765625 8.850379943847656 7.565640926361084
v -13.422210693359375 7.984767913818359 7.565621852874756
v -13.422210693359375 7.984767913818359 7.565621852874756
v -12.908599853515625 8.945682525634766 7.565621852874756
v -14.348052978515625 9.541927337646484 7.565640926361084
v -14.12042236328125 10.292301177978516 7.565640926361084
v -14.348052978515625 9.541927337646484 7.565640926361084
v -12.908599853515625 8.945682525634766 7.565621852874756
v -12.908599853515625 8.945682525634766 7.565621852874756
v -12.592315673828125 9.988338470458984 7.565621852874756
v -14.12042236328125 10.292301177978516 7.565640926361084
v -14.0435791015625 11.072662353515625 7.565640926361084
v -14.12042236328125 10.292301177978516 7.565640926361084
v -12.592315673828125 9.988338470458984 7.565621852874756
v -12.592315673828125 9.988338470458984 7.565621852874756
v -12.485504150390625 11.072662353515625 7.565621852874756
v -14.0435791015625 11.072662353515625 7.565640926361084
v -14.12042236328125 11.853023529052734 7.565640926361084
v -14.0435791015625 11.072662353515625 7.565640926361084
v -12.485504150390625 11.072662353515625 7.565621852874756
v -12.485504150390625 11.072662353515625 7.565621852874756
v -12.592315673828125 12.156986236572266 7.565621852874756
v -14.12042236328125 11.853023529052734 7.565640926361084
v -14.348052978515625 12.603397369384766 7.565640926361084
v -14.12042236328125 11.853023529052734 7.565640926361084
v -12.592315673828125 12.156986236572266 7.565621852874756
v -12.592315673828125 12.156986236572266 7.565621852874756
v -12.908599853515625 13.199638366699219 7.565621852874756
v -14.348052978515625 12.603397369384766 7.565640926361084
v -14.717681884765625 13.294940948486328 7.565640926361084
v -14.348052978515625 12.603397369384766 7.565640926361084
v -12.908599853515625 13.199638366699219 7.565621852874756
v -12.908599853515625 13.199638366699219 7.565621852874756
v -13.422210693359375 14.160552978515625 7.565621852874756
v -14.717681884765625 13.294940948486328 7.565640926361084
v -15.21514892578125 13.90108871459961 7.565640926361084
v -14.717681884765625 13.294940948486328 7.565640926361084
v -13.422210693359375 14.160552978515625 7.565621852874756
v -13.422210693359375 14.160552978515625 7.565621852874756
v -14.113433837890625 15.002803802490234 7.565621852874756
v -15.21514892578125 13.90108871459961 7.565640926361084
v -15.8212890625 14.398540496826172 7.565640926361084
v -15.21514892578125 13.90108871459961 7.565640926361084
v -14.113433837890625 15.002803802490234 7.565621852874756
v -14.113433837890625 15.002803802490234 7.565621852874756
v -14.9556884765625 15.694019317626953 7.565640926361084
v -15.8212890625 14.398540496826172 7.565640926361084
v -16.512847900390625 14.768177032470703 7.565640926361084
v -15.8212890625 14.398540496826172 7.565640926361084
v -14.9556884765625 15.694019317626953 7.565640926361084
v -14.9556884765625 15.694019317626953 7.565640926361084
v -15.916595458984375 16.207637786865234 7.565640926361084
v -16.512847900390625 14.768177032470703 7.565640926361084
v -17.263214111328125 14.99580192565918 7.565640926361084
v -16.512847900390625 14.768177032470703 7.565640926361084
v -15.916595458984375 16.207637786865234 7.565640926361084
v -15.916595458984375 16.207637786865234 7.565640926361084
v -16.959259033203125 16.523923873901367 7.565640926361084
v -17.263214111328125 14.99580192565918 7.565640926361084
v -18.0435791015625 15.072660446166992 7.565640926361084
v -17.263214111328125 14.99580192565918 7.565640926361084
v -16.959259033203125 16.523923873901367 7.565640926361084
v -16.959259033203125 16.523923873901367 7.565640926361084
v -18.0435791015625 16.630720138549805 7.565640926361084
v -18.0435791015625 15.072660446166992 7.565640926361084
v -18.0435791015625 16.630720138549805 7.565640926361084
v -16.959259033203125 16.523923873901367 7.565640926361084
v -16.937530517578125 16.52392578125 0
v -16.937530517578125 16.52392578125 0
v -18.0218505859375 16.630722045898438 0
v -18.0435791015625 16.630720138549805 7.565640926361084
v -16.959259033203125 16.523923873901367 7.565640926361084
v -15.916595458984375 16.207637786865234 7.565640926361084
v -15.894866943359375 16.207637786865234 0
v -15.894866943359375 16.207637786865234 0
v -16.937530517578125 16.52392578125 0
v -16.959259033203125 16.523923873901367 7.565640926361084
v -15.916595458984375 16.207637786865234 7.565640926361084
v -14.9556884765625 15.694019317626953 7.565640926361084
v -14.9339599609375 15.694019317626953 0
v -14.9339599609375 15.694019317626953 0
v -15.894866943359375 16.207637786865234 0
v -15.916595458984375 16.207637786865234 7.565640926361084
v -14.9556884765625 15.694019317626953 7.565640926361084
v -14.113433837890625 15.002803802490234 7.565621852874756
v -14.091705322265625 15.002803802490234 0
v -14.091705322265625 15.002803802490234 0
v -14.9339599609375 15.694019317626953 0
v -14.9556884765625 15.694019317626953 7.565640926361084
v -14.113433837890625 15.002803802490234 7.565621852874756
v -13.422210693359375 14.160552978515625 7.565621852874756
v -13.400482177734375 14.160552978515625 0
v -13.400482177734375 14.160552978515625 0
v -14.091705322265625 15.002803802490234 0
v -14.113433837890625 15.002803802490234 7.565621852874756
v -13.422210693359375 14.160552978515625 7.565621852874756
v -12.908599853515625 13.199638366699219 7.565621852874756
v -12.886871337890625 13.199638366699219 0
v -12.886871337890625 13.199638366699219 0
v -13.400482177734375 14.160552978515625 0
v -13.422210693359375 14.160552978515625 7.565621852874756
v -12.908599853515625 13.199638366699219 7.565621852874756
v -12.592315673828125 12.156986236572266 7.565621852874756
v -12.570587158203125 12.156986236572266 0
v -12.570587158203125 12.156986236572266 0
v -12.886871337890625 13.199638366699219 0
v -12.908599853515625 13.199638366699219 7.565621852874756
v -12.592315673828125 12.156986236572266 7.565621852874756
v -12.485504150390625 11.072662353515625 7.565621852874756
v -12.463775634765625 11.072662353515625 0
v -12.463775634765625 11.072662353515625 0
v -12.570587158203125 12.156986236572266 0
v -12.592315673828125 12.156986236572266 7.565621852874756
v -12.485504150390625 11.072662353515625 7.565621852874756
v -12.592315673828125 9.988338470458984 7.565621852874756
v -12.570587158203125 9.988338470458984 0
v -12.570587158203125 9.988338470458984 0
v -12.463775634765625 11.072662353515625 0
v -12.485504150390625 11.072662353515625 7.565621852874756
v -12.592315673828125 9.988338470458984 7.565621852874756
v -12.908599853515625 8.945682525634766 7.565621852874756
v -12.886871337890625 8.945682525634766 0
v -12.886871337890625 8.945682525634766 0
v -12.570587158203125 9.988338470458984 0
v -12.592315673828125 9.988338470458984 7.565621852874756
v -12.908599853515625 8.945682525634766 7.565621852874756
v -13.422210693359375 7.984767913818359 7.565621852874756
v -13.400482177734375 7.984767913818359 0
v -13.400482177734375 7.984767913818359 0
v -12.886871337890625 8.945682525634766 0
v -12.908599853515625 8.945682525634766 7.565621852874756
v -13.422210693359375 7.984767913818359 7.565621852874756
v -14.113433837890625 7.142520904541016 7.565621852874756
v -14.091705322265625 7.142520904541016 0
v -14.091705322265625 7.142520904541016 0
v -13.400482177734375 7.984767913818359 0
v -13.422210693359375 7.984767913818359 7.565621852874756
v -14.113433837890625 7.142520904541016 7.565621852874756
v -14.9556884765625 6.451301574707031 7.565621852874756
v -14.9339599609375 6.451301574707031 0
v -14.9339599609375 6.451301574707031 0
v -14.091705322265625 7.142520904541016 0
v -14.113433837890625 7.142520904541016 7.565621852874756
v -14.9556884765625 6.451301574707031 7.565621852874756
v -15.916595458984375 5.93768310546875 7.565621852874756
v -15.894866943359375 5.93768310546875 0
v -15.894866943359375 5.93768310546875 0
v -14.9339599609375 6.451301574707031 0
v -14.9556884765625 6.451301574707031 7.565621852874756
v -15.916595458984375 5.93768310546875 7.565621852874756
v -16.959259033203125 5.62139892578125 7.565621852874756
v -16.937530517578125 5.62139892578125 0
v -16.937530517578125 5.62139892578125 0
v -15.894866943359375 5.93768310546875 0
v -15.916595458984375 5.93768310546875 7.565621852874756
v -16.959259033203125 5.62139892578125 7.565621852874756
v -18.0435791015625 5.5146026611328125 7.565621852874756
v -18.0218505859375 5.514598846435547 0
v -18.0218505859375 5.514598846435547 0
v -16.937530517578125 5.62139892578125 0
v -16.959259033203125 5.62139892578125 7.565621852874756
v -18.0435791015625 5.5146026611328125 7.565621852874756
v -19.127899169921875 5.62139892578125 7.565640926361084
v -19.106170654296875 5.62139892578125 0
v -19.106170654296875 5.62139892578125 0
v -18.0218505859375 5.514598846435547 0
v -18.0435791015625 5.5146026611328125 7.565621852874756
v -19.127899169921875 5.62139892578125 7.565640926361084
v -20.170562744140625 5.93768310546875 7.565640926361084
v -20.148834228515625 5.93768310546875 0
v -20.148834228515625 5.93768310546875 0
v -19.106170654296875 5.62139892578125 0
v -19.127899169921875 5.62139892578125 7.565640926361084
v -20.170562744140625 5.93768310546875 7.565640926361084
v -21.1314697265625 6.451305389404297 7.565640926361084
v -21.1097412109375 6.451305389404297 0
v -21.1097412109375 6.451305389404297 0
v -20.148834228515625 5.93768310546875 0
v -20.170562744140625 5.93768310546875 7.565640926361084
v -21.1314697265625 6.451305389404297 7.565640926361084
v -21.973724365234375 7.142520904541016 7.565640926361084
v -21.951995849609375 7.142520904541016 0
v -21.951995849609375 7.142520904541016 0
v -21.1097412109375 6.451305389404297 0
v -21.1314697265625 6.451305389404297 7.565640926361084
v -21.973724365234375 7.142520904541016 7.565640926361084
v -22.664947509765625 7.984771728515625 7.565640926361084
v -22.6431884765625 7.984771728515625 0
v -22.6431884765625 7.984771728515625 0
v -21.951995849609375 7.142520904541016 0
v -21.973724365234375 7.142520904541016 7.565640926361084
v -22.664947509765625 7.984771728515625 7.565640926361084
v -23.178558349609375 8.945686340332031 7.565640926361084
v -23.156829833984375 8.945686340332031 0
v -23.156829833984375 8.945686340332031 0
v -22.6431884765625 7.984771728515625 0
v -22.664947509765625 7.984771728515625 7.565640926361084
v -23.178558349609375 8.945686340332031 7.565640926361084
v -23.494842529296875 9.98834228515625 7.565640926361084
v -23.473114013671875 9.98834228515625 0
v -23.473114013671875 9.98834228515625 0
v -23.156829833984375 8.945686340332031 0
v -23.178558349609375 8.945686340332031 7.565640926361084
v -23.494842529296875 9.98834228515625 7.565640926361084
v -23.60162353515625 11.07266616821289 7.565640926361084
v -23.57989501953125 11.07266616821289 0
v -23.57989501953125 11.07266616821289 0
v -23.473114013671875 9.98834228515625 0
v -23.494842529296875 9.98834228515625 7.565640926361084
v -23.60162353515625 11.07266616821289 7.565640926361084
v -23.494842529296875 12.156990051269531 7.565640926361084
v -23.473114013671875 12.156990051269531 0
v -23.473114013671875 12.156990051269531 0
v -23.57989501953125 11.07266616821289 0
v -23.60162353515625 11.07266616821289 7.565640926361084
v -23.494842529296875 12.156990051269531 7.565640926361084
v -23.178558349609375 13.199642181396484 7.565640926361084
v -23.156829833984375 13.199642181396484 0
v -23.156829833984375 13.199642181396484 0
v -23.473114013671875 12.156990051269531 0
v -23.494842529296875 12.156990051269531 7.565640926361084
v -23.178558349609375 13.199642181396484 7.565640926361084
v -22.6649169921875 14.16055679321289 7.565640926361084
v -22.6431884765625 14.16055679321289 0
v -22.6431884765625 14.16055679321289 0
v -23.156829833984375 13.199642181396484 0
v -23.178558349609375 13.199642181396484 7.565640926361084
v -22.6649169921875 14.16055679321289 7.565640926361084
v -21.973724365234375 15.0028076171875 7.565640926361084
v -21.95196533203125 15.0028076171875 0
v -21.95196533203125 15.0028076171875 0
v -22.6431884765625 14.16055679321289 0
v -22.6649169921875 14.16055679321289 7.565640926361084
v -21.973724365234375 15.0028076171875 7.565640926361084
v -21.1314697265625 15.694023132324219 7.565640926361084
v -21.1097412109375 15.694023132324219 0
v -21.1097412109375 15.694023132324219 0
v -21.95196533203125 15.0028076171875 0
v -21.973724365234375 15.0028076171875 7.565640926361084
v -21.1314697265625 15.694023132324219 7.565640926361084
v -20.1705322265625 16.2076416015625 7.565640926361084
v -20.1488037109375 16.2076416015625 0
v -20.1488037109375 16.2076416015625 0
v -21.1097412109375 15.694023132324219 0
v -21.1314697265625 15.694023132324219 7.565640926361084
v -20.1705322265625 16.2076416015625 7.565640926361084
v -19.127899169921875 16.52392578125 7.565640926361084
v -19.10614013671875 16.52392578125 0
v -19.10614013671875 16.52392578125 0
v -20.1488037109375 16.2076416015625 0
v -20.1705322265625 16.2076416015625 7.565640926361084
v -19.127899169921875 16.52392578125 7.565640926361084
v -18.0435791015625 16.630720138549805 7.565640926361084
v -18.0218505859375 16.630722045898438 0
v -18.0218505859375 16.630722045898438 0
v -19.10614013671875 16.52392578125 0
v -19.127899169921875 16.52392578125 7.565640926361084
v -12.463775634765625 11.072662353515625 0
v -12.570587158203125 9.988338470458984 0
v -15.279815673828125 9.422996520996094 0
v -15.279815673828125 9.422996520996094 0
v -15.279815673828125 12.724498748779297 0
v -12.463775634765625 11.072662353515625 0
v -14.091705322265625 7.142520904541016 0
v -14.9339599609375 6.451301574707031 0
v -18.139007568359375 7.772247314453125 0
v -18.139007568359375 7.772247314453125 0
v -15.279815673828125 9.422996520996094 0
v -14.091705322265625 7.142520904541016 0
v -21.1097412109375 6.451305389404297 0
v -21.951995849609375 7.142520904541016 0
v -20.998199462890625 9.422992706298828 0
v -20.998199462890625 9.422992706298828 0
v -18.139007568359375 7.772247314453125 0
v -21.1097412109375 6.451305389404297 0
v -23.57989501953125 11.07266616821289 0
v -23.473114013671875 12.156990051269531 0
v -20.998199462890625 12.724494934082031 0
v -20.998199462890625 12.724494934082031 0
v -20.998199462890625 9.422992706298828 0
v -23.57989501953125 11.07266616821289 0
v -21.1097412109375 15.694023132324219 0
v -20.1488037109375 16.2076416015625 0
v -18.139007568359375 14.375247955322266 0
v -18.139007568359375 14.375247955322266 0
v -20.998199462890625 12.724494934082031 0
v -21.1097412109375 15.694023132324219 0
v -15.894866943359375 16.207637786865234 0
v -14.9339599609375 15.694019317626953 0
v -15.279815673828125 12.724498748779297 0
v -15.279815673828125 12.724498748779297 0
v -18.139007568359375 14.375247955322266 0
v -15.894866943359375 16.207637786865234 0
v -18.139007568359375 7.772247314453125 0
v -20.148834228515625 5.93768310546875 0
v -21.1097412109375 6.451305389404297 0
v -15.894866943359375 5.93768310546875 0
v -18.139007568359375 7.772247314453125 0
v -14.9339599609375 6.451301574707031 0
v -16.937530517578125 5.62139892578125 0
v -18.139007568359375 7.772247314453125 0
v -15.894866943359375 5.93768310546875 0
v -19.106170654296875 5.62139892578125 0
v -20.148834228515625 5.93768310546875 0
v -18.139007568359375 7.772247314453125 0
v -18.0218505859375 5.514598846435547 0
v -18.139007568359375 7.772247314453125 0
v -16.937530517578125 5.62139892578125 0
v -18.0218505859375 5.514598846435547 0
v -19.106170654296875 5.62139892578125 0
v -18.139007568359375 7.772247314453125 0
v -20.998199462890625 9.422992706298828 0
v -23.473114013671875 9.98834228515625 0
v -23.57989501953125 11.07266616821289 0
v -20.998199462890625 9.422992706298828 0
v -23.156829833984375 8.945686340332031 0
v -23.473114013671875 9.98834228515625 0
v -20.998199462890625 9.422992706298828 0
v -22.6431884765625 7.984771728515625 0
v -23.156829833984375 8.945686340332031 0
v -20.998199462890625 9.422992706298828 0
v -21.951995849609375 7.142520904541016 0
v -22.6431884765625 7.984771728515625 0
v -12.886871337890625 8.945682525634766 0
v -15.279815673828125 9.422996520996094 0
v -12.570587158203125 9.988338470458984 0
v -15.279815673828125 9.422996520996094 0
v -13.400482177734375 7.984767913818359 0
v -14.091705322265625 7.142520904541016 0
v -15.279815673828125 9.422996520996094 0
v -12.886871337890625 8.945682525634766 0
v -13.400482177734375 7.984767913818359 0
v -14.091705322265625 15.002803802490234 0
v -15.279815673828125 12.724498748779297 0
v -14.9339599609375 15.694019317626953 0
v -13.400482177734375 14.160552978515625 0
v -15.279815673828125 12.724498748779297 0
v -14.091705322265625 15.002803802490234 0
v -12.886871337890625 13.199638366699219 0
v -15.279815673828125 12.724498748779297 0
v -13.400482177734375 14.160552978515625 0
v -12.570587158203125 12.156986236572266 0
v -15.279815673828125 12.724498748779297 0
v -12.886871337890625 13.199638366699219 0
v -12.570587158203125 12.156986236572266 0
v -12.463775634765625 11.072662353515625 0
v -15.279815673828125 12.724498748779297 0
v -18.139007568359375 14.375247955322266 0
v -20.1488037109375 16.2076416015625 0
v -19.10614013671875 16.52392578125 0
v -16.937530517578125 16.52392578125 0
v -15.894866943359375 16.207637786865234 0
v -18.139007568359375 14.375247955322266 0
v -18.0218505859375 16.630722045898438 0
v -18.139007568359375 14.375247955322266 0
v -19.10614013671875 16.52392578125 0
v -18.0218505859375 16.630722045898438 0
v -16.937530517578125 16.52392578125 0
v -18.139007568359375 14.375247955322266 0
v -20.998199462890625 12.724494934082031 0
v -21.95196533203125 15.0028076171875 0
v -21.1097412109375 15.694023132324219 0
v -20.998199462890625 12.724494934082031 0
v -22.6431884765625 14.16055679321289 0
v -21.95196533203125 15.0028076171875 0
v -20.998199462890625 12.724494934082031 0
v -23.156829833984375 13.199642181396484 0
v -22.6431884765625 14.16055679321289 0
v -20.998199462890625 12.724494934082031 0
v -23.473114013671875 12.156990051269531 0
v -23.156829833984375 13.199642181396484 0
v -18.139007568359375 14.375247955322266 0
v -15.279815673828125 12.724498748779297 0
v -15.279815673828125 12.724498748779297 5.443406105041504
v -15.279815673828125 12.724498748779297 5.443406105041504
v -18.139007568359375 14.375247955322266 5.443406105041504
v -18.139007568359375 14.375247955322266 0
v -15.279815673828125 12.724498748779297 0
v -15.279815673828125 9.422996520996094 0
v -15.279815673828125 9.422996520996094 5.443387508392334
v -15.279815673828125 9.422996520996094 5.443387508392334
v -15.279815673828125 12.724498748779297 5.443406105041504
v -15.279815673828125 12.724498748779297 0
v -15.279815673828125 9.422996520996094 0
v -18.139007568359375 7.772247314453125 0
v -18.139007568359375 7.772243499755859 5.443387508392334
v -18.139007568359375 7.772243499755859 5.443387508392334
v -15.279815673828125 9.422996520996094 5.443387508392334
v -15.279815673828125 9.422996520996094 0
v -18.139007568359375 7.772247314453125 0
v -20.998199462890625 9.422992706298828 0
v -20.998199462890625 9.422992706298828 5.443406105041504
v -20.998199462890625 9.422992706298828 5.443406105041504
v -18.139007568359375 7.772243499755859 5.443387508392334
v -18.139007568359375 7.772247314453125 0
v -20.998199462890625 9.422992706298828 0
v -20.998199462890625 12.724494934082031 0
v -20.998199462890625 12.724494934082031 5.443387508392334
v -20.998199462890625 12.724494934082031 5.443387508392334
v -20.998199462890625 9.422992706298828 5.443406105041504
v -20.998199462890625 9.422992706298828 0
v -20.998199462890625 12.724494934082031 0
v -18.139007568359375 14.375247955322266 0
v -18.139007568359375 14.375247955322266 5.443406105041504
v -18.139007568359375 14.375247955322266 5.443406105041504
v -20.998199462890625 12.724494934082031 5.443387508392334
v -20.998199462890625 12.724494934082031 0
v -15.279815673828125 12.724498748779297 5.443406105041504
v -20.998199462890625 12.724494934082031 5.443387508392334
v -18.139007568359375 14.375247955322266 5.443406105041504
v -15.279815673828125 12.724498748779297 5.443406105041504
v -20.998199462890625 9.422992706298828 5.443406105041504
v -20.998199462890625 12.724494934082031 5.443387508392334
v -15.279815673828125 12.724498748779297 5.443406105041504
v -18.139007568359375 7.772243499755859 5.443387508392334
v -20.998199462890625 9.422992706298828 5.443406105041504
v -15.279815673828125 12.724498748779297 5.443406105041504
v -15.279815673828125 9.422996520996094 5.443387508392334
v -18.139007568359375 7.772243499755859 5.443387508392334
v -0.402496337890625 14.769901275634766 7.44385290145874
v -0.473052978515625 14.769847869873047 61.39741516113281
v 0.307342529296875 14.692985534667969 61.39741516113281
v 0.307342529296875 14.692985534667969 61.39741516113281
v 0.377838134765625 14.693042755126953 7.44385290145874
v -0.402496337890625 14.769901275634766 7.44385290145874
v 0.377838134765625 14.693042755126953 7.44385290145874
v 0.307342529296875 14.692985534667969 61.39741516113281
v 1.057708740234375 14.465362548828125 61.39741516113281
v 1.057708740234375 14.465362548828125 61.39741516113281
v 1.128204345703125 14.46541976928711 7.44385290145874
v 0.377838134765625 14.693042755126953 7.44385290145874
v 1.128204345703125 14.46541976928711 7.44385290145874
v 1.057708740234375 14.465362548828125 61.39741516113281
v 1.749237060546875 14.095722198486328 61.39741516113281
v 1.749237060546875 14.095722198486328 61.39741516113281
v 1.819793701171875 14.095779418945312 7.44385290145874
v 1.128204345703125 14.46541976928711 7.44385290145874
v 1.819793701171875 14.095779418945312 7.44385290145874
v 1.749237060546875 14.095722198486328 61.39741516113281
v 2.355377197265625 13.598270416259766 61.39741516113281
v 2.355377197265625 13.598270416259766 61.39741516113281
v 2.425933837890625 13.59832763671875 7.44385290145874
v 1.819793701171875 14.095779418945312 7.44385290145874
v 2.425933837890625 13.59832763671875 7.44385290145874
v 2.355377197265625 13.598270416259766 61.39741516113281
v 2.852874755859375 12.992122650146484 61.39739990234375
v 2.852874755859375 12.992122650146484 61.39739990234375
v 2.923370361328125 12.992183685302734 7.44385290145874
v 2.425933837890625 13.59832763671875 7.44385290145874
v 2.923370361328125 12.992183685302734 7.44385290145874
v 2.852874755859375 12.992122650146484 61.39739990234375
v 3.222503662109375 12.30057144165039 61.39739990234375
v 3.222503662109375 12.30057144165039 61.39739990234375
v 3.292999267578125 12.300636291503906 7.44385290145874
v 2.923370361328125 12.992183685302734 7.44385290145874
v 3.292999267578125 12.300636291503906 7.44385290145874
v 3.222503662109375 12.30057144165039 61.39739990234375
v 3.450103759765625 11.55019760131836 61.39739990234375
v 3.450103759765625 11.55019760131836 61.39739990234375
v 3.520660400390625 11.550262451171875 7.44385290145874
v 3.292999267578125 12.300636291503906 7.44385290145874
v 3.520660400390625 11.550262451171875 7.44385290145874
v 3.450103759765625 11.55019760131836 61.39739990234375
v 3.526947021484375 10.76983642578125 61.39739990234375
v 3.526947021484375 10.76983642578125 61.39739990234375
v 3.597503662109375 10.769901275634766 7.44385290145874
v 3.520660400390625 11.550262451171875 7.44385290145874
v 3.597503662109375 10.769901275634766 7.44385290145874
v 3.526947021484375 10.76983642578125 61.39739990234375
v 3.450103759765625 9.989479064941406 61.39739990234375
v 3.450103759765625 9.989479064941406 61.39739990234375
v 3.520660400390625 9.989540100097656 7.44385290145874
v 3.597503662109375 10.769901275634766 7.44385290145874
v 3.520660400390625 9.989540100097656 7.44385290145874
v 3.450103759765625 9.989479064941406 61.39739990234375
v 3.222503662109375 9.23910903930664 61.39739990234375
v 3.222503662109375 9.23910903930664 61.39739990234375
v 3.292999267578125 9.23917007446289 7.44385290145874
v 3.520660400390625 9.989540100097656 7.44385290145874
v 3.292999267578125 9.23917007446289 7.44385290145874
v 3.222503662109375 9.23910903930664 61.39739990234375
v 2.852813720703125 8.547561645507812 61.39739990234375
v 2.852813720703125 8.547561645507812 61.39739990234375
v 2.923370361328125 8.547622680664062 7.44385290145874
v 3.292999267578125 9.23917007446289 7.44385290145874
v 2.923370361328125 8.547622680664062 7.44385290145874
v 2.852813720703125 8.547561645507812 61.39739990234375
v 2.355377197265625 7.941417694091797 61.39739990234375
v 2.355377197265625 7.941417694091797 61.39739990234375
v 2.425933837890625 7.941474914550781 7.44385290145874
v 2.923370361328125 8.547622680664062 7.44385290145874
v 2.425933837890625 7.941474914550781 7.44385290145874
v 2.355377197265625 7.941417694091797 61.39739990234375
v 1.749237060546875 7.443965911865234 61.39739990234375
v 1.749237060546875 7.443965911865234 61.39739990234375
v 1.819793701171875 7.444023132324219 7.44385290145874
v 2.425933837890625 7.941474914550781 7.44385290145874
v 1.819793701171875 7.444023132324219 7.44385290145874
v 1.749237060546875 7.443965911865234 61.39739990234375
v 1.057708740234375 7.074329376220703 61.39739990234375
v 1.057708740234375 7.074329376220703 61.39739990234375
v 1.128204345703125 7.074382781982422 7.44385290145874
v 1.819793701171875 7.444023132324219 7.44385290145874
v 1.128204345703125 7.074382781982422 7.44385290145874
v 1.057708740234375 7.074329376220703 61.39739990234375
v 0.307342529296875 6.846706390380859 61.39739990234375
v 0.307342529296875 6.846706390380859 61.39739990234375
v 0.377838134765625 6.846759796142578 7.44385290145874
v 1.128204345703125 7.074382781982422 7.44385290145874
v 0.377838134765625 6.846759796142578 7.44385290145874
v 0.307342529296875 6.846706390380859 61.39739990234375
v -0.473052978515625 6.769847869873047 61.39739990234375
v -0.473052978515625 6.769847869873047 61.39739990234375
v -0.402496337890625 6.769901275634766 7.44385290145874
v 0.377838134765625 6.846759796142578 7.44385290145874
v -0.402496337890625 6.769901275634766 7.44385290145874
v -0.473052978515625 6.769847869873047 61.39739990234375
v -1.253387451171875 6.846706390380859 61.39741516113281
v -1.253387451171875 6.846706390380859 61.39741516113281
v -1.182891845703125 6.846759796142578 7.44385290145874
v -0.402496337890625 6.769901275634766 7.44385290145874
v -1.182891845703125 6.846759796142578 7.44385290145874
v -1.253387451171875 6.846706390380859 61.39741516113281
v -2.003753662109375 7.0743255615234375 61.39741516113281
v -2.003753662109375 7.0743255615234375 61.39741516113281
v -1.933258056640625 7.074382781982422 7.44385290145874
v -1.182891845703125 6.846759796142578 7.44385290145874
v -1.933258056640625 7.074382781982422 7.44385290145874
v -2.003753662109375 7.0743255615234375 61.39741516113281
v -2.695281982421875 7.443965911865234 61.39741516113281
v -2.695281982421875 7.443965911865234 61.39741516113281
v -2.624786376953125 7.444026947021484 7.44385290145874
v -1.933258056640625 7.074382781982422 7.44385290145874
v -2.624786376953125 7.444026947021484 7.44385290145874
v -2.695281982421875 7.443965911865234 61.39741516113281
v -3.301483154296875 7.941410064697266 61.39741516113281
v -3.301483154296875 7.941410064697266 61.39741516113281
v -3.230926513671875 7.941474914550781 7.44385290145874
v -2.624786376953125 7.444026947021484 7.44385290145874
v -3.230926513671875 7.941474914550781 7.44385290145874
v -3.301483154296875 7.941410064697266 61.39741516113281
v -3.798919677734375 8.547557830810547 61.39741516113281
v -3.798919677734375 8.547557830810547 61.39741516113281
v -3.728363037109375 8.547622680664062 7.44385290145874
v -3.230926513671875 7.941474914550781 7.44385290145874
v -3.728363037109375 8.547622680664062 7.44385290145874
v -3.798919677734375 8.547557830810547 61.39741516113281
v -4.168548583984375 9.23910140991211 61.39741516113281
v -4.168548583984375 9.23910140991211 61.39741516113281
v -4.098052978515625 9.23917007446289 7.44385290145874
v -3.728363037109375 8.547622680664062 7.44385290145874
v -4.098052978515625 9.23917007446289 7.44385290145874
v -4.168548583984375 9.23910140991211 61.39741516113281
v -4.396148681640625 9.989471435546875 61.39741516113281
v -4.396148681640625 9.989471435546875 61.39741516113281
v -4.325653076171875 9.989543914794922 7.44385290145874
v -4.098052978515625 9.23917007446289 7.44385290145874
v -4.325653076171875 9.989543914794922 7.44385290145874
v -4.396148681640625 9.989471435546875 61.39741516113281
v -4.473052978515625 10.769832611083984 61.39741516113281
v -4.473052978515625 10.769832611083984 61.39741516113281
v -4.402496337890625 10.769905090332031 7.44385290145874
v -4.325653076171875 9.989543914794922 7.44385290145874
v -4.402496337890625 10.769905090332031 7.44385290145874
v -4.473052978515625 10.769832611083984 61.39741516113281
v -4.396209716796875 11.550189971923828 61.39741516113281
v -4.396209716796875 11.550189971923828 61.39741516113281
v -4.325653076171875 11.55026626586914 7.44385290145874
v -4.402496337890625 10.769905090332031 7.44385290145874
v -4.325653076171875 11.55026626586914 7.44385290145874
v -4.396209716796875 11.550189971923828 61.39741516113281
v -4.168548583984375 12.30056381225586 61.39741516113281
v -4.168548583984375 12.30056381225586 61.39741516113281
v -4.098052978515625 12.300640106201172 7.44385290145874
v -4.325653076171875 11.55026626586914 7.44385290145874
v -4.098052978515625 12.300640106201172 7.44385290145874
v -4.168548583984375 12.30056381225586 61.39741516113281
v -3.798919677734375 12.992111206054688 61.39741516113281
v -3.798919677734375 12.992111206054688 61.39741516113281
v -3.728363037109375 12.9921875 7.44385290145874
v -4.098052978515625 12.300640106201172 7.44385290145874
v -3.728363037109375 12.9921875 7.44385290145874
v -3.798919677734375 12.992111206054688 61.39741516113281
v -3.301483154296875 13.598258972167969 61.39741516113281
v -3.301483154296875 13.598258972167969 61.39741516113281
v -3.230926513671875 13.598331451416016 7.44385290145874
v -3.728363037109375 12.9921875 7.44385290145874
v -3.230926513671875 13.598331451416016 7.44385290145874
v -3.301483154296875 13.598258972167969 61.39741516113281
v -2.695343017578125 14.095710754394531 61.39741516113281
v -2.695343017578125 14.095710754394531 61.39741516113281
v -2.624786376953125 14.095783233642578 7.44385290145874
v -3.230926513671875 13.598331451416016 7.44385290145874
v -2.624786376953125 14.095783233642578 7.44385290145874
v -2.695343017578125 14.095710754394531 61.39741516113281
v -2.003814697265625 14.465354919433594 61.39741516113281
v -2.003814697265625 14.465354919433594 61.39741516113281
v -1.933258056640625 14.46541976928711 7.44385290145874
v -2.624786376953125 14.095783233642578 7.44385290145874
v -1.933258056640625 14.46541976928711 7.44385290145874
v -2.003814697265625 14.465354919433594 61.39741516113281
v -1.253448486328125 14.692981719970703 61.39741516113281
v -1.253448486328125 14.692981719970703 61.39741516113281
v -1.182891845703125 14.693042755126953 7.44385290145874
v -1.933258056640625 14.46541976928711 7.44385290145874
v -0.473052978515625 14.769847869873047 61.39741516113281
v -0.402496337890625 14.769901275634766 7.44385290145874
v -1.182891845703125 14.693042755126953 7.44385290145874
v -1.182891845703125 14.693042755126953 7.44385290145874
v -1.253448486328125 14.692981719970703 61.39741516113281
v -0.473052978515625 14.769847869873047 61.39741516113281
v -1.182891845703125 14.693042755126953 7.44385290145874
v -0.402496337890625 14.769901275634766 7.44385290145874
v -0.402496337890625 16.327960968017578 7.44385290145874
v -0.402496337890625 16.327960968017578 7.44385290145874
v -1.486846923828125 16.22116470336914 7.44385290145874
v -1.182891845703125 14.693042755126953 7.44385290145874
v -1.933258056640625 14.46541976928711 7.44385290145874
v -1.182891845703125 14.693042755126953 7.44385290145874
v -1.486846923828125 16.22116470336914 7.44385290145874
v -1.486846923828125 16.22116470336914 7.44385290145874
v -2.529449462890625 15.904882431030273 7.44385290145874
v -1.933258056640625 14.46541976928711 7.44385290145874
v -2.624786376953125 14.095783233642578 7.44385290145874
v -1.933258056640625 14.46541976928711 7.44385290145874
v -2.529449462890625 15.904882431030273 7.44385290145874
v -2.529449462890625 15.904882431030273 7.44385290145874
v -3.490386962890625 15.39126205444336 7.44385290145874
v -2.624786376953125 14.095783233642578 7.44385290145874
v -3.230926513671875 13.598331451416016 7.44385290145874
v -2.624786376953125 14.095783233642578 7.44385290145874
v -3.490386962890625 15.39126205444336 7.44385290145874
v -3.490386962890625 15.39126205444336 7.44385290145874
v -4.332672119140625 14.70004653930664 7.44385290145874
v -3.230926513671875 13.598331451416016 7.44385290145874
v -3.728363037109375 12.9921875 7.44385290145874
v -3.230926513671875 13.598331451416016 7.44385290145874
v -4.332672119140625 14.70004653930664 7.44385290145874
v -4.332672119140625 14.70004653930664 7.44385290145874
v -5.023834228515625 13.857799530029297 7.44385290145874
v -3.728363037109375 12.9921875 7.44385290145874
v -4.098052978515625 12.300640106201172 7.44385290145874
v -3.728363037109375 12.9921875 7.44385290145874
v -5.023834228515625 13.857799530029297 7.44385290145874
v -5.023834228515625 13.857799530029297 7.44385290145874
v -5.537506103515625 12.89688491821289 7.44385290145874
v -4.098052978515625 12.300640106201172 7.44385290145874
v -4.325653076171875 11.55026626586914 7.44385290145874
v -4.098052978515625 12.300640106201172 7.44385290145874
v -5.537506103515625 12.89688491821289 7.44385290145874
v -5.537506103515625 12.89688491821289 7.44385290145874
v -5.853790283203125 11.854228973388672 7.44385290145874
v -4.325653076171875 11.55026626586914 7.44385290145874
v -4.402496337890625 10.769905090332031 7.44385290145874
v -4.325653076171875 11.55026626586914 7.44385290145874
v -5.853790283203125 11.854228973388672 7.44385290145874
v -5.853790283203125 11.854228973388672 7.44385290145874
v -5.960540771484375 10.769905090332031 7.44385290145874
v -4.402496337890625 10.769905090332031 7.44385290145874
v -4.325653076171875 9.989543914794922 7.44385290145874
v -4.402496337890625 10.769905090332031 7.44385290145874
v -5.960540771484375 10.769905090332031 7.44385290145874
v -5.960540771484375 10.769905090332031 7.44385290145874
v -5.853790283203125 9.68558120727539 7.44385290145874
v -4.325653076171875 9.989543914794922 7.44385290145874
v -4.098052978515625 9.23917007446289 7.44385290145874
v -4.325653076171875 9.989543914794922 7.44385290145874
v -5.853790283203125 9.68558120727539 7.44385290145874
v -5.853790283203125 9.68558120727539 7.44385290145874
v -5.537506103515625 8.642925262451172 7.44385290145874
v -4.098052978515625 9.23917007446289 7.44385290145874
v -3.728363037109375 8.547622680664062 7.44385290145874
v -4.098052978515625 9.23917007446289 7.44385290145874
v -5.537506103515625 8.642925262451172 7.44385290145874
v -5.537506103515625 8.642925262451172 7.44385290145874
v -5.023895263671875 7.682010650634766 7.44385290145874
v -3.728363037109375 8.547622680664062 7.44385290145874
v -3.230926513671875 7.941474914550781 7.44385290145874
v -3.728363037109375 8.547622680664062 7.44385290145874
v -5.023895263671875 7.682010650634766 7.44385290145874
v -5.023895263671875 7.682010650634766 7.44385290145874
v -4.332672119140625 6.839763641357422 7.44385290145874
v -3.230926513671875 7.941474914550781 7.44385290145874
v -2.624786376953125 7.444026947021484 7.44385290145874
v -3.230926513671875 7.941474914550781 7.44385290145874
v -4.332672119140625 6.839763641357422 7.44385290145874
v -4.332672119140625 6.839763641357422 7.44385290145874
v -3.490386962890625 6.1485443115234375 7.44385290145874
v -2.624786376953125 7.444026947021484 7.44385290145874
v -1.933258056640625 7.074382781982422 7.44385290145874
v -2.624786376953125 7.444026947021484 7.44385290145874
v -3.490386962890625 6.1485443115234375 7.44385290145874
v -3.490386962890625 6.1485443115234375 7.44385290145874
v -2.529510498046875 5.634925842285156 7.44385290145874
v -1.933258056640625 7.074382781982422 7.44385290145874
v -1.182891845703125 6.846759796142578 7.44385290145874
v -1.933258056640625 7.074382781982422 7.44385290145874
v -2.529510498046875 5.634925842285156 7.44385290145874
v -2.529510498046875 5.634925842285156 7.44385290145874
v -1.486846923828125 5.318637847900391 7.44385290145874
v -1.182891845703125 6.846759796142578 7.44385290145874
v -0.402496337890625 6.769901275634766 7.44385290145874
v -1.182891845703125 6.846759796142578 7.44385290145874
v -1.486846923828125 5.318637847900391 7.44385290145874
v -1.486846923828125 5.318637847900391 7.44385290145874
v -0.402496337890625 5.211841583251953 7.443837642669678
v -0.402496337890625 6.769901275634766 7.44385290145874
v 0.377838134765625 6.846759796142578 7.44385290145874
v -0.402496337890625 6.769901275634766 7.44385290145874
v -0.402496337890625 5.211841583251953 7.443837642669678
v -0.402496337890625 5.211841583251953 7.443837642669678
v 0.681793212890625 5.318637847900391 7.443837642669678
v 0.377838134765625 6.846759796142578 7.44385290145874
v 1.128204345703125 7.074382781982422 7.44385290145874
v 0.377838134765625 6.846759796142578 7.44385290145874
v 0.681793212890625 5.318637847900391 7.443837642669678
v 0.681793212890625 5.318637847900391 7.443837642669678
v 1.724456787109375 5.634922027587891 7.443837642669678
v 1.128204345703125 7.074382781982422 7.44385290145874
v 1.819793701171875 7.444023132324219 7.44385290145874
v 1.128204345703125 7.074382781982422 7.44385290145874
v 1.724456787109375 5.634922027587891 7.443837642669678
v 1.724456787109375 5.634922027587891 7.443837642669678
v 2.685394287109375 6.1485443115234375 7.443837642669678
v 1.819793701171875 7.444023132324219 7.44385290145874
v 2.425933837890625 7.941474914550781 7.44385290145874
v 1.819793701171875 7.444023132324219 7.44385290145874
v 2.685394287109375 6.1485443115234375 7.443837642669678
v 2.685394287109375 6.1485443115234375 7.443837642669678
v 3.527618408203125 6.839759826660156 7.443837642669678
v 2.425933837890625 7.941474914550781 7.44385290145874
v 2.923370361328125 8.547622680664062 7.44385290145874
v 2.425933837890625 7.941474914550781 7.44385290145874
v 3.527618408203125 6.839759826660156 7.443837642669678
v 3.527618408203125 6.839759826660156 7.443837642669678
v 4.218841552734375 7.682010650634766 7.443837642669678
v 2.923370361328125 8.547622680664062 7.44385290145874
v 3.292999267578125 9.23917007446289 7.44385290145874
v 2.923370361328125 8.547622680664062 7.44385290145874
v 4.218841552734375 7.682010650634766 7.443837642669678
v 4.218841552734375 7.682010650634766 7.443837642669678
v 4.732452392578125 8.642925262451172 7.443837642669678
v 3.292999267578125 9.23917007446289 7.44385290145874
v 3.520660400390625 9.989540100097656 7.44385290145874
v 3.292999267578125 9.23917007446289 7.44385290145874
v 4.732452392578125 8.642925262451172 7.443837642669678
v 4.732452392578125 8.642925262451172 7.443837642669678
v 5.048736572265625 9.68558120727539 7.443837642669678
v 3.520660400390625 9.989540100097656 7.44385290145874
v 3.597503662109375 10.769901275634766 7.44385290145874
v 3.520660400390625 9.989540100097656 7.44385290145874
v 5.048736572265625 9.68558120727539 7.443837642669678
v 5.048736572265625 9.68558120727539 7.443837642669678
v 5.155548095703125 10.769901275634766 7.443837642669678
v 3.597503662109375 10.769901275634766 7.44385290145874
v 3.520660400390625 11.550262451171875 7.44385290145874
v 3.597503662109375 10.769901275634766 7.44385290145874
v 5.155548095703125 10.769901275634766 7.443837642669678
v 5.155548095703125 10.769901275634766 7.443837642669678
v 5.048736572265625 11.854225158691406 7.443837642669678
v 3.520660400390625 11.550262451171875 7.44385290145874
v 3.292999267578125 12.300636291503906 7.44385290145874
v 3.520660400390625 11.550262451171875 7.44385290145874
v 5.048736572265625 11.854225158691406 7.443837642669678
v 5.048736572265625 11.854225158691406 7.443837642669678
v 4.732452392578125 12.89687728881836 7.443837642669678
v 3.292999267578125 12.300636291503906 7.44385290145874
v 2.923370361328125 12.992183685302734 7.44385290145874
v 3.292999267578125 12.300636291503906 7.44385290145874
v 4.732452392578125 12.89687728881836 7.443837642669678
v 4.732452392578125 12.89687728881836 7.443837642669678
v 4.218841552734375 13.857791900634766 7.443837642669678
v 2.923370361328125 12.992183685302734 7.44385290145874
v 2.425933837890625 13.59832763671875 7.44385290145874
v 2.923370361328125 12.992183685302734 7.44385290145874
v 4.218841552734375 13.857791900634766 7.443837642669678
v 4.218841552734375 13.857791900634766 7.443837642669678
v 3.527618408203125 14.700042724609375 7.443837642669678
v 2.425933837890625 13.59832763671875 7.44385290145874
v 1.819793701171875 14.095779418945312 7.44385290145874
v 2.425933837890625 13.59832763671875 7.44385290145874
v 3.527618408203125 14.700042724609375 7.443837642669678
v 3.527618408203125 14.700042724609375 7.443837642669678
v 2.685394287109375 15.391258239746094 7.44385290145874
v 1.819793701171875 14.095779418945312 7.44385290145874
v 1.128204345703125 14.46541976928711 7.44385290145874
v 1.819793701171875 14.095779418945312 7.44385290145874
v 2.685394287109375 15.391258239746094 7.44385290145874
v 2.685394287109375 15.391258239746094 7.44385290145874
v 1.724456787109375 15.904878616333008 7.44385290145874
v 1.128204345703125 14.46541976928711 7.44385290145874
v 0.377838134765625 14.693042755126953 7.44385290145874
v 1.128204345703125 14.46541976928711 7.44385290145874
v 1.724456787109375 15.904878616333008 7.44385290145874
v 1.724456787109375 15.904878616333008 7.44385290145874
v 0.681793212890625 16.22116470336914 7.44385290145874
v 0.377838134765625 14.693042755126953 7.44385290145874
v -0.402496337890625 14.769901275634766 7.44385290145874
v 0.377838134765625 14.693042755126953 7.44385290145874
v 0.681793212890625 16.22116470336914 7.44385290145874
v 0.681793212890625 16.22116470336914 7.44385290145874
v -0.402496337890625 16.327960968017578 7.44385290145874
v -0.402496337890625 14.769901275634766 7.44385290145874
v -0.402496337890625 16.327960968017578 7.44385290145874
v 0.681793212890625 16.22116470336914 7.44385290145874
v 0.703521728515625 16.22116470336914 0
v 0.703521728515625 16.22116470336914 0
v -0.380767822265625 16.327960968017578 0
v -0.402496337890625 16.327960968017578 7.44385290145874
v 0.681793212890625 16.22116470336914 7.44385290145874
v 1.724456787109375 15.904878616333008 7.44385290145874
v 1.746185302734375 15.90488052368164 0
v 1.746185302734375 15.90488052368164 0
v 0.703521728515625 16.22116470336914 0
v 0.681793212890625 16.22116470336914 7.44385290145874
v 1.724456787109375 15.904878616333008 7.44385290145874
v 2.685394287109375 15.391258239746094 7.44385290145874
v 2.707122802734375 15.391258239746094 0
v 2.707122802734375 15.391258239746094 0
v 1.746185302734375 15.90488052368164 0
v 1.724456787109375 15.904878616333008 7.44385290145874
v 2.685394287109375 15.391258239746094 7.44385290145874
v 3.527618408203125 14.700042724609375 7.443837642669678
v 3.549346923828125 14.700042724609375 0
v 3.549346923828125 14.700042724609375 0
v 2.707122802734375 15.391258239746094 0
v 2.685394287109375 15.391258239746094 7.44385290145874
v 3.527618408203125 14.700042724609375 7.443837642669678
v 4.218841552734375 13.857791900634766 7.443837642669678
v 4.240570068359375 13.857791900634766 0
v 4.240570068359375 13.857791900634766 0
v 3.549346923828125 14.700042724609375 0
v 3.527618408203125 14.700042724609375 7.443837642669678
v 4.218841552734375 13.857791900634766 7.443837642669678
v 4.732452392578125 12.89687728881836 7.443837642669678
v 4.754180908203125 12.89687728881836 0
v 4.754180908203125 12.89687728881836 0
v 4.240570068359375 13.857791900634766 0
v 4.218841552734375 13.857791900634766 7.443837642669678
v 4.732452392578125 12.89687728881836 7.443837642669678
v 5.048736572265625 11.854225158691406 7.443837642669678
v 5.070465087890625 11.854225158691406 0
v 5.070465087890625 11.854225158691406 0
v 4.754180908203125 12.89687728881836 0
v 4.732452392578125 12.89687728881836 7.443837642669678
v 5.048736572265625 11.854225158691406 7.443837642669678
v 5.155548095703125 10.769901275634766 7.443837642669678
v 5.177276611328125 10.769901275634766 0
v 5.177276611328125 10.769901275634766 0
v 5.070465087890625 11.854225158691406 0
v 5.048736572265625 11.854225158691406 7.443837642669678
v 5.155548095703125 10.769901275634766 7.443837642669678
v 5.048736572265625 9.68558120727539 7.443837642669678
v 5.070465087890625 9.68558120727539 0
v 5.070465087890625 9.68558120727539 0
v 5.177276611328125 10.769901275634766 0
v 5.155548095703125 10.769901275634766 7.443837642669678
v 5.048736572265625 9.68558120727539 7.443837642669678
v 4.732452392578125 8.642925262451172 7.443837642669678
v 4.754180908203125 8.642925262451172 0
v 4.754180908203125 8.642925262451172 0
v 5.070465087890625 9.68558120727539 0
v 5.048736572265625 9.68558120727539 7.443837642669678
v 4.732452392578125 8.642925262451172 7.443837642669678
v 4.218841552734375 7.682010650634766 7.443837642669678
v 4.240570068359375 7.682010650634766 0
v 4.240570068359375 7.682010650634766 0
v 4.754180908203125 8.642925262451172 0
v 4.732452392578125 8.642925262451172 7.443837642669678
v 4.218841552734375 7.682010650634766 7.443837642669678
v 3.527618408203125 6.839759826660156 7.443837642669678
v 3.549346923828125 6.839759826660156 0
v 3.549346923828125 6.839759826660156 0
v 4.240570068359375 7.682010650634766 0
v 4.218841552734375 7.682010650634766 7.443837642669678
v 3.527618408203125 6.839759826660156 7.443837642669678
v 2.685394287109375 6.1485443115234375 7.443837642669678
v 2.707122802734375 6.1485443115234375 0
v 2.707122802734375 6.1485443115234375 0
v 3.549346923828125 6.839759826660156 0
v 3.527618408203125 6.839759826660156 7.443837642669678
v 2.685394287109375 6.1485443115234375 7.443837642669678
v 1.724456787109375 5.634922027587891 7.443837642669678
v 1.746185302734375 5.634922027587891 0
v 1.746185302734375 5.634922027587891 0
v 2.707122802734375 6.1485443115234375 0
v 2.685394287109375 6.1485443115234375 7.443837642669678
v 1.724456787109375 5.634922027587891 7.443837642669678
v 0.681793212890625 5.318637847900391 7.443837642669678
v 0.703521728515625 5.318637847900391 0
v 0.703521728515625 5.318637847900391 0
v 1.746185302734375 5.634922027587891 0
v 1.724456787109375 5.634922027587891 7.443837642669678
v 0.681793212890625 5.318637847900391 7.443837642669678
v -0.402496337890625 5.211841583251953 7.443837642669678
v -0.380767822265625 5.211841583251953 0
v -0.380767822265625 5.211841583251953 0
v 0.703521728515625 5.318637847900391 0
v 0.681793212890625 5.318637847900391 7.443837642669678
v -0.402496337890625 5.211841583251953 7.443837642669678
v -1.486846923828125 5.318637847900391 7.44385290145874
v -1.465087890625 5.318637847900391 0
v -1.465087890625 5.318637847900391 0
v -0.380767822265625 5.211841583251953 0
v -0.402496337890625 5.211841583251953 7.443837642669678
v -1.486846923828125 5.318637847900391 7.44385290145874
v -2.529510498046875 5.634925842285156 7.44385290145874
v -2.507781982421875 5.634922027587891 0
v -2.507781982421875 5.634922027587891 0
v -1.465087890625 5.318637847900391 0
v -1.486846923828125 5.318637847900391 7.44385290145874
v -2.529510498046875 5.634925842285156 7.44385290145874
v -3.490386962890625 6.1485443115234375 7.44385290145874
v -3.468658447265625 6.1485443115234375 0
v -3.468658447265625 6.1485443115234375 0
v -2.507781982421875 5.634922027587891 0
v -2.529510498046875 5.634925842285156 7.44385290145874
v -3.490386962890625 6.1485443115234375 7.44385290145874
v -4.332672119140625 6.839763641357422 7.44385290145874
v -4.310943603515625 6.839763641357422 0
v -4.310943603515625 6.839763641357422 0
v -3.468658447265625 6.1485443115234375 0
v -3.490386962890625 6.1485443115234375 7.44385290145874
v -4.332672119140625 6.839763641357422 7.44385290145874
v -5.023895263671875 7.682010650634766 7.44385290145874
v -5.002105712890625 7.682010650634766 0
v -5.002105712890625 7.682010650634766 0
v -4.310943603515625 6.839763641357422 0
v -4.332672119140625 6.839763641357422 7.44385290145874
v -5.023895263671875 7.682010650634766 7.44385290145874
v -5.537506103515625 8.642925262451172 7.44385290145874
v -5.515777587890625 8.642925262451172 0
v -5.515777587890625 8.642925262451172 0
v -5.002105712890625 7.682010650634766 0
v -5.023895263671875 7.682010650634766 7.44385290145874
v -5.537506103515625 8.642925262451172 7.44385290145874
v -5.853790283203125 9.68558120727539 7.44385290145874
v -5.832061767578125 9.68558120727539 0
v -5.832061767578125 9.68558120727539 0
v -5.515777587890625 8.642925262451172 0
v -5.537506103515625 8.642925262451172 7.44385290145874
v -5.853790283203125 9.68558120727539 7.44385290145874
v -5.960540771484375 10.769905090332031 7.44385290145874
v -5.938812255859375 10.769905090332031 0
v -5.938812255859375 10.769905090332031 0
v -5.832061767578125 9.68558120727539 0
v -5.853790283203125 9.68558120727539 7.44385290145874
v -5.960540771484375 10.769905090332031 7.44385290145874
v -5.853790283203125 11.854228973388672 7.44385290145874
v -5.832061767578125 11.854228973388672 0
v -5.832061767578125 11.854228973388672 0
v -5.938812255859375 10.769905090332031 0
v -5.960540771484375 10.769905090332031 7.44385290145874
v -5.853790283203125 11.854228973388672 7.44385290145874
v -5.537506103515625 12.89688491821289 7.44385290145874
v -5.515777587890625 12.89688491821289 0
v -5.515777587890625 12.89688491821289 0
v -5.832061767578125 11.854228973388672 0
v -5.853790283203125 11.854228973388672 7.44385290145874
v -5.537506103515625 12.89688491821289 7.44385290145874
v -5.023834228515625 13.857799530029297 7.44385290145874
v -5.002105712890625 13.857799530029297 0
v -5.002105712890625 13.857799530029297 0
v -5.515777587890625 12.89688491821289 0
v -5.537506103515625 12.89688491821289 7.44385290145874
v -5.023834228515625 13.857799530029297 7.44385290145874
v -4.332672119140625 14.70004653930664 7.44385290145874
v -4.310882568359375 14.70004653930664 0
v -4.310882568359375 14.70004653930664 0
v -5.002105712890625 13.857799530029297 0
v -5.023834228515625 13.857799530029297 7.44385290145874
v -4.332672119140625 14.70004653930664 7.44385290145874
v -3.490386962890625 15.39126205444336 7.44385290145874
v -3.468658447265625 15.39126205444336 0
v -3.468658447265625 15.39126205444336 0
v -4.310882568359375 14.70004653930664 0
v -4.332672119140625 14.70004653930664 7.44385290145874
v -3.490386962890625 15.39126205444336 7.44385290145874
v -2.529449462890625 15.904882431030273 7.44385290145874
v -2.507720947265625 15.904884338378906 0
v -2.507720947265625 15.904884338378906 0
v -3.468658447265625 15.39126205444336 0
v -3.490386962890625 15.39126205444336 7.44385290145874
v -2.529449462890625 15.904882431030273 7.44385290145874
v -1.486846923828125 16.22116470336914 7.44385290145874
v -1.465057373046875 16.22116470336914 0
v -1.465057373046875 16.22116470336914 0
v -2.507720947265625 15.904884338378906 0
v -2.529449462890625 15.904882431030273 7.44385290145874
v -1.486846923828125 16.22116470336914 7.44385290145874
v -0.402496337890625 16.327960968017578 7.44385290145874
v -0.380767822265625 16.327960968017578 0
v -0.380767822265625 16.327960968017578 0
v -1.465057373046875 16.22116470336914 0
v -1.486846923828125 16.22116470336914 7.44385290145874
v 5.177276611328125 10.769901275634766 0
v 5.070465087890625 9.68558120727539 0
v 2.361236572265625 9.120235443115234 0
v 2.361236572265625 9.120235443115234 0
v 2.361236572265625 12.421737670898438 0
v 5.177276611328125 10.769901275634766 0
v 3.549346923828125 6.839759826660156 0
v 2.707122802734375 6.1485443115234375 0
v -0.497955322265625 7.469486236572266 0
v -0.497955322265625 7.469486236572266 0
v 2.361236572265625 9.120235443115234 0
v 3.549346923828125 6.839759826660156 0
v -3.468658447265625 6.1485443115234375 0
v -4.310943603515625 6.839763641357422 0
v -3.357147216796875 9.120235443115234 0
v -3.357147216796875 9.120235443115234 0
v -0.497955322265625 7.469486236572266 0
v -3.468658447265625 6.1485443115234375 0
v -5.938812255859375 10.769905090332031 0
v -5.832061767578125 11.854228973388672 0
v -3.357147216796875 12.421737670898438 0
v -3.357147216796875 12.421737670898438 0
v -3.357147216796875 9.120235443115234 0
v -5.938812255859375 10.769905090332031 0
v -3.468658447265625 15.39126205444336 0
v -2.507720947265625 15.904884338378906 0
v -0.497955322265625 14.072486877441406 0
v -0.497955322265625 14.072486877441406 0
v -3.357147216796875 12.421737670898438 0
v -3.468658447265625 15.39126205444336 0
v 1.746185302734375 15.90488052368164 0
v 2.707122802734375 15.391258239746094 0
v 2.361236572265625 12.421737670898438 0
v 2.361236572265625 12.421737670898438 0
v -0.497955322265625 14.072486877441406 0
v 1.746185302734375 15.90488052368164 0
v -0.497955322265625 7.469486236572266 0
v -2.507781982421875 5.634922027587891 0
v -3.468658447265625 6.1485443115234375 0
v 1.746185302734375 5.634922027587891 0
v -0.497955322265625 7.469486236572266 0
v 2.707122802734375 6.1485443115234375 0
v 0.703521728515625 5.318637847900391 0
v -0.497955322265625 7.469486236572266 0
v 1.746185302734375 5.634922027587891 0
v -1.465087890625 5.318637847900391 0
v -2.507781982421875 5.634922027587891 0
v -0.497955322265625 7.469486236572266 0
v -0.380767822265625 5.211841583251953 0
v -0.497955322265625 7.469486236572266 0
v 0.703521728515625 5.318637847900391 0
v -0.380767822265625 5.211841583251953 0
v -1.465087890625 5.318637847900391 0
v -0.497955322265625 7.469486236572266 0
v -3.357147216796875 9.120235443115234 0
v -5.832061767578125 9.68558120727539 0
v -5.938812255859375 10.769905090332031 0
v -3.357147216796875 9.120235443115234 0
v -5.515777587890625 8.642925262451172 0
v -5.832061767578125 9.68558120727539 0
v -3.357147216796875 9.120235443115234 0
v -5.002105712890625 7.682010650634766 0
v -5.515777587890625 8.642925262451172 0
v -3.357147216796875 9.120235443115234 0
v -4.310943603515625 6.839763641357422 0
v -5.002105712890625 7.682010650634766 0
v 4.754180908203125 8.642925262451172 0
v 2.361236572265625 9.120235443115234 0
v 5.070465087890625 9.68558120727539 0
v 2.361236572265625 9.120235443115234 0
v 4.240570068359375 7.682010650634766 0
v 3.549346923828125 6.839759826660156 0
v 2.361236572265625 9.120235443115234 0
v 4.754180908203125 8.642925262451172 0
v 4.240570068359375 7.682010650634766 0
v 3.549346923828125 14.700042724609375 0
v 2.361236572265625 12.421737670898438 0
v 2.707122802734375 15.391258239746094 0
v 4.240570068359375 13.857791900634766 0
v 2.361236572265625 12.421737670898438 0
v 3.549346923828125 14.700042724609375 0
v 4.754180908203125 12.89687728881836 0
v 2.361236572265625 12.421737670898438 0
v 4.240570068359375 13.857791900634766 0
v 5.070465087890625 11.854225158691406 0
v 2.361236572265625 12.421737670898438 0
v 4.754180908203125 12.89687728881836 0
v 5.070465087890625 11.854225158691406 0
v 5.177276611328125 10.769901275634766 0
v 2.361236572265625 12.421737670898438 0
v -0.497955322265625 14.072486877441406 0
v -2.507720947265625 15.904884338378906 0
v -1.465057373046875 16.22116470336914 0
v 0.703521728515625 16.22116470336914 0
v 1.746185302734375 15.90488052368164 0
v -0.497955322265625 14.072486877441406 0
v -0.380767822265625 16.327960968017578 0
v -0.497955322265625 14.072486877441406 0
v -1.465057373046875 16.22116470336914 0
v -0.380767822265625 16.327960968017578 0
v 0.703521728515625 16.22116470336914 0
v -0.497955322265625 14.072486877441406 0
v -3.357147216796875 12.421737670898438 0
v -4.310882568359375 14.70004653930664 0
v -3.468658447265625 15.39126205444336 0
v -3.357147216796875 12.421737670898438 0
v -5.002105712890625 13.857799530029297 0
v -4.310882568359375 14.70004653930664 0
v -3.357147216796875 12.421737670898438 0
v -5.515777587890625 12.89688491821289 0
v -5.002105712890625 13.857799530029297 0
v -3.357147216796875 12.421737670898438 0
v -5.832061767578125 11.854228973388672 0
v -5.515777587890625 12.89688491821289 0
v -0.497955322265625 14.072486877441406 0
v 2.361236572265625 12.421737670898438 0
v 2.361236572265625 12.421737670898438 5.381749629974365
v 2.361236572265625 12.421737670898438 5.381749629974365
v -0.497955322265625 14.072486877441406 5.381749629974365
v -0.497955322265625 14.072486877441406 0
v 2.361236572265625 12.421737670898438 0
v 2.361236572265625 9.120235443115234 0
v 2.361236572265625 9.120235443115234 5.38171911239624
v 2.361236572265625 9.120235443115234 5.38171911239624
v 2.361236572265625 12.421737670898438 5.381749629974365
v 2.361236572265625 12.421737670898438 0
v 2.361236572265625 9.120235443115234 0
v -0.497955322265625 7.469486236572266 0
v -0.497955322265625 7.469486236572266 5.38171911239624
v -0.497955322265625 7.469486236572266 5.38171911239624
v 2.361236572265625 9.120235443115234 5.38171911239624
v 2.361236572265625 9.120235443115234 0
v -0.497955322265625 7.469486236572266 0
v -3.357147216796875 9.120235443115234 0
v -3.357147216796875 9.120235443115234 5.381749629974365
v -3.357147216796875 9.120235443115234 5.381749629974365
v -0.497955322265625 7.469486236572266 5.38171911239624
v -0.497955322265625 7.469486236572266 0
v -3.357147216796875 9.120235443115234 0
v -3.357147216796875 12.421737670898438 0
v -3.357147216796875 12.421737670898438 5.38171911239624
v -3.357147216796875 12.421737670898438 5.38171911239624
v -3.357147216796875 9.120235443115234 5.381749629974365
v -3.357147216796875 9.120235443115234 0
v -3.357147216796875 12.421737670898438 0
v -0.497955322265625 14.072486877441406 0
v -0.497955322265625 14.072486877441406 5.381749629974365
v -0.497955322265625 14.072486877441406 5.381749629974365
v -3.357147216796875 12.421737670898438 5.38171911239624
v -3.357147216796875 12.421737670898438 0
v 2.361236572265625 12.421737670898438 5.381749629974365
v -3.357147216796875 12.421737670898438 5.38171911239624
v -0.497955322265625 14.072486877441406 5.381749629974365
v 2.361236572265625 12.421737670898438 5.381749629974365
v -3.357147216796875 9.120235443115234 5.381749629974365
v -3.357147216796875 12.421737670898438 5.38171911239624
v 2.361236572265625 12.421737670898438 5.381749629974365
v -0.497955322265625 7.469486236572266 5.38171911239624
v -3.357147216796875 9.120235443115234 5.381749629974365
v 2.361236572265625 12.421737670898438 5.381749629974365
v 2.361236572265625 9.120235443115234 5.38171911239624
v -0.497955322265625 7.469486236572266 5.38171911239624
v 17.862640380859375 11.072608947753906 53.05635452270508
v 18.64300537109375 14.995750427246094 53.05635452270508
v 17.862640380859375 15.072608947753906 53.05635452270508
v 17.862640380859375 11.072608947753906 53.05635452270508
v 19.39337158203125 14.768123626708984 53.05635452270508
v 18.64300537109375 14.995750427246094 53.05635452270508
v 17.862640380859375 11.072608947753906 53.05635452270508
v 20.084930419921875 14.398483276367188 53.05635452270508
v 19.39337158203125 14.768123626708984 53.05635452270508
v 17.862640380859375 11.072608947753906 53.05635452270508
v 20.691070556640625 13.901031494140625 53.05635452270508
v 20.084930419921875 14.398483276367188 53.05635452270508
v 17.862640380859375 11.072608947753906 53.05635452270508
v 21.18853759765625 13.294883728027344 53.056339263916016
v 20.691070556640625 13.901031494140625 53.05635452270508
v 17.862640380859375 11.072608947753906 53.05635452270508
v 21.55816650390625 12.603336334228516 53.056339263916016
v 21.18853759765625 13.294883728027344 53.056339263916016
v 17.862640380859375 11.072608947753906 53.05635452270508
v 21.785797119140625 11.852962493896484 53.056339263916016
v 21.55816650390625 12.603336334228516 53.056339263916016
v 17.862640380859375 11.072608947753906 53.05635452270508
v 21.862640380859375 11.072601318359375 53.056339263916016
v 21.785797119140625 11.852962493896484 53.056339263916016
v 17.862640380859375 11.072608947753906 53.05635452270508
v 21.7857666015625 10.292240142822266 53.056339263916016
v 21.862640380859375 11.072601318359375 53.056339263916016
v 17.862640380859375 11.072608947753906 53.05635452270508
v 21.55816650390625 9.5418701171875 53.056339263916016
v 21.7857666015625 10.292240142822266 53.056339263916016
v 17.862640380859375 11.072608947753906 53.05635452270508
v 21.188507080078125 8.850322723388672 53.056339263916016
v 21.55816650390625 9.5418701171875 53.056339263916016
v 17.862640380859375 11.072608947753906 53.05635452270508
v 20.691070556640625 8.244182586669922 53.056339263916016
v 21.188507080078125 8.850322723388672 53.056339263916016
v 17.862640380859375 11.072608947753906 53.05635452270508
v 20.084930419921875 7.746730804443359 53.056339263916016
v 20.691070556640625 8.244182586669922 53.056339263916016
v 17.862640380859375 11.072608947753906 53.05635452270508
v 19.39337158203125 7.3770904541015625 53.056339263916016
v 20.084930419921875 7.746730804443359 53.056339263916016
v 17.862640380859375 11.072608947753906 53.05635452270508
v 18.64300537109375 7.149467468261719 53.056339263916016
v 19.39337158203125 7.3770904541015625 53.056339263916016
v 17.862640380859375 11.072608947753906 53.05635452270508
v 17.862640380859375 7.072608947753906 53.056339263916016
v 18.64300537109375 7.149467468261719 53.056339263916016
v 17.862640380859375 11.072608947753906 53.05635452270508
v 17.082275390625 7.149467468261719 53.05635452270508
v 17.862640380859375 7.072608947753906 53.056339263916016
v 17.862640380859375 11.072608947753906 53.05635452270508
v 16.3319091796875 7.377086639404297 53.05635452270508
v 17.082275390625 7.149467468261719 53.05635452270508
v 17.862640380859375 11.072608947753906 53.05635452270508
v 15.640380859375 7.746726989746094 53.05635452270508
v 16.3319091796875 7.377086639404297 53.05635452270508
v 17.862640380859375 11.072608947753906 53.05635452270508
v 15.034210205078125 8.24417495727539 53.05635452270508
v 15.640380859375 7.746726989746094 53.05635452270508
v 17.862640380859375 11.072608947753906 53.05635452270508
v 14.536773681640625 8.850318908691406 53.05635452270508
v 15.034210205078125 8.24417495727539 53.05635452270508
v 17.862640380859375 11.072608947753906 53.05635452270508
v 14.1671142578125 9.541862487792969 53.05635452270508
v 14.536773681640625 8.850318908691406 53.05635452270508
v 17.862640380859375 11.072608947753906 53.05635452270508
v 13.93951416015625 10.292232513427734 53.05635452270508
v 14.1671142578125 9.541862487792969 53.05635452270508
v 17.862640380859375 11.072608947753906 53.05635452270508
v 13.862640380859375 11.072593688964844 53.05635452270508
v 13.93951416015625 10.292232513427734 53.05635452270508
v 17.862640380859375 11.072608947753906 53.05635452270508
v 13.939483642578125 11.852954864501953 53.05635452270508
v 13.862640380859375 11.072593688964844 53.05635452270508
v 17.862640380859375 11.072608947753906 53.05635452270508
v 14.1671142578125 12.603324890136719 53.05635452270508
v 13.939483642578125 11.852954864501953 53.05635452270508
v 17.862640380859375 11.072608947753906 53.05635452270508
v 14.5367431640625 13.294872283935547 53.05635452270508
v 14.1671142578125 12.603324890136719 53.05635452270508
v 17.862640380859375 11.072608947753906 53.05635452270508
v 15.034210205078125 13.901020050048828 53.05635452270508
v 14.5367431640625 13.294872283935547 53.05635452270508
v 17.862640380859375 11.072608947753906 53.05635452270508
v 15.640350341796875 14.39847183227539 53.05635452270508
v 15.034210205078125 13.901020050048828 53.05635452270508
v 17.862640380859375 11.072608947753906 53.05635452270508
v 16.331878662109375 14.768115997314453 53.05635452270508
v 15.640350341796875 14.39847183227539 53.05635452270508
v 17.862640380859375 11.072608947753906 53.05635452270508
v 17.082244873046875 14.995744705200195 53.05635452270508
v 16.331878662109375 14.768115997314453 53.05635452270508
v 17.862640380859375 11.072608947753906 53.05635452270508
v 17.862640380859375 15.072608947753906 53.05635452270508
v 17.082244873046875 14.995744705200195 53.05635452270508
v 17.93316650390625 15.072664260864258 7.3691487312316895
v 17.862640380859375 15.072608947753906 53.05635452270508
v 18.64300537109375 14.995750427246094 53.05635452270508
v 18.64300537109375 14.995750427246094 53.05635452270508
v 18.713531494140625 14.995805740356445 7.3691487312316895
v 17.93316650390625 15.072664260864258 7.3691487312316895
v 18.713531494140625 14.995805740356445 7.3691487312316895
v 18.64300537109375 14.995750427246094 53.05635452270508
v 19.39337158203125 14.768123626708984 53.05635452270508
v 19.39337158203125 14.768123626708984 53.05635452270508
v 19.463897705078125 14.768184661865234 7.3691487312316895
v 18.713531494140625 14.995805740356445 7.3691487312316895
v 19.463897705078125 14.768184661865234 7.3691487312316895
v 19.39337158203125 14.768123626708984 53.05635452270508
v 20.084930419921875 14.398483276367188 53.05635452270508
v 20.084930419921875 14.398483276367188 53.05635452270508
v 20.15545654296875 14.398540496826172 7.3691487312316895
v 19.463897705078125 14.768184661865234 7.3691487312316895
v 20.15545654296875 14.398540496826172 7.3691487312316895
v 20.084930419921875 14.398483276367188 53.05635452270508
v 20.691070556640625 13.901031494140625 53.05635452270508
v 20.691070556640625 13.901031494140625 53.05635452270508
v 20.7615966796875 13.901092529296875 7.3691487312316895
v 20.15545654296875 14.398540496826172 7.3691487312316895
v 20.7615966796875 13.901092529296875 7.3691487312316895
v 20.691070556640625 13.901031494140625 53.05635452270508
v 21.18853759765625 13.294883728027344 53.056339263916016
v 21.18853759765625 13.294883728027344 53.056339263916016
v 21.259063720703125 13.294944763183594 7.3691487312316895
v 20.7615966796875 13.901092529296875 7.3691487312316895
v 21.259063720703125 13.294944763183594 7.3691487312316895
v 21.18853759765625 13.294883728027344 53.056339263916016
v 21.55816650390625 12.603336334228516 53.056339263916016
v 21.55816650390625 12.603336334228516 53.056339263916016
v 21.628692626953125 12.603397369384766 7.3691487312316895
v 21.259063720703125 13.294944763183594 7.3691487312316895
v 21.628692626953125 12.603397369384766 7.3691487312316895
v 21.55816650390625 12.603336334228516 53.056339263916016
v 21.785797119140625 11.852962493896484 53.056339263916016
v 21.785797119140625 11.852962493896484 53.056339263916016
v 21.8563232421875 11.853023529052734 7.3691487312316895
v 21.628692626953125 12.603397369384766 7.3691487312316895
v 21.8563232421875 11.853023529052734 7.3691487312316895
v 21.785797119140625 11.852962493896484 53.056339263916016
v 21.862640380859375 11.072601318359375 53.056339263916016
v 21.862640380859375 11.072601318359375 53.056339263916016
v 21.93316650390625 11.07266616821289 7.3691487312316895
v 21.8563232421875 11.853023529052734 7.3691487312316895
v 21.93316650390625 11.07266616821289 7.3691487312316895
v 21.862640380859375 11.072601318359375 53.056339263916016
v 21.7857666015625 10.292240142822266 53.056339263916016
v 21.7857666015625 10.292240142822266 53.056339263916016
v 21.8563232421875 10.292304992675781 7.3691487312316895
v 21.93316650390625 11.07266616821289 7.3691487312316895
v 21.8563232421875 10.292304992675781 7.3691487312316895
v 21.7857666015625 10.292240142822266 53.056339263916016
v 21.55816650390625 9.5418701171875 53.056339263916016
v 21.55816650390625 9.5418701171875 53.056339263916016
v 21.628692626953125 9.54193115234375 7.3691487312316895
v 21.8563232421875 10.292304992675781 7.3691487312316895
v 21.628692626953125 9.54193115234375 7.3691487312316895
v 21.55816650390625 9.5418701171875 53.056339263916016
v 21.188507080078125 8.850322723388672 53.056339263916016
v 21.188507080078125 8.850322723388672 53.056339263916016
v 21.259063720703125 8.850383758544922 7.3691487312316895
v 21.628692626953125 9.54193115234375 7.3691487312316895
v 21.259063720703125 8.850383758544922 7.3691487312316895
v 21.188507080078125 8.850322723388672 53.056339263916016
v 20.691070556640625 8.244182586669922 53.056339263916016
v 20.691070556640625 8.244182586669922 53.056339263916016
v 20.7615966796875 8.24423599243164 7.3691487312316895
v 21.259063720703125 8.850383758544922 7.3691487312316895
v 20.7615966796875 8.24423599243164 7.3691487312316895
v 20.691070556640625 8.244182586669922 53.056339263916016
v 20.084930419921875 7.746730804443359 53.056339263916016
v 20.084930419921875 7.746730804443359 53.056339263916016
v 20.15545654296875 7.746784210205078 7.3691487312316895
v 20.7615966796875 8.24423599243164 7.3691487312316895
v 20.15545654296875 7.746784210205078 7.3691487312316895
v 20.084930419921875 7.746730804443359 53.056339263916016
v 19.39337158203125 7.3770904541015625 53.056339263916016
v 19.39337158203125 7.3770904541015625 53.056339263916016
v 19.463897705078125 7.377147674560547 7.3691487312316895
v 20.15545654296875 7.746784210205078 7.3691487312316895
v 19.463897705078125 7.377147674560547 7.3691487312316895
v 19.39337158203125 7.3770904541015625 53.056339263916016
v 18.64300537109375 7.149467468261719 53.056339263916016
v 18.64300537109375 7.149467468261719 53.056339263916016
v 18.713531494140625 7.149524688720703 7.3691487312316895
v 19.463897705078125 7.377147674560547 7.3691487312316895
v 18.713531494140625 7.149524688720703 7.3691487312316895
v 18.64300537109375 7.149467468261719 53.056339263916016
v 17.862640380859375 7.072608947753906 53.056339263916016
v 17.862640380859375 7.072608947753906 53.056339263916016
v 17.93316650390625 7.072666168212891 7.3691487312316895
v 18.713531494140625 7.149524688720703 7.3691487312316895
v 17.93316650390625 7.072666168212891 7.3691487312316895
v 17.862640380859375 7.072608947753906 53.056339263916016
v 17.082275390625 7.149467468261719 53.05635452270508
v 17.082275390625 7.149467468261719 53.05635452270508
v 17.152801513671875 7.149524688720703 7.3691487312316895
v 17.93316650390625 7.072666168212891 7.3691487312316895
v 17.152801513671875 7.149524688720703 7.3691487312316895
v 17.082275390625 7.149467468261719 53.05635452270508
v 16.3319091796875 7.377086639404297 53.05635452270508
v 16.3319091796875 7.377086639404297 53.05635452270508
v 16.402435302734375 7.377147674560547 7.3691487312316895
v 17.152801513671875 7.149524688720703 7.3691487312316895
v 16.402435302734375 7.377147674560547 7.3691487312316895
v 16.3319091796875 7.377086639404297 53.05635452270508
v 15.640380859375 7.746726989746094 53.05635452270508
v 15.640380859375 7.746726989746094 53.05635452270508
v 15.71087646484375 7.746788024902344 7.3691487312316895
v 16.402435302734375 7.377147674560547 7.3691487312316895
v 15.71087646484375 7.746788024902344 7.3691487312316895
v 15.640380859375 7.746726989746094 53.05635452270508
v 15.034210205078125 8.24417495727539 53.05635452270508
v 15.034210205078125 8.24417495727539 53.05635452270508
v 15.104736328125 8.244239807128906 7.3691487312316895
v 15.71087646484375 7.746788024902344 7.3691487312316895
v 15.104736328125 8.244239807128906 7.3691487312316895
v 15.034210205078125 8.24417495727539 53.05635452270508
v 14.536773681640625 8.850318908691406 53.05635452270508
v 14.536773681640625 8.850318908691406 53.05635452270508
v 14.6072998046875 8.850383758544922 7.3691487312316895
v 15.104736328125 8.244239807128906 7.3691487312316895
v 14.6072998046875 8.850383758544922 7.3691487312316895
v 14.536773681640625 8.850318908691406 53.05635452270508
v 14.1671142578125 9.541862487792969 53.05635452270508
v 14.1671142578125 9.541862487792969 53.05635452270508
v 14.237640380859375 9.541934967041016 7.3691487312316895
v 14.6072998046875 8.850383758544922 7.3691487312316895
v 14.237640380859375 9.541934967041016 7.3691487312316895
v 14.1671142578125 9.541862487792969 53.05635452270508
v 13.93951416015625 10.292232513427734 53.05635452270508
v 13.93951416015625 10.292232513427734 53.05635452270508
v 14.010040283203125 10.292304992675781 7.3691487312316895
v 14.237640380859375 9.541934967041016 7.3691487312316895
v 14.010040283203125 10.292304992675781 7.3691487312316895
v 13.93951416015625 10.292232513427734 53.05635452270508
v 13.862640380859375 11.072593688964844 53.05635452270508
v 13.862640380859375 11.072593688964844 53.05635452270508
v 13.93316650390625 11.07266616821289 7.3691487312316895
v 14.010040283203125 10.292304992675781 7.3691487312316895
v 13.93316650390625 11.07266616821289 7.3691487312316895
v 13.862640380859375 11.072593688964844 53.05635452270508
v 13.939483642578125 11.852954864501953 53.05635452270508
v 13.939483642578125 11.852954864501953 53.05635452270508
v 14.010040283203125 11.853031158447266 7.3691487312316895
v 13.93316650390625 11.07266616821289 7.3691487312316895
v 14.010040283203125 11.853031158447266 7.3691487312316895
v 13.939483642578125 11.852954864501953 53.05635452270508
v 14.1671142578125 12.603324890136719 53.05635452270508
v 14.1671142578125 12.603324890136719 53.05635452270508
v 14.237640380859375 12.603401184082031 7.3691487312316895
v 14.010040283203125 11.853031158447266 7.3691487312316895
v 14.237640380859375 12.603401184082031 7.3691487312316895
v 14.1671142578125 12.603324890136719 53.05635452270508
v 14.5367431640625 13.294872283935547 53.05635452270508
v 14.5367431640625 13.294872283935547 53.05635452270508
v 14.6072998046875 13.29494857788086 7.3691487312316895
v 14.237640380859375 12.603401184082031 7.3691487312316895
v 14.6072998046875 13.29494857788086 7.3691487312316895
v 14.5367431640625 13.294872283935547 53.05635452270508
v 15.034210205078125 13.901020050048828 53.05635452270508
v 15.034210205078125 13.901020050048828 53.05635452270508
v 15.104736328125 13.90109634399414 7.3691487312316895
v 14.6072998046875 13.29494857788086 7.3691487312316895
v 15.104736328125 13.90109634399414 7.3691487312316895
v 15.034210205078125 13.901020050048828 53.05635452270508
v 15.640350341796875 14.39847183227539 53.05635452270508
v 15.640350341796875 14.39847183227539 53.05635452270508
v 15.710906982421875 14.398544311523438 7.3691487312316895
v 15.104736328125 13.90109634399414 7.3691487312316895
v 15.710906982421875 14.398544311523438 7.3691487312316895
v 15.640350341796875 14.39847183227539 53.05635452270508
v 16.331878662109375 14.768115997314453 53.05635452270508
v 16.331878662109375 14.768115997314453 53.05635452270508
v 16.402435302734375 14.768184661865234 7.3691487312316895
v 15.710906982421875 14.398544311523438 7.3691487312316895
v 16.402435302734375 14.768184661865234 7.3691487312316895
v 16.331878662109375 14.768115997314453 53.05635452270508
v 17.082244873046875 14.995744705200195 53.05635452270508
v 17.082244873046875 14.995744705200195 53.05635452270508
v 17.152801513671875 14.995805740356445 7.3691487312316895
v 16.402435302734375 14.768184661865234 7.3691487312316895
v 17.862640380859375 15.072608947753906 53.05635452270508
v 17.93316650390625 15.072664260864258 7.3691487312316895
v 17.152801513671875 14.995805740356445 7.3691487312316895
v 17.152801513671875 14.995805740356445 7.3691487312316895
v 17.082244873046875 14.995744705200195 53.05635452270508
v 17.862640380859375 15.072608947753906 53.05635452270508
v 17.152801513671875 14.995805740356445 7.3691487312316895
v 17.93316650390625 15.072664260864258 7.3691487312316895
v 17.93316650390625 16.63072395324707 7.3691487312316895
v 17.93316650390625 16.63072395324707 7.3691487312316895
v 16.848846435546875 16.523927688598633 7.3691487312316895
v 17.152801513671875 14.995805740356445 7.3691487312316895
v 16.402435302734375 14.768184661865234 7.3691487312316895
v 17.152801513671875 14.995805740356445 7.3691487312316895
v 16.848846435546875 16.523927688598633 7.3691487312316895
v 16.848846435546875 16.523927688598633 7.3691487312316895
v 15.80621337890625 16.207645416259766 7.3691487312316895
v 16.402435302734375 14.768184661865234 7.3691487312316895
v 15.710906982421875 14.398544311523438 7.3691487312316895
v 16.402435302734375 14.768184661865234 7.3691487312316895
v 15.80621337890625 16.207645416259766 7.3691487312316895
v 15.80621337890625 16.207645416259766 7.3691487312316895
v 14.84527587890625 15.694025039672852 7.3691487312316895
v 15.710906982421875 14.398544311523438 7.3691487312316895
v 15.104736328125 13.90109634399414 7.3691487312316895
v 15.710906982421875 14.398544311523438 7.3691487312316895
v 14.84527587890625 15.694025039672852 7.3691487312316895
v 14.84527587890625 15.694025039672852 7.3691487312316895
v 14.003021240234375 15.002809524536133 7.3691487312316895
v 15.104736328125 13.90109634399414 7.3691487312316895
v 14.6072998046875 13.29494857788086 7.3691487312316895
v 15.104736328125 13.90109634399414 7.3691487312316895
v 14.003021240234375 15.002809524536133 7.3691487312316895
v 14.003021240234375 15.002809524536133 7.3691487312316895
v 13.31182861328125 14.160560607910156 7.3691487312316895
v 14.6072998046875 13.29494857788086 7.3691487312316895
v 14.237640380859375 12.603401184082031 7.3691487312316895
v 14.6072998046875 13.29494857788086 7.3691487312316895
v 13.31182861328125 14.160560607910156 7.3691487312316895
v 13.31182861328125 14.160560607910156 7.3691487312316895
v 12.798187255859375 13.19964599609375 7.3691487312316895
v 14.237640380859375 12.603401184082031 7.3691487312316895
v 14.010040283203125 11.853031158447266 7.3691487312316895
v 14.237640380859375 12.603401184082031 7.3691487312316895
v 12.798187255859375 13.19964599609375 7.3691487312316895
v 12.798187255859375 13.19964599609375 7.3691487312316895
v 12.481903076171875 12.156993865966797 7.3691487312316895
v 14.010040283203125 11.853031158447266 7.3691487312316895
v 13.93316650390625 11.07266616821289 7.3691487312316895
v 14.010040283203125 11.853031158447266 7.3691487312316895
v 12.481903076171875 12.156993865966797 7.3691487312316895
v 12.481903076171875 12.156993865966797 7.3691487312316895
v 12.3751220703125 11.07266616821289 7.3691487312316895
v 13.93316650390625 11.07266616821289 7.3691487312316895
v 14.010040283203125 10.292304992675781 7.3691487312316895
v 13.93316650390625 11.07266616821289 7.3691487312316895
v 12.3751220703125 11.07266616821289 7.3691487312316895
v 12.3751220703125 11.07266616821289 7.3691487312316895
v 12.481903076171875 9.988346099853516 7.3691487312316895
v 14.010040283203125 10.292304992675781 7.3691487312316895
v 14.237640380859375 9.541934967041016 7.3691487312316895
v 14.010040283203125 10.292304992675781 7.3691487312316895
v 12.481903076171875 9.988346099853516 7.3691487312316895
v 12.481903076171875 9.988346099853516 7.3691487312316895
v 12.798187255859375 8.945690155029297 7.3691487312316895
v 14.237640380859375 9.541934967041016 7.3691487312316895
v 14.6072998046875 8.850383758544922 7.3691487312316895
v 14.237640380859375 9.541934967041016 7.3691487312316895
v 12.798187255859375 8.945690155029297 7.3691487312316895
v 12.798187255859375 8.945690155029297 7.3691487312316895
v 13.311798095703125 7.984775543212891 7.3691487312316895
v 14.6072998046875 8.850383758544922 7.3691487312316895
v 15.104736328125 8.244239807128906 7.3691487312316895
v 14.6072998046875 8.850383758544922 7.3691487312316895
v 13.311798095703125 7.984775543212891 7.3691487312316895
v 13.311798095703125 7.984775543212891 7.3691487312316895
v 14.003021240234375 7.142524719238281 7.3691487312316895
v 15.104736328125 8.244239807128906 7.3691487312316895
v 15.71087646484375 7.746788024902344 7.3691487312316895
v 15.104736328125 8.244239807128906 7.3691487312316895
v 14.003021240234375 7.142524719238281 7.3691487312316895
v 14.003021240234375 7.142524719238281 7.3691487312316895
v 14.84527587890625 6.4513092041015625 7.3691487312316895
v 15.71087646484375 7.746788024902344 7.3691487312316895
v 16.402435302734375 7.377147674560547 7.3691487312316895
v 15.71087646484375 7.746788024902344 7.3691487312316895
v 14.84527587890625 6.4513092041015625 7.3691487312316895
v 14.84527587890625 6.4513092041015625 7.3691487312316895
v 15.806182861328125 5.937686920166016 7.3691487312316895
v 16.402435302734375 7.377147674560547 7.3691487312316895
v 17.152801513671875 7.149524688720703 7.3691487312316895
v 16.402435302734375 7.377147674560547 7.3691487312316895
v 15.806182861328125 5.937686920166016 7.3691487312316895
v 15.806182861328125 5.937686920166016 7.3691487312316895
v 16.848846435546875 5.621402740478516 7.3691487312316895
v 17.152801513671875 7.149524688720703 7.3691487312316895
v 17.93316650390625 7.072666168212891 7.3691487312316895
v 17.152801513671875 7.149524688720703 7.3691487312316895
v 16.848846435546875 5.621402740478516 7.3691487312316895
v 16.848846435546875 5.621402740478516 7.3691487312316895
v 17.93316650390625 5.5146026611328125 7.369134426116943
v 17.93316650390625 7.072666168212891 7.3691487312316895
v 18.713531494140625 7.149524688720703 7.3691487312316895
v 17.93316650390625 7.072666168212891 7.3691487312316895
v 17.93316650390625 5.5146026611328125 7.369134426116943
v 17.93316650390625 5.5146026611328125 7.369134426116943
v 19.017486572265625 5.621402740478516 7.369134426116943
v 18.713531494140625 7.149524688720703 7.3691487312316895
v 19.463897705078125 7.377147674560547 7.3691487312316895
v 18.713531494140625 7.149524688720703 7.3691487312316895
v 19.017486572265625 5.621402740478516 7.369134426116943
v 19.017486572265625 5.621402740478516 7.369134426116943
v 20.060150146484375 5.937686920166016 7.369134426116943
v 19.463897705078125 7.377147674560547 7.3691487312316895
v 20.15545654296875 7.746784210205078 7.3691487312316895
v 19.463897705078125 7.377147674560547 7.3691487312316895
v 20.060150146484375 5.937686920166016 7.369134426116943
v 20.060150146484375 5.937686920166016 7.369134426116943
v 21.02105712890625 6.451305389404297 7.369134426116943
v 20.15545654296875 7.746784210205078 7.3691487312316895
v 20.7615966796875 8.24423599243164 7.3691487312316895
v 20.15545654296875 7.746784210205078 7.3691487312316895
v 21.02105712890625 6.451305389404297 7.369134426116943
v 21.02105712890625 6.451305389404297 7.369134426116943
v 21.863311767578125 7.142520904541016 7.369134426116943
v 20.7615966796875 8.24423599243164 7.3691487312316895
v 21.259063720703125 8.850383758544922 7.3691487312316895
v 20.7615966796875 8.24423599243164 7.3691487312316895
v 21.863311767578125 7.142520904541016 7.369134426116943
v 21.863311767578125 7.142520904541016 7.369134426116943
v 22.554534912109375 7.984771728515625 7.369134426116943
v 21.259063720703125 8.850383758544922 7.3691487312316895
v 21.628692626953125 9.54193115234375 7.3691487312316895
v 21.259063720703125 8.850383758544922 7.3691487312316895
v 22.554534912109375 7.984771728515625 7.369134426116943
v 22.554534912109375 7.984771728515625 7.369134426116943
v 23.068145751953125 8.945690155029297 7.369134426116943
v 21.628692626953125 9.54193115234375 7.3691487312316895
v 21.8563232421875 10.292304992675781 7.3691487312316895
v 21.628692626953125 9.54193115234375 7.3691487312316895
v 23.068145751953125 8.945690155029297 7.369134426116943
v 23.068145751953125 8.945690155029297 7.369134426116943
v 23.384429931640625 9.98834228515625 7.369134426116943
v 21.8563232421875 10.292304992675781 7.3691487312316895
v 21.93316650390625 11.07266616821289 7.3691487312316895
v 21.8563232421875 10.292304992675781 7.3691487312316895
v 23.384429931640625 9.98834228515625 7.369134426116943
v 23.384429931640625 9.98834228515625 7.369134426116943
v 23.491241455078125 11.07266616821289 7.369134426116943
v 21.93316650390625 11.07266616821289 7.3691487312316895
v 21.8563232421875 11.853023529052734 7.3691487312316895
v 21.93316650390625 11.07266616821289 7.3691487312316895
v 23.491241455078125 11.07266616821289 7.369134426116943
v 23.491241455078125 11.07266616821289 7.369134426116943
v 23.384429931640625 12.156986236572266 7.369134426116943
v 21.8563232421875 11.853023529052734 7.3691487312316895
v 21.628692626953125 12.603397369384766 7.3691487312316895
v 21.8563232421875 11.853023529052734 7.3691487312316895
v 23.384429931640625 12.156986236572266 7.369134426116943
v 23.384429931640625 12.156986236572266 7.369134426116943
v 23.068145751953125 13.199642181396484 7.369134426116943
v 21.628692626953125 12.603397369384766 7.3691487312316895
v 21.259063720703125 13.294944763183594 7.3691487312316895
v 21.628692626953125 12.603397369384766 7.3691487312316895
v 23.068145751953125 13.199642181396484 7.369134426116943
v 23.068145751953125 13.199642181396484 7.369134426116943
v 22.554534912109375 14.16055679321289 7.369134426116943
v 21.259063720703125 13.294944763183594 7.3691487312316895
v 20.7615966796875 13.901092529296875 7.3691487312316895
v 21.259063720703125 13.294944763183594 7.3691487312316895
v 22.554534912109375 14.16055679321289 7.369134426116943
v 22.554534912109375 14.16055679321289 7.369134426116943
v 21.863311767578125 15.002805709838867 7.369134426116943
v 20.7615966796875 13.901092529296875 7.3691487312316895
v 20.15545654296875 14.398540496826172 7.3691487312316895
v 20.7615966796875 13.901092529296875 7.3691487312316895
v 21.863311767578125 15.002805709838867 7.369134426116943
v 21.863311767578125 15.002805709838867 7.369134426116943
v 21.02105712890625 15.694023132324219 7.3691487312316895
v 20.15545654296875 14.398540496826172 7.3691487312316895
v 19.463897705078125 14.768184661865234 7.3691487312316895
v 20.15545654296875 14.398540496826172 7.3691487312316895
v 21.02105712890625 15.694023132324219 7.3691487312316895
v 21.02105712890625 15.694023132324219 7.3691487312316895
v 20.060150146484375 16.2076416015625 7.3691487312316895
v 19.463897705078125 14.768184661865234 7.3691487312316895
v 18.713531494140625 14.995805740356445 7.3691487312316895
v 19.463897705078125 14.768184661865234 7.3691487312316895
v 20.060150146484375 16.2076416015625 7.3691487312316895
v 20.060150146484375 16.2076416015625 7.3691487312316895
v 19.017486572265625 16.523927688598633 7.3691487312316895
v 18.713531494140625 14.995805740356445 7.3691487312316895
v 17.93316650390625 15.072664260864258 7.3691487312316895
v 18.713531494140625 14.995805740356445 7.3691487312316895
v 19.017486572265625 16.523927688598633 7.3691487312316895
v 19.017486572265625 16.523927688598633 7.3691487312316895
v 17.93316650390625 16.63072395324707 7.3691487312316895
v 17.93316650390625 15.072664260864258 7.3691487312316895
v 17.93316650390625 16.63072395324707 7.3691487312316895
v 19.017486572265625 16.523927688598633 7.3691487312316895
v 19.039215087890625 16.523929595947266 0
v 19.039215087890625 16.523929595947266 0
v 17.95489501953125 16.630725860595703 0
v 17.93316650390625 16.63072395324707 7.3691487312316895
v 19.017486572265625 16.523927688598633 7.3691487312316895
v 20.060150146484375 16.2076416015625 7.3691487312316895
v 20.081878662109375 16.2076416015625 0
v 20.081878662109375 16.2076416015625 0
v 19.039215087890625 16.523929595947266 0
v 19.017486572265625 16.523927688598633 7.3691487312316895
v 20.060150146484375 16.2076416015625 7.3691487312316895
v 21.02105712890625 15.694023132324219 7.3691487312316895
v 21.04278564453125 15.694023132324219 0
v 21.04278564453125 15.694023132324219 0
v 20.081878662109375 16.2076416015625 0
v 20.060150146484375 16.2076416015625 7.3691487312316895
v 21.02105712890625 15.694023132324219 7.3691487312316895
v 21.863311767578125 15.002805709838867 7.369134426116943
v 21.885040283203125 15.002805709838867 0
v 21.885040283203125 15.002805709838867 0
v 21.04278564453125 15.694023132324219 0
v 21.02105712890625 15.694023132324219 7.3691487312316895
v 21.863311767578125 15.002805709838867 7.369134426116943
v 22.554534912109375 14.16055679321289 7.369134426116943
v 22.576263427734375 14.16055679321289 0
v 22.576263427734375 14.16055679321289 0
v 21.885040283203125 15.002805709838867 0
v 21.863311767578125 15.002805709838867 7.369134426116943
v 22.554534912109375 14.16055679321289 7.369134426116943
v 23.068145751953125 13.199642181396484 7.369134426116943
v 23.089874267578125 13.199642181396484 0
v 23.089874267578125 13.199642181396484 0
v 22.576263427734375 14.16055679321289 0
v 22.554534912109375 14.16055679321289 7.369134426116943
v 23.068145751953125 13.199642181396484 7.369134426116943
v 23.384429931640625 12.156986236572266 7.369134426116943
v 23.406158447265625 12.156986236572266 0
v 23.406158447265625 12.156986236572266 0
v 23.089874267578125 13.199642181396484 0
v 23.068145751953125 13.199642181396484 7.369134426116943
v 23.384429931640625 12.156986236572266 7.369134426116943
v 23.491241455078125 11.07266616821289 7.369134426116943
v 23.512969970703125 11.07266616821289 0
v 23.512969970703125 11.07266616821289 0
v 23.406158447265625 12.156986236572266 0
v 23.384429931640625 12.156986236572266 7.369134426116943
v 23.491241455078125 11.07266616821289 7.369134426116943
v 23.384429931640625 9.98834228515625 7.369134426116943
v 23.406158447265625 9.98834228515625 0
v 23.406158447265625 9.98834228515625 0
v 23.512969970703125 11.07266616821289 0
v 23.491241455078125 11.07266616821289 7.369134426116943
v 23.384429931640625 9.98834228515625 7.369134426116943
v 23.068145751953125 8.945690155029297 7.369134426116943
v 23.089874267578125 8.945690155029297 0
v 23.089874267578125 8.945690155029297 0
v 23.406158447265625 9.98834228515625 0
v 23.384429931640625 9.98834228515625 7.369134426116943
v 23.068145751953125 8.945690155029297 7.369134426116943
v 22.554534912109375 7.984771728515625 7.369134426116943
v 22.576263427734375 7.984771728515625 0
v 22.576263427734375 7.984771728515625 0
v 23.089874267578125 8.945690155029297 0
v 23.068145751953125 8.945690155029297 7.369134426116943
v 22.554534912109375 7.984771728515625 7.369134426116943
v 21.863311767578125 7.142520904541016 7.369134426116943
v 21.885040283203125 7.142520904541016 0
v 21.885040283203125 7.142520904541016 0
v 22.576263427734375 7.984771728515625 0
v 22.554534912109375 7.984771728515625 7.369134426116943
v 21.863311767578125 7.142520904541016 7.369134426116943
v 21.02105712890625 6.451305389404297 7.369134426116943
v 21.04278564453125 6.451305389404297 0
v 21.04278564453125 6.451305389404297 0
v 21.885040283203125 7.142520904541016 0
v 21.863311767578125 7.142520904541016 7.369134426116943
v 21.02105712890625 6.451305389404297 7.369134426116943
v 20.060150146484375 5.937686920166016 7.369134426116943
v 20.081878662109375 5.937686920166016 0
v 20.081878662109375 5.937686920166016 0
v 21.04278564453125 6.451305389404297 0
v 21.02105712890625 6.451305389404297 7.369134426116943
v 20.060150146484375 5.937686920166016 7.369134426116943
v 19.017486572265625 5.621402740478516 7.369134426116943
v 19.039215087890625 5.62139892578125 0
v 19.039215087890625 5.62139892578125 0
v 20.081878662109375 5.937686920166016 0
v 20.060150146484375 5.937686920166016 7.369134426116943
v 19.017486572265625 5.621402740478516 7.369134426116943
v 17.93316650390625 5.5146026611328125 7.369134426116943
v 17.95489501953125 5.5146026611328125 0
v 17.95489501953125 5.5146026611328125 0
v 19.039215087890625 5.62139892578125 0
v 19.017486572265625 5.621402740478516 7.369134426116943
v 17.93316650390625 5.5146026611328125 7.369134426116943
v 16.848846435546875 5.621402740478516 7.3691487312316895
v 16.870574951171875 5.621402740478516 0
v 16.870574951171875 5.621402740478516 0
v 17.95489501953125 5.5146026611328125 0
v 17.93316650390625 5.5146026611328125 7.369134426116943
v 16.848846435546875 5.621402740478516 7.3691487312316895
v 15.806182861328125 5.937686920166016 7.3691487312316895
v 15.827911376953125 5.937686920166016 0
v 15.827911376953125 5.937686920166016 0
v 16.870574951171875 5.621402740478516 0
v 16.848846435546875 5.621402740478516 7.3691487312316895
v 15.806182861328125 5.937686920166016 7.3691487312316895
v 14.84527587890625 6.4513092041015625 7.3691487312316895
v 14.86700439453125 6.4513092041015625 0
v 14.86700439453125 6.4513092041015625 0
v 15.827911376953125 5.937686920166016 0
v 15.806182861328125 5.937686920166016 7.3691487312316895
v 14.84527587890625 6.4513092041015625 7.3691487312316895
v 14.003021240234375 7.142524719238281 7.3691487312316895
v 14.024749755859375 7.142524719238281 0
v 14.024749755859375 7.142524719238281 0
v 14.86700439453125 6.4513092041015625 0
v 14.84527587890625 6.4513092041015625 7.3691487312316895
v 14.003021240234375 7.142524719238281 7.3691487312316895
v 13.311798095703125 7.984775543212891 7.3691487312316895
v 13.33355712890625 7.984775543212891 0
v 13.33355712890625 7.984775543212891 0
v 14.024749755859375 7.142524719238281 0
v 14.003021240234375 7.142524719238281 7.3691487312316895
v 13.311798095703125 7.984775543212891 7.3691487312316895
v 12.798187255859375 8.945690155029297 7.3691487312316895
v 12.819915771484375 8.945690155029297 0
v 12.819915771484375 8.945690155029297 0
v 13.33355712890625 7.984775543212891 0
v 13.311798095703125 7.984775543212891 7.3691487312316895
v 12.798187255859375 8.945690155029297 7.3691487312316895
v 12.481903076171875 9.988346099853516 7.3691487312316895
v 12.503631591796875 9.988346099853516 0
v 12.503631591796875 9.988346099853516 0
v 12.819915771484375 8.945690155029297 0
v 12.798187255859375 8.945690155029297 7.3691487312316895
v 12.481903076171875 9.988346099853516 7.3691487312316895
v 12.3751220703125 11.07266616821289 7.3691487312316895
v 12.3968505859375 11.07266616821289 0
v 12.3968505859375 11.07266616821289 0
v 12.503631591796875 9.988346099853516 0
v 12.481903076171875 9.988346099853516 7.3691487312316895
v 12.3751220703125 11.07266616821289 7.3691487312316895
v 12.481903076171875 12.156993865966797 7.3691487312316895
v 12.503631591796875 12.156993865966797 0
v 12.503631591796875 12.156993865966797 0
v 12.3968505859375 11.07266616821289 0
v 12.3751220703125 11.07266616821289 7.3691487312316895
v 12.481903076171875 12.156993865966797 7.3691487312316895
v 12.798187255859375 13.19964599609375 7.3691487312316895
v 12.819915771484375 13.19964599609375 0
v 12.819915771484375 13.19964599609375 0
v 12.503631591796875 12.156993865966797 0
v 12.481903076171875 12.156993865966797 7.3691487312316895
v 12.798187255859375 13.19964599609375 7.3691487312316895
v 13.31182861328125 14.160560607910156 7.3691487312316895
v 13.33355712890625 14.160560607910156 0
v 13.33355712890625 14.160560607910156 0
v 12.819915771484375 13.19964599609375 0
v 12.798187255859375 13.19964599609375 7.3691487312316895
v 13.31182861328125 14.160560607910156 7.3691487312316895
v 14.003021240234375 15.002809524536133 7.3691487312316895
v 14.0247802734375 15.002811431884766 0
v 14.0247802734375 15.002811431884766 0
v 13.33355712890625 14.160560607910156 0
v 13.31182861328125 14.160560607910156 7.3691487312316895
v 14.003021240234375 15.002809524536133 7.3691487312316895
v 14.84527587890625 15.694025039672852 7.3691487312316895
v 14.86700439453125 15.694025039672852 0
v 14.86700439453125 15.694025039672852 0
v 14.0247802734375 15.002811431884766 0
v 14.003021240234375 15.002809524536133 7.3691487312316895
v 14.84527587890625 15.694025039672852 7.3691487312316895
v 15.80621337890625 16.207645416259766 7.3691487312316895
v 15.82794189453125 16.207645416259766 0
v 15.82794189453125 16.207645416259766 0
v 14.86700439453125 15.694025039672852 0
v 14.84527587890625 15.694025039672852 7.3691487312316895
v 15.80621337890625 16.207645416259766 7.3691487312316895
v 16.848846435546875 16.523927688598633 7.3691487312316895
v 16.87060546875 16.523929595947266 0
v 16.87060546875 16.523929595947266 0
v 15.82794189453125 16.207645416259766 0
v 15.80621337890625 16.207645416259766 7.3691487312316895
v 16.848846435546875 16.523927688598633 7.3691487312316895
v 17.93316650390625 16.63072395324707 7.3691487312316895
v 17.95489501953125 16.630725860595703 0
v 17.95489501953125 16.630725860595703 0
v 16.87060546875 16.523929595947266 0
v 16.848846435546875 16.523927688598633 7.3691487312316895
v 23.512969970703125 11.07266616821289 0
v 23.406158447265625 9.98834228515625 0
v 20.696929931640625 9.42300033569336 0
v 20.696929931640625 9.42300033569336 0
v 20.696929931640625 12.724498748779297 0
v 23.512969970703125 11.07266616821289 0
v 21.885040283203125 7.142520904541016 0
v 21.04278564453125 6.451305389404297 0
v 17.837738037109375 7.772247314453125 0
v 17.837738037109375 7.772247314453125 0
v 20.696929931640625 9.42300033569336 0
v 21.885040283203125 7.142520904541016 0
v 14.86700439453125 6.4513092041015625 0
v 14.024749755859375 7.142524719238281 0
v 14.978546142578125 9.422996520996094 0
v 14.978546142578125 9.422996520996094 0
v 17.837738037109375 7.772247314453125 0
v 14.86700439453125 6.4513092041015625 0
v 12.3968505859375 11.07266616821289 0
v 12.503631591796875 12.156993865966797 0
v 14.978546142578125 12.724498748779297 0
v 14.978546142578125 12.724498748779297 0
v 14.978546142578125 9.422996520996094 0
v 12.3968505859375 11.07266616821289 0
v 14.86700439453125 15.694025039672852 0
v 15.82794189453125 16.207645416259766 0
v 17.837738037109375 14.375251770019531 0
v 17.837738037109375 14.375251770019531 0
v 14.978546142578125 12.724498748779297 0
v 14.86700439453125 15.694025039672852 0
v 20.081878662109375 16.2076416015625 0
v 21.04278564453125 15.694023132324219 0
v 20.696929931640625 12.724498748779297 0
v 20.696929931640625 12.724498748779297 0
v 17.837738037109375 14.375251770019531 0
v 20.081878662109375 16.2076416015625 0
v 17.837738037109375 7.772247314453125 0
v 15.827911376953125 5.937686920166016 0
v 14.86700439453125 6.4513092041015625 0
v 20.081878662109375 5.937686920166016 0
v 17.837738037109375 7.772247314453125 0
v 21.04278564453125 6.451305389404297 0
v 19.039215087890625 5.62139892578125 0
v 17.837738037109375 7.772247314453125 0
v 20.081878662109375 5.937686920166016 0
v 16.870574951171875 5.621402740478516 0
v 15.827911376953125 5.937686920166016 0
v 17.837738037109375 7.772247314453125 0
v 17.95489501953125 5.5146026611328125 0
v 17.837738037109375 7.772247314453125 0
v 19.039215087890625 5.62139892578125 0
v 17.95489501953125 5.5146026611328125 0
v 16.870574951171875 5.621402740478516 0
v 17.837738037109375 7.772247314453125 0
v 14.978546142578125 9.422996520996094 0
v 12.503631591796875 9.988346099853516 0
v 12.3968505859375 11.07266616821289 0
v 14.978546142578125 9.422996520996094 0
v 12.819915771484375 8.945690155029297 0
v 12.503631591796875 9.988346099853516 0
v 14.978546142578125 9.422996520996094 0
v 13.33355712890625 7.984775543212891 0
v 12.819915771484375 8.945690155029297 0
v 14.978546142578125 9.422996520996094 0
v 14.024749755859375 7.142524719238281 0
v 13.33355712890625 7.984775543212891 0
v 23.089874267578125 8.945690155029297 0
v 20.696929931640625 9.42300033569336 0
v 23.406158447265625 9.98834228515625 0
v 20.696929931640625 9.42300033569336 0
v 22.576263427734375 7.984771728515625 0
v 21.885040283203125 7.142520904541016 0
v 20.696929931640625 9.42300033569336 0
v 23.089874267578125 8.945690155029297 0
v 22.576263427734375 7.984771728515625 0
v 21.885040283203125 15.002805709838867 0
v 20.696929931640625 12.724498748779297 0
v 21.04278564453125 15.694023132324219 0
v 22.576263427734375 14.16055679321289 0
v 20.696929931640625 12.724498748779297 0
v 21.885040283203125 15.002805709838867 0
v 23.089874267578125 13.199642181396484 0
v 20.696929931640625 12.724498748779297 0
v 22.576263427734375 14.16055679321289 0
v 23.406158447265625 12.156986236572266 0
v 20.696929931640625 12.724498748779297 0
v 23.089874267578125 13.199642181396484 0
v 23.406158447265625 12.156986236572266 0
v 23.512969970703125 11.07266616821289 0
v 20.696929931640625 12.724498748779297 0
v 17.837738037109375 14.375251770019531 0
v 15.82794189453125 16.207645416259766 0
v 16.87060546875 16.523929595947266 0
v 19.039215087890625 16.523929595947266 0
v 20.081878662109375 16.2076416015625 0
v 17.837738037109375 14.375251770019531 0
v 17.95489501953125 16.630725860595703 0
v 17.837738037109375 14.375251770019531 0
v 16.87060546875 16.523929595947266 0
v 17.95489501953125 16.630725860595703 0
v 19.039215087890625 16.523929595947266 0
v 17.837738037109375 14.375251770019531 0
v 14.978546142578125 12.724498748779297 0
v 14.0247802734375 15.002811431884766 0
v 14.86700439453125 15.694025039672852 0
v 14.978546142578125 12.724498748779297 0
v 13.33355712890625 14.160560607910156 0
v 14.0247802734375 15.002811431884766 0
v 14.978546142578125 12.724498748779297 0
v 12.819915771484375 13.19964599609375 0
v 13.33355712890625 14.160560607910156 0
v 14.978546142578125 12.724498748779297 0
v 12.503631591796875 12.156993865966797 0
v 12.819915771484375 13.19964599609375 0
v 17.837738037109375 14.375251770019531 0
v 20.696929931640625 12.724498748779297 0
v 20.696929931640625 12.724498748779297 4.989745140075684
v 20.696929931640625 12.724498748779297 4.989745140075684
v 17.837738037109375 14.375251770019531 4.989745140075684
v 17.837738037109375 14.375251770019531 0
v 20.696929931640625 12.724498748779297 0
v 20.696929931640625 9.42300033569336 0
v 20.696929931640625 9.42300033569336 4.989731311798096
v 20.696929931640625 9.42300033569336 4.989731311798096
v 20.696929931640625 12.724498748779297 4.989745140075684
v 20.696929931640625 12.724498748779297 0
v 20.696929931640625 9.42300033569336 0
v 17.837738037109375 7.772247314453125 0
v 17.837738037109375 7.772247314453125 4.989731311798096
v 17.837738037109375 7.772247314453125 4.989731311798096
v 20.696929931640625 9.42300033569336 4.989731311798096
v 20.696929931640625 9.42300033569336 0
v 17.837738037109375 7.772247314453125 0
v 14.978546142578125 9.422996520996094 0
v 14.978546142578125 9.422996520996094 4.989745140075684
v 14.978546142578125 9.422996520996094 4.989745140075684
v 17.837738037109375 7.772247314453125 4.989731311798096
v 17.837738037109375 7.772247314453125 0
v 14.978546142578125 9.422996520996094 0
v 14.978546142578125 12.724498748779297 0
v 14.978546142578125 12.724498748779297 4.989731311798096
v 14.978546142578125 12.724498748779297 4.989731311798096
v 14.978546142578125 9.422996520996094 4.989745140075684
v 14.978546142578125 9.422996520996094 0
v 14.978546142578125 12.724498748779297 0
v 17.837738037109375 14.375251770019531 0
v 17.837738037109375 14.375251770019531 4.989745140075684
v 17.837738037109375 14.375251770019531 4.989745140075684
v 14.978546142578125 12.724498748779297 4.989731311798096
v 14.978546142578125 12.724498748779297 0
v 20.696929931640625 12.724498748779297 4.989745140075684
v 14.978546142578125 12.724498748779297 4.989731311798096
v 17.837738037109375 14.375251770019531 4.989745140075684
v 20.696929931640625 12.724498748779297 4.989745140075684
v 14.978546142578125 9.422996520996094 4.989745140075684
v 14.978546142578125 12.724498748779297 4.989731311798096
v 20.696929931640625 12.724498748779297 4.989745140075684
v 17.837738037109375 7.772247314453125 4.989731311798096
v 14.978546142578125 9.422996520996094 4.989745140075684
v 20.696929931640625 12.724498748779297 4.989745140075684
v 20.696929931640625 9.42300033569336 4.989731311798096
v 17.837738037109375 7.772247314453125 4.989731311798096
v 0.307342529296875 6.846706390380859 61.39739990234375
v 1.057708740234375 7.074329376220703 61.39739990234375
v 0.70648193359375 7.922245025634766 61.39739990234375
v 0.70648193359375 7.922245025634766 61.39739990234375
v 0.128265380859375 7.746845245361328 61.39739990234375
v 0.307342529296875 6.846706390380859 61.39739990234375
v -0.473052978515625 14.769847869873047 61.39741516113281
v -1.253448486328125 14.692981719970703 61.39741516113281
v -1.074371337890625 13.792839050292969 61.39741516113281
v -1.074371337890625 13.792839050292969 61.39741516113281
v -0.473052978515625 13.852066040039062 61.39741516113281
v -0.473052978515625 14.769847869873047 61.39741516113281
v -0.473052978515625 6.769847869873047 61.39739990234375
v 0.307342529296875 6.846706390380859 61.39739990234375
v 0.128265380859375 7.746845245361328 61.39739990234375
v 0.128265380859375 7.746845245361328 61.39739990234375
v -0.473052978515625 7.687625885009766 61.39739990234375
v -0.473052978515625 6.769847869873047 61.39739990234375
v -1.253387451171875 6.846706390380859 61.39741516113281
v -0.473052978515625 6.769847869873047 61.39739990234375
v -0.473052978515625 7.687625885009766 61.39739990234375
v -0.473052978515625 7.687625885009766 61.39739990234375
v -1.074371337890625 7.746845245361328 61.39741516113281
v -1.253387451171875 6.846706390380859 61.39741516113281
v -2.003753662109375 7.0743255615234375 61.39741516113281
v -1.253387451171875 6.846706390380859 61.39741516113281
v -1.074371337890625 7.746845245361328 61.39741516113281
v -1.074371337890625 7.746845245361328 61.39741516113281
v -1.652557373046875 7.9222412109375 61.39741516113281
v -2.003753662109375 7.0743255615234375 61.39741516113281
v -2.695281982421875 7.443965911865234 61.39741516113281
v -2.003753662109375 7.0743255615234375 61.39741516113281
v -1.652557373046875 7.9222412109375 61.39741516113281
v -1.652557373046875 7.9222412109375 61.39741516113281
v -2.185394287109375 8.20706558227539 61.39741516113281
v -2.695281982421875 7.443965911865234 61.39741516113281
v -4.168548583984375 12.30056381225586 61.39741516113281
v -4.396209716796875 11.550189971923828 61.39741516113281
v -3.496063232421875 11.371143341064453 61.39741516113281
v -3.496063232421875 11.371143341064453 61.39741516113281
v -3.320648193359375 11.949344635009766 61.39741516113281
v -4.168548583984375 12.30056381225586 61.39741516113281
v -4.396209716796875 11.550189971923828 61.39741516113281
v -4.473052978515625 10.769832611083984 61.39741516113281
v -3.555267333984375 10.769832611083984 61.39741516113281
v -3.555267333984375 10.769832611083984 61.39741516113281
v -3.496063232421875 11.371143341064453 61.39741516113281
v -4.396209716796875 11.550189971923828 61.39741516113281
v 2.852813720703125 8.547561645507812 61.39739990234375
v 3.222503662109375 9.23910903930664 61.39739990234375
v 2.37457275390625 9.590328216552734 61.39739990234375
v 2.37457275390625 9.590328216552734 61.39739990234375
v 2.0897216796875 9.057453155517578 61.39739990234375
v 2.852813720703125 8.547561645507812 61.39739990234375
v 3.222503662109375 9.23910903930664 61.39739990234375
v 3.450103759765625 9.989479064941406 61.39739990234375
v 2.549957275390625 10.168529510498047 61.39739990234375
v 2.549957275390625 10.168529510498047 61.39739990234375
v 2.37457275390625 9.590328216552734 61.39739990234375
v 3.222503662109375 9.23910903930664 61.39739990234375
v 2.355377197265625 13.598270416259766 61.39741516113281
v 1.749237060546875 14.095722198486328 61.39741516113281
v 1.239349365234375 13.33261489868164 61.39741516113281
v 1.239349365234375 13.33261489868164 61.39741516113281
v 1.7064208984375 12.949298858642578 61.39741516113281
v 2.355377197265625 13.598270416259766 61.39741516113281
v 2.852874755859375 12.992122650146484 61.39739990234375
v 2.355377197265625 13.598270416259766 61.39741516113281
v 1.7064208984375 12.949298858642578 61.39741516113281
v 1.7064208984375 12.949298858642578 61.39741516113281
v 2.089752197265625 12.482231140136719 61.39739990234375
v 2.852874755859375 12.992122650146484 61.39739990234375
v 1.749237060546875 14.095722198486328 61.39741516113281
v 1.057708740234375 14.465362548828125 61.39741516113281
v 0.706451416015625 13.617443084716797 61.39741516113281
v 0.706451416015625 13.617443084716797 61.39741516113281
v 1.239349365234375 13.33261489868164 61.39741516113281
v 1.749237060546875 14.095722198486328 61.39741516113281
v 1.057708740234375 14.465362548828125 61.39741516113281
v 0.307342529296875 14.692985534667969 61.39741516113281
v 0.128265380859375 13.792842864990234 61.39741516113281
v 0.128265380859375 13.792842864990234 61.39741516113281
v 0.706451416015625 13.617443084716797 61.39741516113281
v 1.057708740234375 14.465362548828125 61.39741516113281
v -2.695343017578125 14.095710754394531 61.39741516113281
v -3.301483154296875 13.598258972167969 61.39741516113281
v -2.652496337890625 12.949291229248047 61.39741516113281
v -2.652496337890625 12.949291229248047 61.39741516113281
v -2.185455322265625 13.33260726928711 61.39741516113281
v -2.695343017578125 14.095710754394531 61.39741516113281
v 3.450103759765625 11.55019760131836 61.39739990234375
v 3.222503662109375 12.30057144165039 61.39739990234375
v 2.37457275390625 11.949352264404297 61.39739990234375
v 2.37457275390625 11.949352264404297 61.39739990234375
v 2.549957275390625 11.371150970458984 61.39739990234375
v 3.450103759765625 11.55019760131836 61.39739990234375
v -4.168548583984375 9.23910140991211 61.39741516113281
v -3.798919677734375 8.547557830810547 61.39741516113281
v -3.035797119140625 9.057445526123047 61.39741516113281
v -3.035797119140625 9.057445526123047 61.39741516113281
v -3.320648193359375 9.590320587158203 61.39741516113281
v -4.168548583984375 9.23910140991211 61.39741516113281
v 1.057708740234375 7.074329376220703 61.39739990234375
v 1.749237060546875 7.443965911865234 61.39739990234375
v 1.239349365234375 8.207073211669922 61.39739990234375
v 1.239349365234375 8.207073211669922 61.39739990234375
v 0.70648193359375 7.922245025634766 61.39739990234375
v 1.057708740234375 7.074329376220703 61.39739990234375
v -2.003814697265625 14.465354919433594 61.39741516113281
v -2.695343017578125 14.095710754394531 61.39741516113281
v -2.185455322265625 13.33260726928711 61.39741516113281
v -2.185455322265625 13.33260726928711 61.39741516113281
v -1.652557373046875 13.617439270019531 61.39741516113281
v -2.003814697265625 14.465354919433594 61.39741516113281
v 0.307342529296875 14.692985534667969 61.39741516113281
v -0.473052978515625 14.769847869873047 61.39741516113281
v -0.473052978515625 13.852066040039062 61.39741516113281
v -0.473052978515625 13.852066040039062 61.39741516113281
v 0.128265380859375 13.792842864990234 61.39741516113281
v 0.307342529296875 14.692985534667969 61.39741516113281
v 3.526947021484375 10.76983642578125 61.39739990234375
v 3.450103759765625 11.55019760131836 61.39739990234375
v 2.549957275390625 11.371150970458984 61.39739990234375
v 2.549957275390625 11.371150970458984 61.39739990234375
v 2.609161376953125 10.769840240478516 61.39739990234375
v 3.526947021484375 10.76983642578125 61.39739990234375
v 3.222503662109375 12.30057144165039 61.39739990234375
v 2.852874755859375 12.992122650146484 61.39739990234375
v 2.089752197265625 12.482231140136719 61.39739990234375
v 2.089752197265625 12.482231140136719 61.39739990234375
v 2.37457275390625 11.949352264404297 61.39739990234375
v 3.222503662109375 12.30057144165039 61.39739990234375
v -1.253448486328125 14.692981719970703 61.39741516113281
v -2.003814697265625 14.465354919433594 61.39741516113281
v -1.652557373046875 13.617439270019531 61.39741516113281
v -1.652557373046875 13.617439270019531 61.39741516113281
v -1.074371337890625 13.792839050292969 61.39741516113281
v -1.253448486328125 14.692981719970703 61.39741516113281
v -3.301483154296875 7.941410064697266 61.39741516113281
v -2.695281982421875 7.443965911865234 61.39741516113281
v -2.185394287109375 8.20706558227539 61.39741516113281
v -2.185394287109375 8.20706558227539 61.39741516113281
v -2.652496337890625 8.590381622314453 61.39741516113281
v -3.301483154296875 7.941410064697266 61.39741516113281
v 3.450103759765625 9.989479064941406 61.39739990234375
v 3.526947021484375 10.76983642578125 61.39739990234375
v 2.609161376953125 10.769840240478516 61.39739990234375
v 2.609161376953125 10.769840240478516 61.39739990234375
v 2.549957275390625 10.168529510498047 61.39739990234375
v 3.450103759765625 9.989479064941406 61.39739990234375
v -4.473052978515625 10.769832611083984 61.39741516113281
v -4.396148681640625 9.989471435546875 61.39741516113281
v -3.496002197265625 10.168521881103516 61.39741516113281
v -3.496002197265625 10.168521881103516 61.39741516113281
v -3.555267333984375 10.769832611083984 61.39741516113281
v -4.473052978515625 10.769832611083984 61.39741516113281
v -3.301483154296875 13.598258972167969 61.39741516113281
v -3.798919677734375 12.992111206054688 61.39741516113281
v -3.03582763671875 12.482223510742188 61.39741516113281
v -3.03582763671875 12.482223510742188 61.39741516113281
v -2.652496337890625 12.949291229248047 61.39741516113281
v -3.301483154296875 13.598258972167969 61.39741516113281
v -3.798919677734375 12.992111206054688 61.39741516113281
v -4.168548583984375 12.30056381225586 61.39741516113281
v -3.320648193359375 11.949344635009766 61.39741516113281
v -3.320648193359375 11.949344635009766 61.39741516113281
v -3.03582763671875 12.482223510742188 61.39741516113281
v -3.798919677734375 12.992111206054688 61.39741516113281
v 1.749237060546875 7.443965911865234 61.39739990234375
v 2.355377197265625 7.941417694091797 61.39739990234375
v 1.7064208984375 8.590381622314453 61.39739990234375
v 1.7064208984375 8.590381622314453 61.39739990234375
v 1.239349365234375 8.207073211669922 61.39739990234375
v 1.749237060546875 7.443965911865234 61.39739990234375
v 2.355377197265625 7.941417694091797 61.39739990234375
v 2.852813720703125 8.547561645507812 61.39739990234375
v 2.0897216796875 9.057453155517578 61.39739990234375
v 2.0897216796875 9.057453155517578 61.39739990234375
v 1.7064208984375 8.590381622314453 61.39739990234375
v 2.355377197265625 7.941417694091797 61.39739990234375
v -3.798919677734375 8.547557830810547 61.39741516113281
v -3.301483154296875 7.941410064697266 61.39741516113281
v -2.652496337890625 8.590381622314453 61.39741516113281
v -2.652496337890625 8.590381622314453 61.39741516113281
v -3.035797119140625 9.057445526123047 61.39741516113281
v -3.798919677734375 8.547557830810547 61.39741516113281
v -4.396148681640625 9.989471435546875 61.39741516113281
v -4.168548583984375 9.23910140991211 61.39741516113281
v -3.320648193359375 9.590320587158203 61.39741516113281
v -3.320648193359375 9.590320587158203 61.39741516113281
v -3.496002197265625 10.168521881103516 61.39741516113281
v -4.396148681640625 9.989471435546875 61.39741516113281
v -3.496002197265625 10.168521881103516 61.39741516113281
v -3.320648193359375 9.590320587158203 61.39741516113281
v -3.320648193359375 9.590316772460938 65.48030853271484
v -3.320648193359375 9.590316772460938 65.48030853271484
v -3.496002197265625 10.16851806640625 65.48030853271484
v -3.496002197265625 10.168521881103516 61.39741516113281
v -3.035797119140625 9.057445526123047 61.39741516113281
v -2.652496337890625 8.590381622314453 61.39741516113281
v -2.652496337890625 8.590373992919922 65.48030853271484
v -2.652496337890625 8.590373992919922 65.48030853271484
v -3.035797119140625 9.057441711425781 65.48030853271484
v -3.035797119140625 9.057445526123047 61.39741516113281
v 1.7064208984375 8.590381622314453 61.39739990234375
v 2.0897216796875 9.057453155517578 61.39739990234375
v 2.089752197265625 9.057445526123047 65.48029327392578
v 2.089752197265625 9.057445526123047 65.48029327392578
v 1.706451416015625 8.590381622314453 65.48029327392578
v 1.7064208984375 8.590381622314453 61.39739990234375
v 1.239349365234375 8.207073211669922 61.39739990234375
v 1.7064208984375 8.590381622314453 61.39739990234375
v 1.706451416015625 8.590381622314453 65.48029327392578
v 1.706451416015625 8.590381622314453 65.48029327392578
v 1.239349365234375 8.20706558227539 65.48029327392578
v 1.239349365234375 8.207073211669922 61.39739990234375
v -3.03582763671875 12.482223510742188 61.39741516113281
v -3.320648193359375 11.949344635009766 61.39741516113281
v -3.320648193359375 11.9493408203125 65.48030853271484
v -3.320648193359375 11.9493408203125 65.48030853271484
v -3.035797119140625 12.482219696044922 65.48030853271484
v -3.03582763671875 12.482223510742188 61.39741516113281
v -2.652496337890625 12.949291229248047 61.39741516113281
v -3.03582763671875 12.482223510742188 61.39741516113281
v -3.035797119140625 12.482219696044922 65.48030853271484
v -3.035797119140625 12.482219696044922 65.48030853271484
v -2.652496337890625 12.949287414550781 65.48030853271484
v -2.652496337890625 12.949291229248047 61.39741516113281
v -3.555267333984375 10.769832611083984 61.39741516113281
v -3.496002197265625 10.168521881103516 61.39741516113281
v -3.496002197265625 10.16851806640625 65.48030853271484
v -3.496002197265625 10.16851806640625 65.48030853271484
v -3.555267333984375 10.769828796386719 65.48030853271484
v -3.555267333984375 10.769832611083984 61.39741516113281
v 2.549957275390625 10.168529510498047 61.39739990234375
v 2.609161376953125 10.769840240478516 61.39739990234375
v 2.60919189453125 10.769832611083984 65.48029327392578
v 2.60919189453125 10.769832611083984 65.48029327392578
v 2.549957275390625 10.168521881103516 65.48029327392578
v 2.549957275390625 10.168529510498047 61.39739990234375
v -2.652496337890625 8.590381622314453 61.39741516113281
v -2.185394287109375 8.20706558227539 61.39741516113281
v -2.185394287109375 8.20706558227539 65.48030853271484
v -2.185394287109375 8.20706558227539 65.48030853271484
v -2.652496337890625 8.590373992919922 65.48030853271484
v -2.652496337890625 8.590381622314453 61.39741516113281
v -1.074371337890625 13.792839050292969 61.39741516113281
v -1.652557373046875 13.617439270019531 61.39741516113281
v -1.652557373046875 13.617435455322266 65.48030853271484
v -1.652557373046875 13.617435455322266 65.48030853271484
v -1.074371337890625 13.792835235595703 65.48030853271484
v -1.074371337890625 13.792839050292969 61.39741516113281
v 2.37457275390625 11.949352264404297 61.39739990234375
v 2.089752197265625 12.482231140136719 61.39739990234375
v 2.089752197265625 12.482227325439453 65.48029327392578
v 2.089752197265625 12.482227325439453 65.48029327392578
v 2.37457275390625 11.949352264404297 65.48029327392578
v 2.37457275390625 11.949352264404297 61.39739990234375
v 2.609161376953125 10.769840240478516 61.39739990234375
v 2.549957275390625 11.371150970458984 61.39739990234375
v 2.549957275390625 11.371147155761719 65.48029327392578
v 2.549957275390625 11.371147155761719 65.48029327392578
v 2.60919189453125 10.769832611083984 65.48029327392578
v 2.609161376953125 10.769840240478516 61.39739990234375
v 0.128265380859375 13.792842864990234 61.39741516113281
v -0.473052978515625 13.852066040039062 61.39741516113281
v -0.473052978515625 13.852062225341797 65.48030853271484
v -0.473052978515625 13.852062225341797 65.48030853271484
v 0.128265380859375 13.792835235595703 65.48030853271484
v 0.128265380859375 13.792842864990234 61.39741516113281
v -1.652557373046875 13.617439270019531 61.39741516113281
v -2.185455322265625 13.33260726928711 61.39741516113281
v -2.1854248046875 13.332603454589844 65.48030853271484
v -2.1854248046875 13.332603454589844 65.48030853271484
v -1.652557373046875 13.617435455322266 65.48030853271484
v -1.652557373046875 13.617439270019531 61.39741516113281
v 0.70648193359375 7.922245025634766 61.39739990234375
v 1.239349365234375 8.207073211669922 61.39739990234375
v 1.239349365234375 8.20706558227539 65.48029327392578
v 1.239349365234375 8.20706558227539 65.48029327392578
v 0.70648193359375 7.922237396240234 65.48029327392578
v 0.70648193359375 7.922245025634766 61.39739990234375
v -3.320648193359375 9.590320587158203 61.39741516113281
v -3.035797119140625 9.057445526123047 61.39741516113281
v -3.035797119140625 9.057441711425781 65.48030853271484
v -3.035797119140625 9.057441711425781 65.48030853271484
v -3.320648193359375 9.590316772460938 65.48030853271484
v -3.320648193359375 9.590320587158203 61.39741516113281
v 2.549957275390625 11.371150970458984 61.39739990234375
v 2.37457275390625 11.949352264404297 61.39739990234375
v 2.37457275390625 11.949352264404297 65.48029327392578
v 2.37457275390625 11.949352264404297 65.48029327392578
v 2.549957275390625 11.371147155761719 65.48029327392578
v 2.549957275390625 11.371150970458984 61.39739990234375
v -2.185455322265625 13.33260726928711 61.39741516113281
v -2.652496337890625 12.949291229248047 61.39741516113281
v -2.652496337890625 12.949287414550781 65.48030853271484
v -2.652496337890625 12.949287414550781 65.48030853271484
v -2.1854248046875 13.332603454589844 65.48030853271484
v -2.185455322265625 13.33260726928711 61.39741516113281
v 0.706451416015625 13.617443084716797 61.39741516113281
v 0.128265380859375 13.792842864990234 61.39741516113281
v 0.128265380859375 13.792835235595703 65.48030853271484
v 0.128265380859375 13.792835235595703 65.48030853271484
v 0.70648193359375 13.617439270019531 65.48030853271484
v 0.706451416015625 13.617443084716797 61.39741516113281
v 1.239349365234375 13.33261489868164 61.39741516113281
v 0.706451416015625 13.617443084716797 61.39741516113281
v 0.70648193359375 13.617439270019531 65.48030853271484
v 0.70648193359375 13.617439270019531 65.48030853271484
v 1.239349365234375 13.332611083984375 65.48030853271484
v 1.239349365234375 13.33261489868164 61.39741516113281
v 2.089752197265625 12.482231140136719 61.39739990234375
v 1.7064208984375 12.949298858642578 61.39741516113281
v 1.706451416015625 12.949298858642578 65.48030853271484
v 1.706451416015625 12.949298858642578 65.48030853271484
v 2.089752197265625 12.482227325439453 65.48029327392578
v 2.089752197265625 12.482231140136719 61.39739990234375
v 1.7064208984375 12.949298858642578 61.39741516113281
v 1.239349365234375 13.33261489868164 61.39741516113281
v 1.239349365234375 13.332611083984375 65.48030853271484
v 1.239349365234375 13.332611083984375 65.48030853271484
v 1.706451416015625 12.949298858642578 65.48030853271484
v 1.7064208984375 12.949298858642578 61.39741516113281
v 2.37457275390625 9.590328216552734 61.39739990234375
v 2.549957275390625 10.168529510498047 61.39739990234375
v 2.549957275390625 10.168521881103516 65.48029327392578
v 2.549957275390625 10.168521881103516 65.48029327392578
v 2.37457275390625 9.590320587158203 65.48029327392578
v 2.37457275390625 9.590328216552734 61.39739990234375
v 2.0897216796875 9.057453155517578 61.39739990234375
v 2.37457275390625 9.590328216552734 61.39739990234375
v 2.37457275390625 9.590320587158203 65.48029327392578
v 2.37457275390625 9.590320587158203 65.48029327392578
v 2.089752197265625 9.057445526123047 65.48029327392578
v 2.0897216796875 9.057453155517578 61.39739990234375
v -3.496063232421875 11.371143341064453 61.39741516113281
v -3.555267333984375 10.769832611083984 61.39741516113281
v -3.555267333984375 10.769828796386719 65.48030853271484
v -3.555267333984375 10.769828796386719 65.48030853271484
v -3.496063232421875 11.371139526367188 65.48030853271484
v -3.496063232421875 11.371143341064453 61.39741516113281
v -3.320648193359375 11.949344635009766 61.39741516113281
v -3.496063232421875 11.371143341064453 61.39741516113281
v -3.496063232421875 11.371139526367188 65.48030853271484
v -3.496063232421875 11.371139526367188 65.48030853271484
v -3.320648193359375 11.9493408203125 65.48030853271484
v -3.320648193359375 11.949344635009766 61.39741516113281
v -2.185394287109375 8.20706558227539 61.39741516113281
v -1.652557373046875 7.9222412109375 61.39741516113281
v -1.652557373046875 7.922237396240234 65.48030853271484
v -1.652557373046875 7.922237396240234 65.48030853271484
v -2.185394287109375 8.20706558227539 65.48030853271484
v -2.185394287109375 8.20706558227539 61.39741516113281
v -1.652557373046875 7.9222412109375 61.39741516113281
v -1.074371337890625 7.746845245361328 61.39741516113281
v -1.0743408203125 7.7468414306640625 65.48030853271484
v -1.0743408203125 7.7468414306640625 65.48030853271484
v -1.652557373046875 7.922237396240234 65.48030853271484
v -1.652557373046875 7.9222412109375 61.39741516113281
v -1.074371337890625 7.746845245361328 61.39741516113281
v -0.473052978515625 7.687625885009766 61.39739990234375
v -0.473052978515625 7.687618255615234 65.48029327392578
v -0.473052978515625 7.687618255615234 65.48029327392578
v -1.0743408203125 7.7468414306640625 65.48030853271484
v -1.074371337890625 7.746845245361328 61.39741516113281
v -0.473052978515625 7.687625885009766 61.39739990234375
v 0.128265380859375 7.746845245361328 61.39739990234375
v 0.128265380859375 7.746845245361328 65.48029327392578
v 0.128265380859375 7.746845245361328 65.48029327392578
v -0.473052978515625 7.687618255615234 65.48029327392578
v -0.473052978515625 7.687625885009766 61.39739990234375
v -0.473052978515625 13.852066040039062 61.39741516113281
v -1.074371337890625 13.792839050292969 61.39741516113281
v -1.074371337890625 13.792835235595703 65.48030853271484
v -1.074371337890625 13.792835235595703 65.48030853271484
v -0.473052978515625 13.852062225341797 65.48030853271484
v -0.473052978515625 13.852066040039062 61.39741516113281
v 0.128265380859375 7.746845245361328 61.39739990234375
v 0.70648193359375 7.922245025634766 61.39739990234375
v 0.70648193359375 7.922237396240234 65.48029327392578
v 0.70648193359375 7.922237396240234 65.48029327392578
v 0.128265380859375 7.746845245361328 65.48029327392578
v 0.128265380859375 7.746845245361328 61.39739990234375
v 0.128265380859375 7.746845245361328 65.48029327392578
v 0.70648193359375 7.922237396240234 65.48029327392578
v 1.040985107421875 7.11468505859375 65.48029327392578
v 1.040985107421875 7.11468505859375 65.48029327392578
v 0.298797607421875 6.889549255371094 65.48029327392578
v 0.128265380859375 7.746845245361328 65.48029327392578
v -0.473052978515625 13.852062225341797 65.48030853271484
v -1.074371337890625 13.792835235595703 65.48030853271484
v -1.244903564453125 14.650131225585938 65.4803237915039
v -1.244903564453125 14.650131225585938 65.4803237915039
v -0.473052978515625 14.726154327392578 65.4803237915039
v -0.473052978515625 13.852062225341797 65.48030853271484
v -0.473052978515625 7.687618255615234 65.48029327392578
v 0.128265380859375 7.746845245361328 65.48029327392578
v 0.298797607421875 6.889549255371094 65.48029327392578
v 0.298797607421875 6.889549255371094 65.48029327392578
v -0.473052978515625 6.813529968261719 65.48029327392578
v -0.473052978515625 7.687618255615234 65.48029327392578
v -1.0743408203125 7.7468414306640625 65.48030853271484
v -0.473052978515625 7.687618255615234 65.48029327392578
v -0.473052978515625 6.813529968261719 65.48029327392578
v -0.473052978515625 6.813529968261719 65.48029327392578
v -1.244873046875 6.889545440673828 65.4803237915039
v -1.0743408203125 7.7468414306640625 65.48030853271484
v -1.652557373046875 7.922237396240234 65.48030853271484
v -1.0743408203125 7.7468414306640625 65.48030853271484
v -1.244873046875 6.889545440673828 65.4803237915039
v -1.244873046875 6.889545440673828 65.4803237915039
v -1.987030029296875 7.114681243896484 65.4803237915039
v -1.652557373046875 7.922237396240234 65.48030853271484
v -2.185394287109375 8.20706558227539 65.48030853271484
v -1.652557373046875 7.922237396240234 65.48030853271484
v -1.987030029296875 7.114681243896484 65.4803237915039
v -1.987030029296875 7.114681243896484 65.4803237915039
v -2.6710205078125 7.480281829833984 65.4803237915039
v -2.185394287109375 8.20706558227539 65.48030853271484
v -3.320648193359375 11.9493408203125 65.48030853271484
v -3.496063232421875 11.371139526367188 65.48030853271484
v -4.353363037109375 11.541664123535156 65.4803237915039
v -4.353363037109375 11.541664123535156 65.4803237915039
v -4.128204345703125 12.28384017944336 65.4803237915039
v -3.320648193359375 11.9493408203125 65.48030853271484
v -3.496063232421875 11.371139526367188 65.48030853271484
v -3.555267333984375 10.769828796386719 65.48030853271484
v -4.429351806640625 10.769824981689453 65.4803237915039
v -4.429351806640625 10.769824981689453 65.4803237915039
v -4.353363037109375 11.541664123535156 65.4803237915039
v -3.496063232421875 11.371139526367188 65.48030853271484
v 2.089752197265625 9.057445526123047 65.48029327392578
v 2.37457275390625 9.590320587158203 65.48029327392578
v 3.18212890625 9.255821228027344 65.48029327392578
v 3.18212890625 9.255821228027344 65.48029327392578
v 2.816497802734375 8.571826934814453 65.48029327392578
v 2.089752197265625 9.057445526123047 65.48029327392578
v 2.37457275390625 9.590320587158203 65.48029327392578
v 2.549957275390625 10.168521881103516 65.48029327392578
v 3.407257080078125 9.997997283935547 65.48029327392578
v 3.407257080078125 9.997997283935547 65.48029327392578
v 3.18212890625 9.255821228027344 65.48029327392578
v 2.37457275390625 9.590320587158203 65.48029327392578
v 1.706451416015625 12.949298858642578 65.48030853271484
v 1.239349365234375 13.332611083984375 65.48030853271484
v 1.725006103515625 14.059391021728516 65.4803237915039
v 1.725006103515625 14.059391021728516 65.4803237915039
v 2.324493408203125 13.567371368408203 65.4803237915039
v 1.706451416015625 12.949298858642578 65.48030853271484
v 2.089752197265625 12.482227325439453 65.48029327392578
v 1.706451416015625 12.949298858642578 65.48030853271484
v 2.324493408203125 13.567371368408203 65.4803237915039
v 2.324493408203125 13.567371368408203 65.4803237915039
v 2.816558837890625 12.967845916748047 65.48029327392578
v 2.089752197265625 12.482227325439453 65.48029327392578
v 1.239349365234375 13.332611083984375 65.48030853271484
v 0.70648193359375 13.617439270019531 65.48030853271484
v 1.040985107421875 14.424995422363281 65.4803237915039
v 1.040985107421875 14.424995422363281 65.4803237915039
v 1.725006103515625 14.059391021728516 65.4803237915039
v 1.239349365234375 13.332611083984375 65.48030853271484
v 0.70648193359375 13.617439270019531 65.48030853271484
v 0.128265380859375 13.792835235595703 65.48030853271484
v 0.298797607421875 14.650135040283203 65.4803237915039
v 0.298797607421875 14.650135040283203 65.4803237915039
v 1.040985107421875 14.424995422363281 65.4803237915039
v 0.70648193359375 13.617439270019531 65.48030853271484
v -2.1854248046875 13.332603454589844 65.48030853271484
v -2.652496337890625 12.949287414550781 65.48030853271484
v -3.27056884765625 13.567363739013672 65.4803237915039
v -3.27056884765625 13.567363739013672 65.4803237915039
v -2.671051025390625 14.059383392333984 65.4803237915039
v -2.1854248046875 13.332603454589844 65.48030853271484
v 2.549957275390625 11.371147155761719 65.48029327392578
v 2.37457275390625 11.949352264404297 65.48029327392578
v 3.18212890625 12.283851623535156 65.48029327392578
v 3.18212890625 12.283851623535156 65.48029327392578
v 3.407257080078125 11.541671752929688 65.48029327392578
v 2.549957275390625 11.371147155761719 65.48029327392578
v -3.320648193359375 9.590316772460938 65.48030853271484
v -3.035797119140625 9.057441711425781 65.48030853271484
v -3.7625732421875 8.571823120117188 65.4803237915039
v -3.7625732421875 8.571823120117188 65.4803237915039
v -4.128204345703125 9.255813598632812 65.4803237915039
v -3.320648193359375 9.590316772460938 65.48030853271484
v 0.70648193359375 7.922237396240234 65.48029327392578
v 1.239349365234375 8.20706558227539 65.48029327392578
v 1.725006103515625 7.480289459228516 65.48029327392578
v 1.725006103515625 7.480289459228516 65.48029327392578
v 1.040985107421875 7.11468505859375 65.48029327392578
v 0.70648193359375 7.922237396240234 65.48029327392578
v -1.652557373046875 13.617435455322266 65.48030853271484
v -2.1854248046875 13.332603454589844 65.48030853271484
v -2.671051025390625 14.059383392333984 65.4803237915039
v -2.671051025390625 14.059383392333984 65.4803237915039
v -1.987091064453125 14.424991607666016 65.4803237915039
v -1.652557373046875 13.617435455322266 65.48030853271484
v 0.128265380859375 13.792835235595703 65.48030853271484
v -0.473052978515625 13.852062225341797 65.48030853271484
v -0.473052978515625 14.726154327392578 65.4803237915039
v -0.473052978515625 14.726154327392578 65.4803237915039
v 0.298797607421875 14.650135040283203 65.4803237915039
v 0.128265380859375 13.792835235595703 65.48030853271484
v 2.60919189453125 10.769832611083984 65.48029327392578
v 2.549957275390625 11.371147155761719 65.48029327392578
v 3.407257080078125 11.541671752929688 65.48029327392578
v 3.407257080078125 11.541671752929688 65.48029327392578
v 3.4832763671875 10.769832611083984 65.48029327392578
v 2.60919189453125 10.769832611083984 65.48029327392578
v 2.37457275390625 11.949352264404297 65.48029327392578
v 2.089752197265625 12.482227325439453 65.48029327392578
v 2.816558837890625 12.967845916748047 65.48029327392578
v 2.816558837890625 12.967845916748047 65.48029327392578
v 3.18212890625 12.283851623535156 65.48029327392578
v 2.37457275390625 11.949352264404297 65.48029327392578
v -1.074371337890625 13.792835235595703 65.48030853271484
v -1.652557373046875 13.617435455322266 65.48030853271484
v -1.987091064453125 14.424991607666016 65.4803237915039
v -1.987091064453125 14.424991607666016 65.4803237915039
v -1.244903564453125 14.650131225585938 65.4803237915039
v -1.074371337890625 13.792835235595703 65.48030853271484
v -2.652496337890625 8.590373992919922 65.48030853271484
v -2.185394287109375 8.20706558227539 65.48030853271484
v -2.6710205078125 7.480281829833984 65.4803237915039
v -2.6710205078125 7.480281829833984 65.4803237915039
v -3.27056884765625 7.972297668457031 65.4803237915039
v -2.652496337890625 8.590373992919922 65.48030853271484
v 2.549957275390625 10.168521881103516 65.48029327392578
v 2.60919189453125 10.769832611083984 65.48029327392578
v 3.4832763671875 10.769832611083984 65.48029327392578
v 3.4832763671875 10.769832611083984 65.48029327392578
v 3.407257080078125 9.997997283935547 65.48029327392578
v 2.549957275390625 10.168521881103516 65.48029327392578
v -3.555267333984375 10.769828796386719 65.48030853271484
v -3.496002197265625 10.16851806640625 65.48030853271484
v -4.353302001953125 9.997989654541016 65.4803237915039
v -4.353302001953125 9.997989654541016 65.4803237915039
v -4.429351806640625 10.769824981689453 65.4803237915039
v -3.555267333984375 10.769828796386719 65.48030853271484
v -2.652496337890625 12.949287414550781 65.48030853271484
v -3.035797119140625 12.482219696044922 65.48030853271484
v -3.762603759765625 12.96783447265625 65.4803237915039
v -3.762603759765625 12.96783447265625 65.4803237915039
v -3.27056884765625 13.567363739013672 65.4803237915039
v -2.652496337890625 12.949287414550781 65.48030853271484
v -3.035797119140625 12.482219696044922 65.48030853271484
v -3.320648193359375 11.9493408203125 65.48030853271484
v -4.128204345703125 12.28384017944336 65.4803237915039
v -4.128204345703125 12.28384017944336 65.4803237915039
v -3.762603759765625 12.96783447265625 65.4803237915039
v -3.035797119140625 12.482219696044922 65.48030853271484
v 1.239349365234375 8.20706558227539 65.48029327392578
v 1.706451416015625 8.590381622314453 65.48029327392578
v 2.324493408203125 7.9723052978515625 65.48029327392578
v 2.324493408203125 7.9723052978515625 65.48029327392578
v 1.725006103515625 7.480289459228516 65.48029327392578
v 1.239349365234375 8.20706558227539 65.48029327392578
v 1.706451416015625 8.590381622314453 65.48029327392578
v 2.089752197265625 9.057445526123047 65.48029327392578
v 2.816497802734375 8.571826934814453 65.48029327392578
v 2.816497802734375 8.571826934814453 65.48029327392578
v 2.324493408203125 7.9723052978515625 65.48029327392578
v 1.706451416015625 8.590381622314453 65.48029327392578
v -3.035797119140625 9.057441711425781 65.48030853271484
v -2.652496337890625 8.590373992919922 65.48030853271484
v -3.27056884765625 7.972297668457031 65.4803237915039
v -3.27056884765625 7.972297668457031 65.4803237915039
v -3.7625732421875 8.571823120117188 65.4803237915039
v -3.035797119140625 9.057441711425781 65.48030853271484
v -3.496002197265625 10.16851806640625 65.48030853271484
v -3.320648193359375 9.590316772460938 65.48030853271484
v -4.128204345703125 9.255813598632812 65.4803237915039
v -4.128204345703125 9.255813598632812 65.4803237915039
v -4.353302001953125 9.997989654541016 65.4803237915039
v -3.496002197265625 10.16851806640625 65.48030853271484
v -4.353302001953125 9.997989654541016 65.4803237915039
v -4.128204345703125 9.255813598632812 65.4803237915039
v -4.128204345703125 9.255809783935547 68.06250762939453
v -4.128204345703125 9.255809783935547 68.06250762939453
v -4.353302001953125 9.99798583984375 68.06250762939453
v -4.353302001953125 9.997989654541016 65.4803237915039
v -3.7625732421875 8.571823120117188 65.4803237915039
v -3.27056884765625 7.972297668457031 65.4803237915039
v -3.27056884765625 7.972293853759766 68.06250762939453
v -3.27056884765625 7.972293853759766 68.06250762939453
v -3.7625732421875 8.571819305419922 68.06250762939453
v -3.7625732421875 8.571823120117188 65.4803237915039
v 2.324493408203125 7.9723052978515625 65.48029327392578
v 2.816497802734375 8.571826934814453 65.48029327392578
v 2.816497802734375 8.571826934814453 68.06249237060547
v 2.816497802734375 8.571826934814453 68.06249237060547
v 2.324493408203125 7.972301483154297 68.06249237060547
v 2.324493408203125 7.9723052978515625 65.48029327392578
v 1.725006103515625 7.480289459228516 65.48029327392578
v 2.324493408203125 7.9723052978515625 65.48029327392578
v 2.324493408203125 7.972301483154297 68.06249237060547
v 2.324493408203125 7.972301483154297 68.06249237060547
v 1.725006103515625 7.480281829833984 68.06249237060547
v 1.725006103515625 7.480289459228516 65.48029327392578
v -3.762603759765625 12.96783447265625 65.4803237915039
v -4.128204345703125 12.28384017944336 65.4803237915039
v -4.128204345703125 12.283836364746094 68.06250762939453
v -4.128204345703125 12.283836364746094 68.06250762939453
v -3.762603759765625 12.967830657958984 68.06250762939453
v -3.762603759765625 12.96783447265625 65.4803237915039
v -3.27056884765625 13.567363739013672 65.4803237915039
v -3.762603759765625 12.96783447265625 65.4803237915039
v -3.762603759765625 12.967830657958984 68.06250762939453
v -3.762603759765625 12.967830657958984 68.06250762939453
v -3.27056884765625 13.567359924316406 68.06250762939453
v -3.27056884765625 13.567363739013672 65.4803237915039
v -4.429351806640625 10.769824981689453 65.4803237915039
v -4.353302001953125 9.997989654541016 65.4803237915039
v -4.353302001953125 9.99798583984375 68.06250762939453
v -4.353302001953125 9.99798583984375 68.06250762939453
v -4.429351806640625 10.769824981689453 68.06250762939453
v -4.429351806640625 10.769824981689453 65.4803237915039
v 3.407257080078125 9.997997283935547 65.48029327392578
v 3.4832763671875 10.769832611083984 65.48029327392578
v 3.483306884765625 10.769832611083984 68.06249237060547
v 3.483306884765625 10.769832611083984 68.06249237060547
v 3.407257080078125 9.997993469238281 68.06249237060547
v 3.407257080078125 9.997997283935547 65.48029327392578
v -3.27056884765625 7.972297668457031 65.4803237915039
v -2.6710205078125 7.480281829833984 65.4803237915039
v -2.6710205078125 7.480281829833984 68.06250762939453
v -2.6710205078125 7.480281829833984 68.06250762939453
v -3.27056884765625 7.972293853759766 68.06250762939453
v -3.27056884765625 7.972297668457031 65.4803237915039
v -1.244903564453125 14.650131225585938 65.4803237915039
v -1.987091064453125 14.424991607666016 65.4803237915039
v -1.987091064453125 14.42498779296875 68.06250762939453
v -1.987091064453125 14.42498779296875 68.06250762939453
v -1.244903564453125 14.650127410888672 68.06250762939453
v -1.244903564453125 14.650131225585938 65.4803237915039
v 3.18212890625 12.283851623535156 65.48029327392578
v 2.816558837890625 12.967845916748047 65.48029327392578
v 2.816558837890625 12.967842102050781 68.06249237060547
v 2.816558837890625 12.967842102050781 68.06249237060547
v 3.182159423828125 12.28384780883789 68.06249237060547
v 3.18212890625 12.283851623535156 65.48029327392578
v 3.4832763671875 10.769832611083984 65.48029327392578
v 3.407257080078125 11.541671752929688 65.48029327392578
v 3.40728759765625 11.541667938232422 68.06249237060547
v 3.40728759765625 11.541667938232422 68.06249237060547
v 3.483306884765625 10.769832611083984 68.06249237060547
v 3.4832763671875 10.769832611083984 65.48029327392578
v 0.298797607421875 14.650135040283203 65.4803237915039
v -0.473052978515625 14.726154327392578 65.4803237915039
v -0.4730224609375 14.726154327392578 68.06250762939453
v -0.4730224609375 14.726154327392578 68.06250762939453
v 0.298797607421875 14.650135040283203 68.06250762939453
v 0.298797607421875 14.650135040283203 65.4803237915039
v -1.987091064453125 14.424991607666016 65.4803237915039
v -2.671051025390625 14.059383392333984 65.4803237915039
v -2.671051025390625 14.059379577636719 68.06250762939453
v -2.671051025390625 14.059379577636719 68.06250762939453
v -1.987091064453125 14.42498779296875 68.06250762939453
v -1.987091064453125 14.424991607666016 65.4803237915039
v 1.040985107421875 7.11468505859375 65.48029327392578
v 1.725006103515625 7.480289459228516 65.48029327392578
v 1.725006103515625 7.480281829833984 68.06249237060547
v 1.725006103515625 7.480281829833984 68.06249237060547
v 1.040985107421875 7.114681243896484 68.06249237060547
v 1.040985107421875 7.11468505859375 65.48029327392578
v -4.128204345703125 9.255813598632812 65.4803237915039
v -3.7625732421875 8.571823120117188 65.4803237915039
v -3.7625732421875 8.571819305419922 68.06250762939453
v -3.7625732421875 8.571819305419922 68.06250762939453
v -4.128204345703125 9.255809783935547 68.06250762939453
v -4.128204345703125 9.255813598632812 65.4803237915039
v 3.407257080078125 11.541671752929688 65.48029327392578
v 3.18212890625 12.283851623535156 65.48029327392578
v 3.182159423828125 12.28384780883789 68.06249237060547
v 3.182159423828125 12.28384780883789 68.06249237060547
v 3.40728759765625 11.541667938232422 68.06249237060547
v 3.407257080078125 11.541671752929688 65.48029327392578
v -2.671051025390625 14.059383392333984 65.4803237915039
v -3.27056884765625 13.567363739013672 65.4803237915039
v -3.27056884765625 13.567359924316406 68.06250762939453
v -3.27056884765625 13.567359924316406 68.06250762939453
v -2.671051025390625 14.059379577636719 68.06250762939453
v -2.671051025390625 14.059383392333984 65.4803237915039
v 1.040985107421875 14.424995422363281 65.4803237915039
v 0.298797607421875 14.650135040283203 65.4803237915039
v 0.298797607421875 14.650135040283203 68.06250762939453
v 0.298797607421875 14.650135040283203 68.06250762939453
v 1.040985107421875 14.424991607666016 68.06250762939453
v 1.040985107421875 14.424995422363281 65.4803237915039
v 1.725006103515625 14.059391021728516 65.4803237915039
v 1.040985107421875 14.424995422363281 65.4803237915039
v 1.040985107421875 14.424991607666016 68.06250762939453
v 1.040985107421875 14.424991607666016 68.06250762939453
v 1.725006103515625 14.059391021728516 68.06250762939453
v 1.725006103515625 14.059391021728516 65.4803237915039
v 2.816558837890625 12.967845916748047 65.48029327392578
v 2.324493408203125 13.567371368408203 65.4803237915039
v 2.324493408203125 13.567371368408203 68.06250762939453
v 2.324493408203125 13.567371368408203 68.06250762939453
v 2.816558837890625 12.967842102050781 68.06249237060547
v 2.816558837890625 12.967845916748047 65.48029327392578
v 2.324493408203125 13.567371368408203 65.4803237915039
v 1.725006103515625 14.059391021728516 65.4803237915039
v 1.725006103515625 14.059391021728516 68.06250762939453
v 1.725006103515625 14.059391021728516 68.06250762939453
v 2.324493408203125 13.567371368408203 68.06250762939453
v 2.324493408203125 13.567371368408203 65.4803237915039
v 3.18212890625 9.255821228027344 65.48029327392578
v 3.407257080078125 9.997997283935547 65.48029327392578
v 3.407257080078125 9.997993469238281 68.06249237060547
v 3.407257080078125 9.997993469238281 68.06249237060547
v 3.182159423828125 9.255817413330078 68.06249237060547
v 3.18212890625 9.255821228027344 65.48029327392578
v 2.816497802734375 8.571826934814453 65.48029327392578
v 3.18212890625 9.255821228027344 65.48029327392578
v 3.182159423828125 9.255817413330078 68.06249237060547
v 3.182159423828125 9.255817413330078 68.06249237060547
v 2.816497802734375 8.571826934814453 68.06249237060547
v 2.816497802734375 8.571826934814453 65.48029327392578
v -4.353363037109375 11.541664123535156 65.4803237915039
v -4.429351806640625 10.769824981689453 65.4803237915039
v -4.429351806640625 10.769824981689453 68.06250762939453
v -4.429351806640625 10.769824981689453 68.06250762939453
v -4.35333251953125 11.54166030883789 68.06250762939453
v -4.353363037109375 11.541664123535156 65.4803237915039
v -4.128204345703125 12.28384017944336 65.4803237915039
v -4.353363037109375 11.541664123535156 65.4803237915039
v -4.35333251953125 11.54166030883789 68.06250762939453
v -4.35333251953125 11.54166030883789 68.06250762939453
v -4.128204345703125 12.283836364746094 68.06250762939453
v -4.128204345703125 12.28384017944336 65.4803237915039
v -2.6710205078125 7.480281829833984 65.4803237915039
v -1.987030029296875 7.114681243896484 65.4803237915039
v -1.987030029296875 7.114681243896484 68.06250762939453
v -1.987030029296875 7.114681243896484 68.06250762939453
v -2.6710205078125 7.480281829833984 68.06250762939453
v -2.6710205078125 7.480281829833984 65.4803237915039
v -1.987030029296875 7.114681243896484 65.4803237915039
v -1.244873046875 6.889545440673828 65.4803237915039
v -1.244873046875 6.889545440673828 68.06250762939453
v -1.244873046875 6.889545440673828 68.06250762939453
v -1.987030029296875 7.114681243896484 68.06250762939453
v -1.987030029296875 7.114681243896484 65.4803237915039
v -1.244873046875 6.889545440673828 65.4803237915039
v -0.473052978515625 6.813529968261719 65.48029327392578
v -0.4730224609375 6.813526153564453 68.06249237060547
v -0.4730224609375 6.813526153564453 68.06249237060547
v -1.244873046875 6.889545440673828 68.06250762939453
v -1.244873046875 6.889545440673828 65.4803237915039
v -0.473052978515625 6.813529968261719 65.48029327392578
v 0.298797607421875 6.889549255371094 65.48029327392578
v 0.298797607421875 6.889545440673828 68.06249237060547
v 0.298797607421875 6.889545440673828 68.06249237060547
v -0.4730224609375 6.813526153564453 68.06249237060547
v -0.473052978515625 6.813529968261719 65.48029327392578
v -0.473052978515625 14.726154327392578 65.4803237915039
v -1.244903564453125 14.650131225585938 65.4803237915039
v -1.244903564453125 14.650127410888672 68.06250762939453
v -1.244903564453125 14.650127410888672 68.06250762939453
v -0.4730224609375 14.726154327392578 68.06250762939453
v -0.473052978515625 14.726154327392578 65.4803237915039
v 0.298797607421875 6.889549255371094 65.48029327392578
v 1.040985107421875 7.11468505859375 65.48029327392578
v 1.040985107421875 7.114681243896484 68.06249237060547
v 1.040985107421875 7.114681243896484 68.06249237060547
v 0.298797607421875 6.889545440673828 68.06249237060547
v 0.298797607421875 6.889549255371094 65.48029327392578
v -0.4730224609375 10.769840240478516 68.06250762939453
v 0.298797607421875 14.650135040283203 68.06250762939453
v -0.4730224609375 14.726154327392578 68.06250762939453
v -0.4730224609375 10.769840240478516 68.06250762939453
v 1.040985107421875 14.424991607666016 68.06250762939453
v 0.298797607421875 14.650135040283203 68.06250762939453
v -0.4730224609375 10.769840240478516 68.06250762939453
v 1.725006103515625 14.059391021728516 68.06250762939453
v 1.040985107421875 14.424991607666016 68.06250762939453
v -0.4730224609375 10.769840240478516 68.06250762939453
v 3.182159423828125 12.28384780883789 68.06249237060547
v 2.816558837890625 12.967842102050781 68.06249237060547
v -0.4730224609375 10.769840240478516 68.06250762939453
v 3.40728759765625 11.541667938232422 68.06249237060547
v 3.182159423828125 12.28384780883789 68.06249237060547
v -0.4730224609375 10.769840240478516 68.06250762939453
v 3.483306884765625 10.769832611083984 68.06249237060547
v 3.40728759765625 11.541667938232422 68.06249237060547
v -0.4730224609375 10.769840240478516 68.06250762939453
v 3.407257080078125 9.997993469238281 68.06249237060547
v 3.483306884765625 10.769832611083984 68.06249237060547
v -0.4730224609375 10.769840240478516 68.06250762939453
v 3.182159423828125 9.255817413330078 68.06249237060547
v 3.407257080078125 9.997993469238281 68.06249237060547
v -0.4730224609375 10.769840240478516 68.06250762939453
v 2.816497802734375 8.571826934814453 68.06249237060547
v 3.182159423828125 9.255817413330078 68.06249237060547
v -0.4730224609375 10.769840240478516 68.06250762939453
v 2.324493408203125 7.972301483154297 68.06249237060547
v 2.816497802734375 8.571826934814453 68.06249237060547
v -0.4730224609375 10.769840240478516 68.06250762939453
v 1.725006103515625 7.480281829833984 68.06249237060547
v 2.324493408203125 7.972301483154297 68.06249237060547
v -0.4730224609375 10.769840240478516 68.06250762939453
v 1.040985107421875 7.114681243896484 68.06249237060547
v 1.725006103515625 7.480281829833984 68.06249237060547
v -0.4730224609375 10.769840240478516 68.06250762939453
v 0.298797607421875 6.889545440673828 68.06249237060547
v 1.040985107421875 7.114681243896484 68.06249237060547
v -0.4730224609375 10.769840240478516 68.06250762939453
v -0.4730224609375 6.813526153564453 68.06249237060547
v 0.298797607421875 6.889545440673828 68.06249237060547
v -0.4730224609375 10.769840240478516 68.06250762939453
v -1.244873046875 6.889545440673828 68.06250762939453
v -0.4730224609375 6.813526153564453 68.06249237060547
v -0.4730224609375 10.769840240478516 68.06250762939453
v -1.987030029296875 7.114681243896484 68.06250762939453
v -1.244873046875 6.889545440673828 68.06250762939453
v -0.4730224609375 10.769840240478516 68.06250762939453
v -2.6710205078125 7.480281829833984 68.06250762939453
v -1.987030029296875 7.114681243896484 68.06250762939453
v -0.4730224609375 10.769840240478516 68.06250762939453
v -3.27056884765625 7.972293853759766 68.06250762939453
v -2.6710205078125 7.480281829833984 68.06250762939453
v -0.4730224609375 10.769840240478516 68.06250762939453
v -3.7625732421875 8.571819305419922 68.06250762939453
v -3.27056884765625 7.972293853759766 68.06250762939453
v -0.4730224609375 10.769840240478516 68.06250762939453
v -4.128204345703125 9.255809783935547 68.06250762939453
v -3.7625732421875 8.571819305419922 68.06250762939453
v -0.4730224609375 10.769840240478516 68.06250762939453
v -4.353302001953125 9.99798583984375 68.06250762939453
v -4.128204345703125 9.255809783935547 68.06250762939453
v -0.4730224609375 10.769840240478516 68.06250762939453
v -4.429351806640625 10.769824981689453 68.06250762939453
v -4.353302001953125 9.99798583984375 68.06250762939453
v -0.4730224609375 10.769840240478516 68.06250762939453
v -4.35333251953125 11.54166030883789 68.06250762939453
v -4.429351806640625 10.769824981689453 68.06250762939453
v -0.4730224609375 10.769840240478516 68.06250762939453
v -4.128204345703125 12.283836364746094 68.06250762939453
v -4.35333251953125 11.54166030883789 68.06250762939453
v -0.4730224609375 10.769840240478516 68.06250762939453
v -2.671051025390625 14.059379577636719 68.06250762939453
v -3.27056884765625 13.567359924316406 68.06250762939453
v -0.4730224609375 10.769840240478516 68.06250762939453
v -1.987091064453125 14.42498779296875 68.06250762939453
v -2.671051025390625 14.059379577636719 68.06250762939453
v -0.4730224609375 10.769840240478516 68.06250762939453
v -1.244903564453125 14.650127410888672 68.06250762939453
v -1.987091064453125 14.42498779296875 68.06250762939453
v -0.4730224609375 10.769840240478516 68.06250762939453
v -0.4730224609375 14.726154327392578 68.06250762939453
v -1.244903564453125 14.650127410888672 68.06250762939453
v -0.4730224609375 10.769840240478516 68.06250762939453
v 2.324493408203125 13.567371368408203 68.06250762939453
v 1.725006103515625 14.059391021728516 68.06250762939453
v -0.4730224609375 10.769840240478516 68.06250762939453
v 2.816558837890625 12.967842102050781 68.06249237060547
v 2.324493408203125 13.567371368408203 68.06250762939453
v -0.4730224609375 10.769840240478516 68.06250762939453
v -3.762603759765625 12.967830657958984 68.06250762939453
v -4.128204345703125 12.283836364746094 68.06250762939453
v -0.4730224609375 10.769840240478516 68.06250762939453
v -3.27056884765625 13.567359924316406 68.06250762939453
v -3.762603759765625 12.967830657958984 68.06250762939453
v 2.146796703338623 -6.178599834442139 3.96529221534729
v 2.146796703338623 -6.178599834442139 0.0000027019414119422436
v 2.5736031532287598 -6.698685169219971 0.0000027019414119422436
v 2.5736031532287598 -6.698685169219971 0.0000027019414119422436
v 2.5736031532287598 -6.698685169219971 3.96529221534729
v 2.146796703338623 -6.178599834442139 3.96529221534729
v 1.6266770362854004 -5.7517805099487305 3.96529221534729
v 1.033327579498291 -5.4346232414245605 3.96529221534729
v 1.033327579498291 -5.4346232414245605 0.0000027019414119422436
v 1.033327579498291 -5.4346232414245605 0.0000027019414119422436
v 1.6266770362854004 -5.7517805099487305 0.0000027019414119422436
v 1.6266770362854004 -5.7517805099487305 3.96529221534729
v 3.086042881011963 -7.935876369476318 3.96529221534729
v 2.890751838684082 -7.292043209075928 3.96529221534729
v 2.890751838684082 -7.292043209075928 0.0000027019414119422436
v 2.890751838684082 -7.292043209075928 0.0000027019414119422436
v 3.086042881011963 -7.935876369476318 0.0000027019414119422436
v 3.086042881011963 -7.935876369476318 3.96529221534729
v -0.2800882160663605 -5.173369884490967 3.96529221534729
v -0.9496581554412842 -5.239319324493408 3.96529221534729
v -0.9496581554412842 -5.239319324493408 0.0000027019414119422436
v -0.9496581554412842 -5.239319324493408 0.0000027019414119422436
v -0.2800882160663605 -5.173369884490967 0.0000027019414119422436
v -0.2800882160663605 -5.173369884490967 3.96529221534729
v 3.086042881011963 -9.275003433227539 3.96529221534729
v 3.152000904083252 -8.60544204711914 3.96529221534729
v 3.152000904083252 -8.60544204711914 0.0000027019414119422436
v 3.152000904083252 -8.60544204711914 0.0000027019414119422436
v 3.086042881011963 -9.275003433227539 0.0000027019414119422436
v 3.086042881011963 -9.275003433227539 3.96529221534729
v 0.3894815444946289 -5.239319324493408 3.96529221534729
v -0.2800882160663605 -5.173369884490967 3.96529221534729
v -0.2800882160663605 -5.173369884490967 0.0000027019414119422436
v -0.2800882160663605 -5.173369884490967 0.0000027019414119422436
v 0.3894815444946289 -5.239319324493408 0.0000027019414119422436
v 0.3894815444946289 -5.239319324493408 3.96529221534729
v 2.890751838684082 -9.918832778930664 3.96529221534729
v 3.086042881011963 -9.275003433227539 3.96529221534729
v 3.086042881011963 -9.275003433227539 0.0000027019414119422436
v 3.086042881011963 -9.275003433227539 0.0000027019414119422436
v 2.890751838684082 -9.918832778930664 0.0000027019414119422436
v 2.890751838684082 -9.918832778930664 3.96529221534729
v -0.2800882160663605 -12.037497520446777 3.96529221534729
v -0.2800882160663605 -12.037497520446777 0.0000027019414119422436
v -0.9496241807937622 -11.971551895141602 0.0000027019414119422436
v -0.9496241807937622 -11.971551895141602 0.0000027019414119422436
v -0.9496241807937622 -11.971551895141602 3.96529221534729
v -0.2800882160663605 -12.037497520446777 3.96529221534729
v 3.086042881011963 -7.935876369476318 3.96529221534729
v 3.086042881011963 -7.935876369476318 0.0000027019414119422436
v 3.152000904083252 -8.60544204711914 0.0000027019414119422436
v 3.152000904083252 -8.60544204711914 0.0000027019414119422436
v 3.152000904083252 -8.60544204711914 3.96529221534729
v 3.086042881011963 -7.935876369476318 3.96529221534729
v -0.9496241807937622 -11.971551895141602 3.96529221534729
v -0.9496241807937622 -11.971551895141602 0.0000027019414119422436
v -1.5934699773788452 -11.77624797821045 0.0000027019414119422436
v -1.5934699773788452 -11.77624797821045 0.0000027019414119422436
v -1.5934699773788452 -11.77624797821045 3.96529221534729
v -0.9496241807937622 -11.971551895141602 3.96529221534729
v 2.890751838684082 -7.292043209075928 3.96529221534729
v 2.5736031532287598 -6.698685169219971 3.96529221534729
v 2.5736031532287598 -6.698685169219971 0.0000027019414119422436
v 2.5736031532287598 -6.698685169219971 0.0000027019414119422436
v 2.890751838684082 -7.292043209075928 0.0000027019414119422436
v 2.890751838684082 -7.292043209075928 3.96529221534729
v 1.033327579498291 -11.77624797821045 3.96529221534729
v 1.6266770362854004 -11.459091186523438 3.96529221534729
v 1.6266770362854004 -11.459091186523438 0.0000027019414119422436
v 1.6266770362854004 -11.459091186523438 0.0000027019414119422436
v 1.033327579498291 -11.77624797821045 0.0000027019414119422436
v 1.033327579498291 -11.77624797821045 3.96529221534729
v -2.888916015625 -2.307231903076172 0
v -0.28009033203125 -1.7883110046386719 0
v -0.9496581554412842 -5.239319324493408 0.0000027019414119422436
v 0.3894815444946289 -11.971548080444336 3.96529221534729
v 1.033327579498291 -11.77624797821045 3.96529221534729
v 1.033327579498291 -11.77624797821045 0.0000027019414119422436
v 1.033327579498291 -11.77624797821045 0.0000027019414119422436
v 0.3894815444946289 -11.971548080444336 0.0000027019414119422436
v 0.3894815444946289 -11.971548080444336 3.96529221534729
v 1.033327579498291 -5.4346232414245605 3.96529221534729
v 0.3894815444946289 -5.239319324493408 3.96529221534729
v 0.3894815444946289 -5.239319324493408 0.0000027019414119422436
v 0.3894815444946289 -5.239319324493408 0.0000027019414119422436
v 1.033327579498291 -5.4346232414245605 0.0000027019414119422436
v 1.033327579498291 -5.4346232414245605 3.96529221534729
v -1.5934699773788452 -11.77624797821045 3.96529221534729
v -1.5934699773788452 -11.77624797821045 0.0000027019414119422436
v -2.1867856979370117 -11.459091186523438 0.0000027019414119422436
v -2.1867856979370117 -11.459091186523438 0.0000027019414119422436
v -2.1867856979370117 -11.459091186523438 3.96529221534729
v -1.5934699773788452 -11.77624797821045 3.96529221534729
v -2.186819553375244 -5.751789093017578 3.96529221534729
v -2.186819553375244 -5.751789093017578 0.0000027019414119422436
v -1.5934699773788452 -5.434627532958984 0.0000027019414119422436
v -1.5934699773788452 -5.434627532958984 0.0000027019414119422436
v -1.5934699773788452 -5.434627532958984 3.96529221534729
v -2.186819553375244 -5.751789093017578 3.96529221534729
v 0.3894815444946289 -11.971548080444336 3.96529221534729
v 0.3894815444946289 -11.971548080444336 0.0000027019414119422436
v -0.2800882160663605 -12.037497520446777 0.0000027019414119422436
v -0.2800882160663605 -12.037497520446777 0.0000027019414119422436
v -0.2800882160663605 -12.037497520446777 3.96529221534729
v 0.3894815444946289 -11.971548080444336 3.96529221534729
v 2.146796703338623 -6.178599834442139 3.96529221534729
v 1.6266770362854004 -5.7517805099487305 3.96529221534729
v 1.6266770362854004 -5.7517805099487305 0.0000027019414119422436
v 1.6266770362854004 -5.7517805099487305 0.0000027019414119422436
v 2.146796703338623 -6.178599834442139 0.0000027019414119422436
v 2.146796703338623 -6.178599834442139 3.96529221534729
v 1.6266770362854004 -11.459091186523438 3.96529221534729
v 2.146796703338623 -11.032267570495605 3.96529221534729
v 2.146796703338623 -11.032267570495605 0.0000027019414119422436
v 2.146796703338623 -11.032267570495605 0.0000027019414119422436
v 1.6266770362854004 -11.459091186523438 0.0000027019414119422436
v 1.6266770362854004 -11.459091186523438 3.96529221534729
v -2.186819553375244 -5.751789093017578 3.96529221534729
v -2.7069053649902344 -5.690768718719482 3.96529221534729
v -2.7069053649902344 -5.690768718719482 0.0000027418136596679688
v -2.7069053649902344 -5.690768718719482 0.0000027418136596679688
v -2.186819553375244 -5.751789093017578 0.0000027019414119422436
v -2.186819553375244 -5.751789093017578 3.96529221534729
v 2.890751838684082 -9.918832778930664 3.96529221534729
v 2.890751838684082 -9.918832778930664 0.0000027019414119422436
v 2.5736031532287598 -10.512190818786621 0.0000027019414119422436
v 2.5736031532287598 -10.512190818786621 0.0000027019414119422436
v 2.5736031532287598 -10.512190818786621 3.96529221534729
v 2.890751838684082 -9.918832778930664 3.96529221534729
v -0.9496581554412842 -5.239319324493408 3.96529221534729
v -1.5934699773788452 -5.434627532958984 3.96529221534729
v -1.5934699773788452 -5.434627532958984 0.0000027019414119422436
v -1.5934699773788452 -5.434627532958984 0.0000027019414119422436
v -0.9496581554412842 -5.239319324493408 0.0000027019414119422436
v -0.9496581554412842 -5.239319324493408 3.96529221534729
v 2.146796703338623 -11.032267570495605 3.96529221534729
v 2.5736031532287598 -10.512190818786621 3.96529221534729
v 2.5736031532287598 -10.512190818786621 0.0000027019414119422436
v 2.5736031532287598 -10.512190818786621 0.0000027019414119422436
v 2.146796703338623 -11.032267570495605 0.0000027019414119422436
v 2.146796703338623 -11.032267570495605 3.96529221534729
vn -0.000001743084453661963 -4.3810894112468486e-7 0.9999999999983848
vn -0.000001743084453661963 -4.3810894112468486e-7 0.9999999999983848
vn -0.000001743084453661963 -4.3810894112468486e-7 0.9999999999983848
vn -0.0000014620794672714642 9.76937144513012e-7 0.9999999999984539
vn -0.0000014620794672714642 9.76937144513012e-7 0.9999999999984539
vn -0.0000014620794672714642 9.76937144513012e-7 0.9999999999984539
vn -0.0000016903893538231557 -1.6651800649445784e-7 0.9999999999985574
vn -0.0000016903893538231557 -1.6651800649445784e-7 0.9999999999985574
vn -0.0000016903893538231557 -1.6651800649445784e-7 0.9999999999985574
vn -4.3037587715550455e-7 -0.0000036681583423819506 0.9999999999931797
vn -4.3037587715550455e-7 -0.0000036681583423819506 0.9999999999931797
vn -4.3037587715550455e-7 -0.0000036681583423819506 0.9999999999931797
vn 8.674359150958348e-7 -0.000001622809236320772 0.9999999999983071
vn 8.674359150958348e-7 -0.000001622809236320772 0.9999999999983071
vn 8.674359150958348e-7 -0.000001622809236320772 0.9999999999983071
vn 3.287515824008431e-7 0.000001652755258871748 0.9999999999985802
vn 3.287515824008431e-7 0.000001652755258871748 0.9999999999985802
vn 3.287515824008431e-7 0.000001652755258871748 0.9999999999985802
vn 5.341765927360081e-7 -0.000001760853706397686 0.9999999999983071
vn 5.341765927360081e-7 -0.000001760853706397686 0.9999999999983071
vn 5.341765927360081e-7 -0.000001760853706397686 0.9999999999983071
vn 1.8036918447675297e-7 -0.0000018312481415674405 0.9999999999983071
vn 1.8036918447675297e-7 -0.0000018312481415674405 0.9999999999983071
vn 1.8036918447675297e-7 -0.0000018312481415674405 0.9999999999983071
vn 0.0000195610627893771 -0.000026069794316550117 0.9999999994688653
vn 0.0000195610627893771 -0.000026069794316550117 0.9999999994688653
vn 0.0000195610627893771 -0.000026069794316550117 0.9999999994688653
vn 0.0000010310818652199625 0.0000013817848412124859 0.9999999999985139
vn 0.0000010310818652199625 0.0000013817848412124859 0.9999999999985139
vn 0.0000010310818652199625 0.0000013817848412124859 0.9999999999985139
vn -1.8036925553102654e-7 -0.000001831248368941116 0.9999999999983071
vn -1.8036925553102654e-7 -0.000001831248368941116 0.9999999999983071
vn -1.8036925553102654e-7 -0.000001831248368941116 0.9999999999983071
vn -0.6228680722288416 -0.782326891138178 0
vn -0.6228680722288416 -0.782326891138178 0
vn -0.6228680722288416 -0.782326891138178 0
vn -0.6228680722288416 -0.782326891138178 0
vn -0.6228680722288416 -0.782326891138178 0
vn -0.6228680722288416 -0.782326891138178 0
vn 7.673672826048299e-7 0.0000014355392750057119 0.9999999999986753
vn 7.673672826048299e-7 0.0000014355392750057119 0.9999999999986753
vn 7.673672826048299e-7 0.0000014355392750057119 0.9999999999986753
vn -3.2875846045452525e-7 0.0000016527583284163666 0.9999999999985802
vn -3.2875846045452525e-7 0.0000016527583284163666 0.9999999999985802
vn -3.2875846045452525e-7 0.0000016527583284163666 0.9999999999985802
vn 4.725051780945357e-7 0.0000015576773648697154 0.9999999999986753
vn 4.725051780945357e-7 0.0000015576773648697154 0.9999999999986753
vn 4.725051780945357e-7 0.0000015576773648697154 0.9999999999986753
vn -5.341447035780273e-7 -0.0000017608811049255768 0.9999999999983071
vn -5.341447035780273e-7 -0.0000017608811049255768 0.9999999999983071
vn -5.341447035780273e-7 -0.0000017608811049255768 0.9999999999983071
vn -8.674357445655782e-7 -0.0000016228306094462637 0.9999999999983071
vn -8.674357445655782e-7 -0.0000016228306094462637 0.9999999999983071
vn -8.674357445655782e-7 -0.0000016228306094462637 0.9999999999983071
vn 1.5955419030412268e-7 0.0000016199295487218847 0.9999999999986753
vn 1.5955419030412268e-7 0.0000016199295487218847 0.9999999999986753
vn 1.5955419030412268e-7 0.0000016199295487218847 0.9999999999986753
vn -9.634655953033388e-7 -0.0000016032589655850792 0.9999999999982507
vn -9.634655953033388e-7 -0.0000016032589655850792 0.9999999999982507
vn -9.634655953033388e-7 -0.0000016032589655850792 0.9999999999982507
vn -0.0000010310985771851076 0.0000013818136039824294 0.9999999999985139
vn -0.0000010310985771851076 0.0000013818136039824294 0.9999999999985139
vn -0.0000010310985771851076 0.0000013818136039824294 0.9999999999985139
vn -0.0000011224205991293897 -0.0000013677756669473148 0.9999999999984348
vn -0.0000011224205991293897 -0.0000013677756669473148 0.9999999999984348
vn -0.0000011224205991293897 -0.0000013677756669473148 0.9999999999984348
vn 9.634518391959745e-7 -0.0000016032385019542893 0.9999999999982507
vn 9.634518391959745e-7 -0.0000016032385019542893 0.9999999999982507
vn 9.634518391959745e-7 -0.0000016032385019542893 0.9999999999982507
vn -4.7250017587367603e-7 0.000001557691803098106 0.9999999999986753
vn -4.7250017587367603e-7 0.000001557691803098106 0.9999999999986753
vn -4.7250017587367603e-7 0.000001557691803098106 0.9999999999986753
vn -0.0000016254360843935702 4.930391810368911e-7 0.9999999999985576
vn -0.0000016254360843935702 4.930391810368911e-7 0.9999999999985576
vn -0.0000016254360843935702 4.930391810368911e-7 0.9999999999985576
vn -7.673396567032635e-7 0.0000014355692883308702 0.9999999999986753
vn -7.673396567032635e-7 0.0000014355692883308702 0.9999999999986753
vn -7.673396567032635e-7 0.0000014355692883308702 0.9999999999986753
vn -0.0000015230071994639647 -0.0000010176498790298164 0.9999999999983225
vn -0.0000015230071994639647 -0.0000010176498790298164 0.9999999999983225
vn -0.0000015230071994639647 -0.0000010176498790298164 0.9999999999983225
vn -0.0000010775190730767381 0.0000013130455727131608 0.9999999999985576
vn -0.0000010775190730767381 0.0000013130455727131608 0.9999999999985576
vn -0.0000010775190730767381 0.0000013130455727131608 0.9999999999985576
vn -0.0000016931683148842113 -5.135811989012984e-7 0.9999999999984348
vn -0.0000016931683148842113 -5.135811989012984e-7 0.9999999999984348
vn -0.0000016931683148842113 -5.135811989012984e-7 0.9999999999984348
vn -0.6228724198533111 0.782323429654309 0
vn -0.6228724198533111 0.782323429654309 0
vn -0.6228724198533111 0.782323429654309 0
vn -0.6228723543288714 0.782323481823733 0
vn -0.6228723543288714 0.782323481823733 0
vn -0.6228723543288714 0.782323481823733 0
vn -1.5955536980506404e-7 0.0000016199296624087224 0.9999999999986753
vn -1.5955536980506404e-7 0.0000016199296624087224 0.9999999999986753
vn -1.5955536980506404e-7 0.0000016199296624087224 0.9999999999986753
vn -0.000001724637968433916 3.4304983387248006e-7 0.9999999999984541
vn -0.000001724637968433916 3.4304983387248006e-7 0.9999999999984541
vn -0.000001724637968433916 3.4304983387248006e-7 0.9999999999984541
vn -3.7163920296667e-7 -0.0000018683590496914556 0.9999999999981857
vn -3.7163920296667e-7 -0.0000018683590496914556 0.9999999999981857
vn -3.7163920296667e-7 -0.0000018683590496914556 0.9999999999981857
vn -0.0000014980045079915946 8.006804250714869e-7 0.9999999999985576
vn -0.0000014980045079915946 8.006804250714869e-7 0.9999999999985576
vn -0.0000014980045079915946 8.006804250714869e-7 0.9999999999985576
vn -0.000001367755999124389 -0.0000011224448144258244 0.9999999999984348
vn -0.000001367755999124389 -0.0000011224448144258244 0.9999999999984348
vn -0.000001367755999124389 -0.0000011224448144258244 0.9999999999984348
vn -0.11653779704723541 0.9931862573854803 0
vn -0.11653779704723541 0.9931862573854803 0
vn -0.11653779704723541 0.9931862573854803 0
vn -0.11653778234844739 0.9931862591101963 0
vn -0.11653778234844739 0.9931862591101963 0
vn -0.11653778234844739 0.9931862591101963 0
vn -0.0000016903881032679408 1.6651894441086905e-7 0.9999999999985574
vn -0.0000016903881032679408 1.6651894441086905e-7 0.9999999999985574
vn -0.0000016903881032679408 1.6651894441086905e-7 0.9999999999985574
vn 3.7163457022803287e-7 -0.0000018683575717625652 0.9999999999981857
vn 3.7163457022803287e-7 -0.0000018683575717625652 0.9999999999981857
vn 3.7163457022803287e-7 -0.0000018683575717625652 0.9999999999981857
vn -0.0000013130253364560461 0.000001077548063220357 0.9999999999985574
vn -0.0000013130253364560461 0.000001077548063220357 0.9999999999985574
vn -0.0000013130253364560461 0.000001077548063220357 0.9999999999985574
vn 7.861694939490208e-8 7.981860221659352e-7 -0.9999999999996785
vn 7.861694939490208e-8 7.981860221659352e-7 -0.9999999999996785
vn 7.861694939490208e-8 7.981860221659352e-7 -0.9999999999996785
vn -1.619887797232319e-7 8.143617264974558e-7 -0.9999999999996554
vn -1.619887797232319e-7 8.143617264974558e-7 -0.9999999999996554
vn -1.619887797232319e-7 8.143617264974558e-7 -0.9999999999996554
vn 1.619853975398097e-7 8.143602485685655e-7 -0.9999999999996554
vn 1.619853975398097e-7 8.143602485685655e-7 -0.9999999999996554
vn 1.619853975398097e-7 8.143602485685655e-7 -0.9999999999996554
vn -1.6198842445186403e-7 -8.143719583128508e-7 -0.9999999999996554
vn -1.6198842445186403e-7 -8.143719583128508e-7 -0.9999999999996554
vn -1.6198842445186403e-7 -8.143719583128508e-7 -0.9999999999996554
vn 3.7810400499426246e-7 7.073317078718446e-7 -0.9999999999996785
vn 3.7810400499426246e-7 7.073317078718446e-7 -0.9999999999996785
vn 3.7810400499426246e-7 7.073317078718446e-7 -0.9999999999996785
vn -2.3282061079036584e-7 -7.675249662495195e-7 -0.9999999999996785
vn -2.3282061079036584e-7 -7.675249662495195e-7 -0.9999999999996785
vn -2.3282061079036584e-7 -7.675249662495195e-7 -0.9999999999996785
vn -3.7809400055254296e-7 -7.073521146592156e-7 -0.9999999999996785
vn -3.7809400055254296e-7 -7.073521146592156e-7 -0.9999999999996785
vn -3.7809400055254296e-7 -7.073521146592156e-7 -0.9999999999996785
vn -2.328144859119836e-7 7.675196798115654e-7 -0.9999999999996785
vn -2.328144859119836e-7 7.675196798115654e-7 -0.9999999999996785
vn -2.328144859119836e-7 7.675196798115654e-7 -0.9999999999996785
vn -6.90391686930287e-7 4.6130824671292903e-7 -0.9999999999996554
vn -6.90391686930287e-7 4.6130824671292903e-7 -0.9999999999996554
vn -6.90391686930287e-7 4.6130824671292903e-7 -0.9999999999996554
vn -3.780903909954453e-7 7.073464303173295e-7 -0.9999999999996785
vn -3.780903909954453e-7 7.073464303173295e-7 -0.9999999999996785
vn -3.780903909954453e-7 7.073464303173295e-7 -0.9999999999996785
vn 4.612940074365044e-7 6.90374520217791e-7 -0.9999999999996554
vn 4.612940074365044e-7 6.90374520217791e-7 -0.9999999999996554
vn 4.612940074365044e-7 6.90374520217791e-7 -0.9999999999996554
vn 2.3281694438984932e-7 7.67512517540789e-7 -0.9999999999996785
vn 2.3281694438984932e-7 7.67512517540789e-7 -0.9999999999996785
vn 2.3281694438984932e-7 7.67512517540789e-7 -0.9999999999996785
vn 0.9807854933127824 0.195089251644477 0
vn 0.9807854933127824 0.195089251644477 0
vn 0.9807854933127824 0.195089251644477 0
vn 0.980785496163981 0.19508923731045114 0
vn 0.980785496163981 0.19508923731045114 0
vn 0.980785496163981 0.19508923731045114 0
vn 0.8314673790552903 0.5555735752957712 0
vn 0.8314673790552903 0.5555735752957712 0
vn 0.8314673790552903 0.5555735752957712 0
vn 0.8314673790552903 0.5555735752957712 0
vn 0.8314673790552903 0.5555735752957712 0
vn 0.8314673790552903 0.5555735752957712 0
vn 0.5555716097200482 0.8314686924190677 0
vn 0.5555716097200482 0.8314686924190677 0
vn 0.5555716097200482 0.8314686924190677 0
vn 0.5555716097200482 0.8314686924190677 0
vn 0.5555716097200482 0.8314686924190677 0
vn 0.5555716097200482 0.8314686924190677 0
vn 0.1950900742302251 0.9807853296908785 0
vn 0.1950900742302251 0.9807853296908785 0
vn 0.1950900742302251 0.9807853296908785 0
vn 0.1950900742302251 0.9807853296908785 0
vn 0.1950900742302251 0.9807853296908785 0
vn 0.1950900742302251 0.9807853296908785 0
vn -0.1950878758899707 0.9807857669648044 0
vn -0.1950878758899707 0.9807857669648044 0
vn -0.1950878758899707 0.9807857669648044 0
vn -0.1950878758899707 0.9807857669648044 0
vn -0.1950878758899707 0.9807857669648044 0
vn -0.1950878758899707 0.9807857669648044 0
vn -0.5555716097200482 0.8314686924190677 0
vn -0.5555716097200482 0.8314686924190677 0
vn -0.5555716097200482 0.8314686924190677 0
vn -0.5555716097200482 0.8314686924190677 0
vn -0.5555716097200482 0.8314686924190677 0
vn -0.5555716097200482 0.8314686924190677 0
vn -0.5555706475345937 -0.8314693353323335 0
vn -0.5555706475345937 -0.8314693353323335 0
vn -0.5555706475345937 -0.8314693353323335 0
vn -0.5555706475345937 -0.8314693353323335 0
vn -0.5555706475345937 -0.8314693353323335 0
vn -0.5555706475345937 -0.8314693353323335 0
vn -0.19508923731045114 -0.980785496163981 0
vn -0.19508923731045114 -0.980785496163981 0
vn -0.19508923731045114 -0.980785496163981 0
vn -0.19508923731045114 -0.980785496163981 0
vn -0.19508923731045114 -0.980785496163981 0
vn -0.19508923731045114 -0.980785496163981 0
vn 0.19509282866692504 -0.9807847817960562 0
vn 0.19509282866692504 -0.9807847817960562 0
vn 0.19509282866692504 -0.9807847817960562 0
vn 0.19509282866692504 -0.9807847817960562 0
vn 0.19509282866692504 -0.9807847817960562 0
vn 0.19509282866692504 -0.9807847817960562 0
vn 0.5555696441412107 -0.8314700057782052 0
vn 0.5555696441412107 -0.8314700057782052 0
vn 0.5555696441412107 -0.8314700057782052 0
vn 0.5555696441412107 -0.8314700057782052 0
vn 0.5555696441412107 -0.8314700057782052 0
vn 0.5555696441412107 -0.8314700057782052 0
vn 0.8314677831773535 -0.5555729704891498 0
vn 0.8314677831773535 -0.5555729704891498 0
vn 0.8314677831773535 -0.5555729704891498 0
vn 0.8314677831773535 -0.5555729704891498 0
vn 0.8314677831773535 -0.5555729704891498 0
vn 0.8314677831773535 -0.5555729704891498 0
vn 0.9807854933127824 -0.195089251644477 0
vn 0.9807854933127824 -0.195089251644477 0
vn 0.9807854933127824 -0.195089251644477 0
vn 0.9807854933127824 -0.195089251644477 0
vn 0.9807854933127824 -0.195089251644477 0
vn 0.9807854933127824 -0.195089251644477 0
vn -2.8789989414642507e-7 0.0000018002814385879084 -0.999999999998338
vn -2.8789989414642507e-7 0.0000018002814385879084 -0.999999999998338
vn -2.8789989414642507e-7 0.0000018002814385879084 -0.999999999998338
vn -5.088028274256614e-7 6.200181701385925e-7 -0.9999999999996785
vn -5.088028274256614e-7 6.200181701385925e-7 -0.9999999999996785
vn -5.088028274256614e-7 6.200181701385925e-7 -0.9999999999996785
vn -6.200085636008051e-7 5.088165266896068e-7 -0.9999999999996785
vn -6.200085636008051e-7 5.088165266896068e-7 -0.9999999999996785
vn -6.200085636008051e-7 5.088165266896068e-7 -0.9999999999996785
vn -7.073554684209284e-7 3.7808007391492206e-7 -0.9999999999996785
vn -7.073554684209284e-7 3.7808007391492206e-7 -0.9999999999996785
vn -7.073554684209284e-7 3.7808007391492206e-7 -0.9999999999996785
vn -7.6752843369807e-7 2.3281236849463102e-7 -0.9999999999996785
vn -7.6752843369807e-7 2.3281236849463102e-7 -0.9999999999996785
vn -7.6752843369807e-7 2.3281236849463102e-7 -0.9999999999996785
vn -8.14371446722081e-7 1.6198761443314526e-7 -0.9999999999996554
vn -8.14371446722081e-7 1.6198761443314526e-7 -0.9999999999996554
vn -8.14371446722081e-7 1.6198761443314526e-7 -0.9999999999996554
vn -7.981986982483411e-7 7.862999495953064e-8 -0.9999999999996785
vn -7.981986982483411e-7 7.862999495953064e-8 -0.9999999999996785
vn -7.981986982483411e-7 7.862999495953064e-8 -0.9999999999996785
vn -7.981992666825298e-7 -7.862954731760711e-8 -0.9999999999996785
vn -7.981992666825298e-7 -7.862954731760711e-8 -0.9999999999996785
vn -7.981992666825298e-7 -7.862954731760711e-8 -0.9999999999996785
vn -8.143727541207148e-7 -1.6198787022853014e-7 -0.9999999999996554
vn -8.143727541207148e-7 -1.6198787022853014e-7 -0.9999999999996554
vn -8.143727541207148e-7 -1.6198787022853014e-7 -0.9999999999996554
vn -7.861753914537276e-8 7.98186079009354e-7 -0.9999999999996785
vn -7.861753914537276e-8 7.98186079009354e-7 -0.9999999999996785
vn -7.861753914537276e-8 7.98186079009354e-7 -0.9999999999996785
vn -7.861854811605754e-8 -7.98196310824749e-7 -0.9999999999996785
vn -7.861854811605754e-8 -7.98196310824749e-7 -0.9999999999996785
vn -7.861854811605754e-8 -7.98196310824749e-7 -0.9999999999996785
vn -6.903952112222563e-7 -4.613114015226758e-7 -0.9999999999996554
vn -6.903952112222563e-7 -4.613114015226758e-7 -0.9999999999996554
vn -6.903952112222563e-7 -4.613114015226758e-7 -0.9999999999996554
vn -4.6130142550266574e-7 6.903874236738724e-7 -0.9999999999996554
vn -4.6130142550266574e-7 6.903874236738724e-7 -0.9999999999996554
vn -4.6130142550266574e-7 6.903874236738724e-7 -0.9999999999996554
vn -0.0000015604281315948488 -8.340456929532271e-7 0.9999999999984348
vn -0.0000015604281315948488 -8.340456929532271e-7 0.9999999999984348
vn -0.0000015604281315948488 -8.340456929532271e-7 0.9999999999984348
vn -4.6130730879651783e-7 -6.903925964249887e-7 -0.9999999999996554
vn -4.6130730879651783e-7 -6.903925964249887e-7 -0.9999999999996554
vn -4.6130730879651783e-7 -6.903925964249887e-7 -0.9999999999996554
vn -6.200182269820114e-7 -5.088160719422559e-7 -0.9999999999996785
vn -6.200182269820114e-7 -5.088160719422559e-7 -0.9999999999996785
vn -6.200182269820114e-7 -5.088160719422559e-7 -0.9999999999996785
vn -7.675311053387565e-7 -2.3281177163873298e-7 -0.9999999999996785
vn -7.675311053387565e-7 -2.3281177163873298e-7 -0.9999999999996785
vn -7.675311053387565e-7 -2.3281177163873298e-7 -0.9999999999996785
vn -5.088051011624158e-7 -6.200271513987725e-7 -0.9999999999996785
vn -5.088051011624158e-7 -6.200271513987725e-7 -0.9999999999996785
vn -5.088051011624158e-7 -6.200271513987725e-7 -0.9999999999996785
vn -7.07358481122128e-7 -3.7808172237406903e-7 -0.9999999999996785
vn -7.07358481122128e-7 -3.7808172237406903e-7 -0.9999999999996785
vn -7.07358481122128e-7 -3.7808172237406903e-7 -0.9999999999996785
vn 2.328344947954226e-7 -7.675130859749776e-7 -0.9999999999996785
vn 2.328344947954226e-7 -7.675130859749776e-7 -0.9999999999996785
vn 2.328344947954226e-7 -7.675130859749776e-7 -0.9999999999996785
vn 3.7809408581767125e-7 -7.073428491819413e-7 -0.9999999999996785
vn 3.7809408581767125e-7 -7.073428491819413e-7 -0.9999999999996785
vn 3.7809408581767125e-7 -7.073428491819413e-7 -0.9999999999996785
vn -2.8788790018504544e-7 -0.0000018002865544956058 -0.999999999998338
vn -2.8788790018504544e-7 -0.0000018002865544956058 -0.999999999998338
vn -2.8788790018504544e-7 -0.0000018002865544956058 -0.999999999998338
vn 7.861851258892075e-8 -7.981962539813301e-7 -0.9999999999996785
vn 7.861851258892075e-8 -7.981962539813301e-7 -0.9999999999996785
vn 7.861851258892075e-8 -7.981962539813301e-7 -0.9999999999996785
vn 4.6130085706847713e-7 -6.903829330437824e-7 -0.9999999999996554
vn 4.6130085706847713e-7 -6.903829330437824e-7 -0.9999999999996554
vn 4.6130085706847713e-7 -6.903829330437824e-7 -0.9999999999996554
vn 0.09923154780480818 0.995064369737085 0
vn 0.09923154780480818 0.995064369737085 0
vn 0.09923154780480818 0.995064369737085 0
vn 0.0992343805736493 0.9950640872386768 1.521387116617668e-7
vn 0.0992343805736493 0.9950640872386768 1.521387116617668e-7
vn 0.0992343805736493 0.9950640872386768 1.521387116617668e-7
vn 0.2935867588762583 0.9559324322421178 4.501052301981755e-7
vn 0.2935867588762583 0.9559324322421178 4.501052301981755e-7
vn 0.2935867588762583 0.9559324322421178 4.501052301981755e-7
vn 0.29357874718922494 0.9559348927614293 0
vn 0.29357874718922494 0.9559348927614293 0
vn 0.29357874718922494 0.9559348927614293 0
vn 0.47597121523499003 0.8794608588605446 0
vn 0.47597121523499003 0.8794608588605446 0
vn 0.47597121523499003 0.8794608588605446 0
vn 0.475957423927704 0.8794683226855836 -8.427093698017117e-7
vn 0.475957423927704 0.8794683226855836 -8.427093698017117e-7
vn 0.475957423927704 0.8794683226855836 -8.427093698017117e-7
vn 0.6390654542222048 0.7691523550111669 -7.370042111384817e-7
vn 0.6390654542222048 0.7691523550111669 -7.370042111384817e-7
vn 0.6390654542222048 0.7691523550111669 -7.370042111384817e-7
vn 0.6390760023108575 0.7691435908010759 0
vn 0.6390760023108575 0.7691435908010759 0
vn 0.6390760023108575 0.7691435908010759 0
vn 0.7768427596193704 0.6296946298222348 0
vn 0.7768427596193704 0.6296946298222348 0
vn 0.7768427596193704 0.6296946298222348 0
vn 0.7768496177985382 0.6296861689174376 5.876403219512804e-7
vn 0.7768496177985382 0.6296861689174376 5.876403219512804e-7
vn 0.7768496177985382 0.6296861689174376 5.876403219512804e-7
vn 0.8843361296508717 0.4668507360959078 9.084599971693857e-7
vn 0.8843361296508717 0.4668507360959078 9.084599971693857e-7
vn 0.8843361296508717 0.4668507360959078 9.084599971693857e-7
vn 0.8843283003501945 0.46686556651753197 0
vn 0.8843283003501945 0.46686556651753197 0
vn 0.8843283003501945 0.46686556651753197 0
vn 0.95793278589655 0.2869926439901807 0
vn 0.95793278589655 0.2869926439901807 0
vn 0.95793278589655 0.2869926439901807 0
vn 0.9579316192964722 0.2869965378745714 -2.2000079555860098e-7
vn 0.9579316192964722 0.2869965378745714 -2.2000079555860098e-7
vn 0.9579316192964722 0.2869965378745714 -2.2000079555860098e-7
vn 0.9953009011972123 0.09683034687540826 -7.422651384459065e-8
vn 0.9953009011972123 0.09683034687540826 -7.422651384459065e-8
vn 0.9953009011972123 0.09683034687540826 -7.422651384459065e-8
vn 0.9953008696028623 0.09683067162721248 -9.278345732834321e-8
vn 0.9953008696028623 0.09683067162721248 -9.278345732834321e-8
vn 0.9953008696028623 0.09683067162721248 -9.278345732834321e-8
vn 0.9953008696028623 -0.09683067162721248 9.278345732834321e-8
vn 0.9953008696028623 -0.09683067162721248 9.278345732834321e-8
vn 0.9953008696028623 -0.09683067162721248 9.278345732834321e-8
vn 0.9953008696028623 -0.09683067162721248 9.278345732834321e-8
vn 0.9953008696028623 -0.09683067162721248 9.278345732834321e-8
vn 0.9953008696028623 -0.09683067162721248 9.278345732834321e-8
vn 0.9579241261615087 -0.2870215471312817 2.7502494463316573e-7
vn 0.9579241261615087 -0.2870215471312817 2.7502494463316573e-7
vn 0.9579241261615087 -0.2870215471312817 2.7502494463316573e-7
vn 0.9579322091490862 -0.286994569065675 -0.000001248630578316809
vn 0.9579322091490862 -0.286994569065675 -0.000001248630578316809
vn 0.9579322091490862 -0.286994569065675 -0.000001248630578316809
vn 0.8843361296507963 -0.466850736095868 -9.979276178508053e-7
vn 0.8843361296507963 -0.466850736095868 -9.979276178508053e-7
vn 0.8843361296507963 -0.466850736095868 -9.979276178508053e-7
vn 0.8843275162447461 -0.4668670517528499 0
vn 0.8843275162447461 -0.4668670517528499 0
vn 0.8843275162447461 -0.4668670517528499 0
vn 0.7768566634115348 -0.6296774765807471 0
vn 0.7768566634115348 -0.6296774765807471 0
vn 0.7768566634115348 -0.6296774765807471 0
vn 0.7768510069175102 -0.6296844551448109 4.826924903844313e-7
vn 0.7768510069175102 -0.6296844551448109 4.826924903844313e-7
vn 0.7768510069175102 -0.6296844551448109 4.826924903844313e-7
vn -0.7768371029711639 -0.6297016082613001 -7.082828050743232e-7
vn -0.7768371029711639 -0.6297016082613001 -7.082828050743232e-7
vn -0.7768371029711639 -0.6297016082613001 -7.082828050743232e-7
vn -0.7768510069175102 -0.6296844551448109 4.826924903844313e-7
vn -0.7768510069175102 -0.6296844551448109 4.826924903844313e-7
vn -0.7768510069175102 -0.6296844551448109 4.826924903844313e-7
vn -0.8843275162446894 -0.46686705175281995 3.5788280547082875e-7
vn -0.8843275162446894 -0.46686705175281995 3.5788280547082875e-7
vn -0.8843275162446894 -0.46686705175281995 3.5788280547082875e-7
vn -0.8843158022075643 -0.4668892395043996 -9.978669065293118e-7
vn -0.8843158022075643 -0.4668892395043996 -9.978669065293118e-7
vn -0.8843158022075643 -0.4668892395043996 -9.978669065293118e-7
vn -0.9579241261607983 -0.2870215471310688 -0.0000012485975257440128
vn -0.9579241261607983 -0.2870215471310688 -0.0000012485975257440128
vn -0.9579241261607983 -0.2870215471310688 -0.0000012485975257440128
vn -0.9579322091497966 -0.28699456906588783 2.7499910262671834e-7
vn -0.9579322091497966 -0.28699456906588783 2.7499910262671834e-7
vn -0.9579322091497966 -0.28699456906588783 2.7499910262671834e-7
vn -0.9953008696028623 -0.09683067162721248 9.278345732834321e-8
vn -0.9953008696028623 -0.09683067162721248 9.278345732834321e-8
vn -0.9953008696028623 -0.09683067162721248 9.278345732834321e-8
vn -0.9953008696028623 -0.09683067162721248 9.278345732834321e-8
vn -0.9953008696028623 -0.09683067162721248 9.278345732834321e-8
vn -0.9953008696028623 -0.09683067162721248 9.278345732834321e-8
vn -0.9953007358032784 0.09683204691342694 -9.278477602874465e-8
vn -0.9953007358032784 0.09683204691342694 -9.278477602874465e-8
vn -0.9953007358032784 0.09683204691342694 -9.278477602874465e-8
vn -0.9953008696028529 0.09683067162721157 -1.6701022461210164e-7
vn -0.9953008696028529 0.09683067162721157 -1.6701022461210164e-7
vn -0.9953008696028529 0.09683067162721157 -1.6701022461210164e-7
vn -0.9579330808196133 0.2869916595847327 -4.949934074165711e-7
vn -0.9579330808196133 0.2869916595847327 -4.949934074165711e-7
vn -0.9579330808196133 0.2869916595847327 -4.949934074165711e-7
vn -0.9579252977727376 0.2870176368902515 9.73581086808184e-7
vn -0.9579252977727376 0.2870176368902515 9.73581086808184e-7
vn -0.9579252977727376 0.2870176368902515 9.73581086808184e-7
vn -0.884327516244612 0.46686705175277915 5.505483409205681e-7
vn -0.884327516244612 0.46686705175277915 5.505483409205681e-7
vn -0.884327516244612 0.46686705175277915 5.505483409205681e-7
vn -0.8843244290154041 0.4668728994552526 9.084208134343372e-7
vn -0.8843244290154041 0.4668728994552526 9.084208134343372e-7
vn -0.8843244290154041 0.4668728994552526 9.084208134343372e-7
vn -0.7768371029712247 0.6297016082613492 5.876063880553595e-7
vn -0.7768371029712247 0.6297016082613492 5.876063880553595e-7
vn -0.7768371029712247 0.6297016082613492 5.876063880553595e-7
vn -0.7768566634110766 0.6296774765803758 -0.0000010860461579319212
vn -0.7768566634110766 0.6296774765803758 -0.0000010860461579319212
vn -0.7768566634110766 0.6296774765803758 -0.0000010860461579319212
vn -0.6391019171222669 0.7691220576273207 -0.0000013265554232015232
vn -0.6391019171222669 0.7691220576273207 -0.0000013265554232015232
vn -0.6391019171222669 0.7691220576273207 -0.0000013265554232015232
vn -0.6390795183136078 0.7691406693654862 2.42795724021437e-7
vn -0.6390795183136078 0.7691406693654862 2.42795724021437e-7
vn -0.6390795183136078 0.7691406693654862 2.42795724021437e-7
vn -0.4759454378293939 0.8794748093091544 -1.1303158110836117e-7
vn -0.4759454378293939 0.8794748093091544 -1.1303158110836117e-7
vn -0.4759454378293939 0.8794748093091544 -1.1303158110836117e-7
vn -0.4759454378293939 0.8794748093091544 -1.1303158110836117e-7
vn -0.4759454378293939 0.8794748093091544 -1.1303158110836117e-7
vn -0.4759454378293939 0.8794748093091544 -1.1303158110836117e-7
vn -0.2936111707974289 0.9559249344915877 -4.658277279097804e-7
vn -0.2936111707974289 0.9559249344915877 -4.658277279097804e-7
vn -0.2936111707974289 0.9559249344915877 -4.658277279097804e-7
vn -0.29358675887616903 0.9559324322418272 9.002104603960774e-7
vn -0.29358675887616903 0.9559324322418272 9.002104603960774e-7
vn -0.29358675887616903 0.9559324322418272 9.002104603960774e-7
vn -0.09923154780480818 0.995064369737085 0
vn -0.09923154780480818 0.995064369737085 0
vn -0.09923154780480818 0.995064369737085 0
vn -0.0992258955273317 0.9950649333871165 3.0425142103153213e-7
vn -0.0992258955273317 0.9950649333871165 3.0425142103153213e-7
vn -0.0992258955273317 0.9950649333871165 3.0425142103153213e-7
vn -0.006704870712111784 0.0672383094989955 0.9977144152734546
vn -0.006704870712111784 0.0672383094989955 0.9977144152734546
vn -0.006704870712111784 0.0672383094989955 0.9977144152734546
vn -0.006629096444167577 0.06730769676230983 0.997710243024941
vn -0.006629096444167577 0.06730769676230983 0.997710243024941
vn -0.006629096444167577 0.06730769676230983 0.997710243024941
vn -0.01981761697625137 0.06452123881246975 0.9977195356408968
vn -0.01981761697625137 0.06452123881246975 0.9977195356408968
vn -0.01981761697625137 0.06452123881246975 0.9977195356408968
vn -0.019643930390018893 0.06475590061211542 0.9977077675024616
vn -0.019643930390018893 0.06475590061211542 0.9977077675024616
vn -0.019643930390018893 0.06475590061211542 0.9977077675024616
vn -0.03210253359157078 0.05932059679099206 0.9977226539140839
vn -0.03210253359157078 0.05932059679099206 0.9977226539140839
vn -0.03210253359157078 0.05932059679099206 0.9977226539140839
vn -0.031916475990231494 0.059710326046863854 0.9977053751101785
vn -0.031916475990231494 0.059710326046863854 0.9977053751101785
vn -0.031916475990231494 0.059710326046863854 0.9977053751101785
vn -0.04312739904943917 0.05190132199234972 0.997720542149292
vn -0.04312739904943917 0.05190132199234972 0.997720542149292
vn -0.04312739904943917 0.05190132199234972 0.997720542149292
vn -0.04299955439066389 0.052393551873464186 0.9977003327874994
vn -0.04299955439066389 0.052393551873464186 0.9977003327874994
vn -0.04299955439066389 0.052393551873464186 0.9977003327874994
vn -0.05255306225911466 0.042599339737865914 0.9977091118663233
vn -0.05255306225911466 0.042599339737865914 0.9977091118663233
vn -0.05255306225911466 0.042599339737865914 0.9977091118663233
vn -0.0525212708332598 0.04310312954549194 0.9976891481485823
vn -0.0525212708332598 0.04310312954549194 0.9976891481485823
vn -0.0525212708332598 0.04310312954549194 0.9976891481485823
vn -0.06014483590726393 0.03175253882652106 0.9976845067413639
vn -0.06014483590726393 0.03175253882652106 0.9976845067413639
vn -0.06014483590726393 0.03175253882652106 0.9976845067413639
vn -0.060199556035154284 0.03217636103608968 0.9976676276414131
vn -0.060199556035154284 0.03217636103608968 0.9976676276414131
vn -0.060199556035154284 0.03217636103608968 0.9976676276414131
vn -0.06572537689519953 0.01969097500847997 0.9976434434883032
vn -0.06572537689519953 0.01969097500847997 0.9976434434883032
vn -0.06572537689519953 0.01969097500847997 0.9976434434883032
vn -0.06581664110527584 0.019965481089319996 0.997631970878285
vn -0.06581664110527584 0.019965481089319996 0.997631970878285
vn -0.06581664110527584 0.019965481089319996 0.997631970878285
vn -0.06915538770396584 0.006728074525397897 0.9975832122508353
vn -0.06915538770396584 0.006728074525397897 0.9975832122508353
vn -0.06915538770396584 0.006728074525397897 0.9975832122508353
vn -0.0692049282947261 0.006815484902595903 0.9975791833560204
vn -0.0692049282947261 0.006815484902595903 0.9975791833560204
vn -0.0692049282947261 0.006815484902595903 0.9975791833560204
vn -0.07029295152786214 -0.00683865015711228 0.997502949283625
vn -0.07029295152786214 -0.00683865015711228 0.997502949283625
vn -0.07029295152786214 -0.00683865015711228 0.997502949283625
vn -0.07022474671684265 -0.006917488727273131 0.9975072096472603
vn -0.07022474671684265 -0.006917488727273131 0.9975072096472603
vn -0.07022474671684265 -0.006917488727273131 0.9975072096472603
vn -0.06898313027282998 -0.020669324358242785 0.9974036829530638
vn -0.06898313027282998 -0.020669324358242785 0.9974036829530638
vn -0.06898313027282998 -0.020669324358242785 0.9974036829530638
vn -0.06874527605684105 -0.02085252425175605 0.9974162918522027
vn -0.06874527605684105 -0.02085252425175605 0.9974162918522027
vn -0.06874527605684105 -0.02085252425175605 0.9974162918522027
vn -0.06507666531860765 -0.034356222205205324 0.9972886631396132
vn -0.06507666531860765 -0.034356222205205324 0.9972886631396132
vn -0.06507666531860765 -0.034356222205205324 0.9972886631396132
vn -0.06465568972984087 -0.03455999405112384 0.9973090035674724
vn -0.06465568972984087 -0.03455999405112384 0.9973090035674724
vn -0.06465568972984087 -0.03455999405112384 0.9973090035674724
vn -0.05845449730647485 -0.047383020475334124 0.9971649417800855
vn -0.05845449730647485 -0.047383020475334124 0.9971649417800855
vn -0.05845449730647485 -0.047383020475334124 0.9971649417800855
vn -0.0579012541935091 -0.047519056681833226 0.997190746053576
vn -0.0579012541935091 -0.047519056681833226 0.997190746053576
vn -0.0579012541935091 -0.047519056681833226 0.997190746053576
vn 0.058123561711684334 -0.047111778824579384 0.997197137917038
vn 0.058123561711684334 -0.047111778824579384 0.997197137917038
vn 0.058123561711684334 -0.047111778824579384 0.997197137917038
vn 0.058161329944159526 -0.04773181342590265 0.9971654495048459
vn 0.058161329944159526 -0.04773181342590265 0.9971654495048459
vn 0.058161329944159526 -0.04773181342590265 0.9971654495048459
vn 0.06476947004756287 -0.034192514121109276 0.9973142873376656
vn 0.06476947004756287 -0.034192514121109276 0.9973142873376656
vn 0.06476947004756287 -0.034192514121109276 0.9973142873376656
vn 0.06489589105629293 -0.034688275522914515 0.9972889485325985
vn 0.06489589105629293 -0.034688275522914515 0.9972889485325985
vn 0.06489589105629293 -0.034688275522914515 0.9972889485325985
vn 0.0687702068836382 -0.020605526690427377 0.9974197065002234
vn 0.0687702068836382 -0.020605526690427377 0.9974197065002234
vn 0.0687702068836382 -0.020605526690427377 0.9974197065002234
vn 0.06890904885970058 -0.020903803355235565 0.9974039171722443
vn 0.06890904885970058 -0.020903803355235565 0.9974039171722443
vn 0.06890904885970058 -0.020903803355235565 0.9974039171722443
vn 0.0702167539740666 -0.0068312367840792 0.9975083667144578
vn 0.0702167539740666 -0.0068312367840792 0.9975083667144578
vn 0.0702167539740666 -0.0068312367840792 0.9975083667144578
vn 0.07028114716498493 -0.006921473812558194 0.9975032097960566
vn 0.07028114716498493 -0.006921473812558194 0.9975032097960566
vn 0.07028114716498493 -0.006921473812558194 0.9975032097960566
vn 0.06922533314287432 0.006734759964985345 0.9975783158526814
vn 0.06922533314287432 0.006734759964985345 0.9975783158526814
vn 0.06922533314287432 0.006734759964985345 0.9975783158526814
vn 0.0691475192452819 0.006809831079841475 0.997583202937423
vn 0.0691475192452819 0.006809831079841475 0.997583202937423
vn 0.0691475192452819 0.006809831079841475 0.997583202937423
vn 0.06591919697580309 0.019749115816979006 0.9976295063271299
vn 0.06591919697580309 0.019749115816979006 0.9976295063271299
vn 0.06591919697580309 0.019749115816979006 0.9976295063271299
vn 0.06566241484216202 0.019918697260209624 0.9976430688259965
vn 0.06566241484216202 0.019918697260209624 0.9976430688259965
vn 0.06566241484216202 0.019918697260209624 0.9976430688259965
vn 0.0604097614165942 0.03189097688438913 0.9976640849098206
vn 0.0604097614165942 0.03189097688438913 0.9976640849098206
vn 0.0604097614165942 0.03189097688438913 0.9976640849098206
vn 0.05999197853639749 0.03206702717148428 0.9976836514044278
vn 0.05999197853639749 0.03206702717148428 0.9976836514044278
vn 0.05999197853639749 0.03206702717148428 0.9976836514044278
vn 0.05282466881469491 0.0428187178436897 0.9976853771439372
vn 0.05282466881469491 0.0428187178436897 0.9976853771439372
vn 0.05282466881469491 0.0428187178436897 0.9976853771439372
vn 0.052311412937108996 0.042929399715095795 0.9977076639560433
vn 0.052311412937108996 0.042929399715095795 0.9977076639560433
vn 0.052311412937108996 0.042929399715095795 0.9977076639560433
vn 0.043347162397671876 0.05217082562488926 0.9976969622413849
vn 0.043347162397671876 0.05217082562488926 0.9976969622413849
vn 0.043347162397671876 0.05217082562488926 0.9976969622413849
vn 0.04282589265065781 0.05218345682008567 0.997718812969356
vn 0.04282589265065781 0.05218345682008567 0.997718812969356
vn 0.04282589265065781 0.05218345682008567 0.997718812969356
vn 0.032244995995267714 0.05957967928199027 0.9977026220522427
vn 0.032244995995267714 0.05957967928199027 0.9977026220522427
vn 0.032244995995267714 0.05957967928199027 0.9977026220522427
vn 0.031807557117504624 0.05950655112180208 0.9977210279851804
vn 0.031807557117504624 0.05950655112180208 0.9977210279851804
vn 0.031807557117504624 0.05950655112180208 0.9977210279851804
vn 0.01987427894599634 0.06471159468702818 0.9977060802407884
vn 0.01987427894599634 0.06471159468702818 0.9977060802407884
vn 0.01987427894599634 0.06471159468702818 0.9977060802407884
vn 0.019598042685447164 0.06460859657204264 0.9977182197253343
vn 0.019598042685447164 0.06460859657204264 0.9977182197253343
vn 0.019598042685447164 0.06460859657204264 0.9977182197253343
vn 0.006712172171321947 0.06730765840234443 0.9977096901730163
vn 0.006712172171321947 0.06730765840234443 0.9977096901730163
vn 0.006712172171321947 0.06730765840234443 0.9977096901730163
vn 0.006624081102907406 0.06725376774207172 0.997713913040225
vn 0.006624081102907406 0.06725376774207172 0.997713913040225
vn 0.006624081102907406 0.06725376774207172 0.997713913040225
vn -0.09801951906526986 -0.9951844923843083 0
vn -0.09801951906526986 -0.9951844923843083 0
vn -0.09801951906526986 -0.9951844923843083 0
vn -0.09801951906526986 -0.9951844923843083 0
vn -0.09801951906526986 -0.9951844923843083 0
vn -0.09801951906526986 -0.9951844923843083 0
vn -0.2902743288481351 -0.956943474825846 0
vn -0.2902743288481351 -0.956943474825846 0
vn -0.2902743288481351 -0.956943474825846 0
vn -0.2902743288481351 -0.956943474825846 0
vn -0.2902743288481351 -0.956943474825846 0
vn -0.2902743288481351 -0.956943474825846 0
vn -0.47140411701174717 -0.8819173195171841 0
vn -0.47140411701174717 -0.8819173195171841 0
vn -0.47140411701174717 -0.8819173195171841 0
vn -0.47140411701174717 -0.8819173195171841 0
vn -0.47140411701174717 -0.8819173195171841 0
vn -0.47140411701174717 -0.8819173195171841 0
vn -0.6343936192993446 -0.7730101783238551 0
vn -0.6343936192993446 -0.7730101783238551 0
vn -0.6343936192993446 -0.7730101783238551 0
vn -0.6343936192993446 -0.7730101783238551 0
vn -0.6343936192993446 -0.7730101783238551 0
vn -0.6343936192993446 -0.7730101783238551 0
vn -0.7730210622828927 -0.6343803569366158 0
vn -0.7730210622828927 -0.6343803569366158 0
vn -0.7730210622828927 -0.6343803569366158 0
vn -0.7730210622828927 -0.6343803569366158 0
vn -0.7730210622828927 -0.6343803569366158 0
vn -0.7730210622828927 -0.6343803569366158 0
vn -0.8819173195171841 -0.47140411701174717 0
vn -0.8819173195171841 -0.47140411701174717 0
vn -0.8819173195171841 -0.47140411701174717 0
vn -0.8819173195171841 -0.47140411701174717 0
vn -0.8819173195171841 -0.47140411701174717 0
vn -0.8819173195171841 -0.47140411701174717 0
vn -0.9569394543678137 -0.2902875827076159 0
vn -0.9569394543678137 -0.2902875827076159 0
vn -0.9569394543678137 -0.2902875827076159 0
vn -0.9569394543678137 -0.2902875827076159 0
vn -0.9569394543678137 -0.2902875827076159 0
vn -0.9569394543678137 -0.2902875827076159 0
vn -0.9951855768205433 -0.09800850824475552 0
vn -0.9951855768205433 -0.09800850824475552 0
vn -0.9951855768205433 -0.09800850824475552 0
vn -0.9951855768205433 -0.09800850824475552 0
vn -0.9951855768205433 -0.09800850824475552 0
vn -0.9951855768205433 -0.09800850824475552 0
vn -0.9951855768205433 0.09800850824475552 0
vn -0.9951855768205433 0.09800850824475552 0
vn -0.9951855768205433 0.09800850824475552 0
vn -0.9951855768205433 0.09800850824475552 0
vn -0.9951855768205433 0.09800850824475552 0
vn -0.9951855768205433 0.09800850824475552 0
vn -0.956938513013064 0.2902906858863125 0
vn -0.956938513013064 0.2902906858863125 0
vn -0.956938513013064 0.2902906858863125 0
vn -0.956938513013064 0.2902906858863125 0
vn -0.956938513013064 0.2902906858863125 0
vn -0.956938513013064 0.2902906858863125 0
vn -0.8819173195171841 0.47140411701174717 0
vn -0.8819173195171841 0.47140411701174717 0
vn -0.8819173195171841 0.47140411701174717 0
vn -0.8819173195171841 0.47140411701174717 0
vn -0.8819173195171841 0.47140411701174717 0
vn -0.8819173195171841 0.47140411701174717 0
vn -0.7730101783238551 0.6343936192993446 0
vn -0.7730101783238551 0.6343936192993446 0
vn -0.7730101783238551 0.6343936192993446 0
vn -0.7730101783238551 0.6343936192993446 0
vn -0.7730101783238551 0.6343936192993446 0
vn -0.7730101783238551 0.6343936192993446 0
vn 0.7730057192882989 0.634399052606149 0
vn 0.7730057192882989 0.634399052606149 0
vn 0.7730057192882989 0.634399052606149 0
vn 0.7730057192882989 0.634399052606149 0
vn 0.7730057192882989 0.634399052606149 0
vn 0.7730057192882989 0.634399052606149 0
vn 0.8819167038518415 0.4714052688155949 0
vn 0.8819167038518415 0.4714052688155949 0
vn 0.8819167038518415 0.4714052688155949 0
vn 0.8819167038518415 0.4714052688155949 0
vn 0.8819167038518415 0.4714052688155949 0
vn 0.8819167038518415 0.4714052688155949 0
vn 0.9569446895865299 0.2902703241327646 0
vn 0.9569446895865299 0.2902703241327646 0
vn 0.9569446895865299 0.2902703241327646 0
vn 0.9569446895865299 0.2902703241327646 0
vn 0.9569446895865299 0.2902703241327646 0
vn 0.9569446895865299 0.2902703241327646 0
vn 0.9951834070994072 0.09803053725250885 0
vn 0.9951834070994072 0.09803053725250885 0
vn 0.9951834070994072 0.09803053725250885 0
vn 0.9951834070994072 0.09803053725250885 0
vn 0.9951834070994072 0.09803053725250885 0
vn 0.9951834070994072 0.09803053725250885 0
vn 0.9951855768205433 -0.09800850824475552 0
vn 0.9951855768205433 -0.09800850824475552 0
vn 0.9951855768205433 -0.09800850824475552 0
vn 0.9951855768205433 -0.09800850824475552 0
vn 0.9951855768205433 -0.09800850824475552 0
vn 0.9951855768205433 -0.09800850824475552 0
vn 0.9569394543678137 -0.2902875827076159 0
vn 0.9569394543678137 -0.2902875827076159 0
vn 0.9569394543678137 -0.2902875827076159 0
vn 0.9569394543678137 -0.2902875827076159 0
vn 0.9569394543678137 -0.2902875827076159 0
vn 0.9569394543678137 -0.2902875827076159 0
vn 0.8819271874800386 -0.4713856552585671 0
vn 0.8819271874800386 -0.4713856552585671 0
vn 0.8819271874800386 -0.4713856552585671 0
vn 0.8819271874800386 -0.4713856552585671 0
vn 0.8819271874800386 -0.4713856552585671 0
vn 0.8819271874800386 -0.4713856552585671 0
vn 0.7730101783238551 -0.6343936192993446 0
vn 0.7730101783238551 -0.6343936192993446 0
vn 0.7730101783238551 -0.6343936192993446 0
vn 0.7730101783238551 -0.6343936192993446 0
vn 0.7730101783238551 -0.6343936192993446 0
vn 0.7730101783238551 -0.6343936192993446 0
vn 0.6344045214973889 -0.7730012309845755 0
vn 0.6344045214973889 -0.7730012309845755 0
vn 0.6344045214973889 -0.7730012309845755 0
vn 0.6344045214973889 -0.7730012309845755 0
vn 0.6344045214973889 -0.7730012309845755 0
vn 0.6344045214973889 -0.7730012309845755 0
vn 0.47140411701174717 -0.8819173195171841 0
vn 0.47140411701174717 -0.8819173195171841 0
vn 0.47140411701174717 -0.8819173195171841 0
vn 0.47140411701174717 -0.8819173195171841 0
vn 0.47140411701174717 -0.8819173195171841 0
vn 0.47140411701174717 -0.8819173195171841 0
vn 0.2902906858863125 -0.956938513013064 0
vn 0.2902906858863125 -0.956938513013064 0
vn 0.2902906858863125 -0.956938513013064 0
vn 0.2902906858863125 -0.956938513013064 0
vn 0.2902906858863125 -0.956938513013064 0
vn 0.2902906858863125 -0.956938513013064 0
vn 0.09801519116717312 -0.9951849186460086 0
vn 0.09801519116717312 -0.9951849186460086 0
vn 0.09801519116717312 -0.9951849186460086 0
vn 0.09801519116717312 -0.9951849186460086 0
vn 0.09801519116717312 -0.9951849186460086 0
vn 0.09801519116717312 -0.9951849186460086 0
vn 0 0 -1
vn 0 0 -1
vn 0 0 -1
vn 0 0 -1
vn 0 0 -1
vn 0 0 -1
vn 0 0 -1
vn 0 0 -1
vn 0 0 -1
vn 0 0 -1
vn 0 0 -1
vn 0 0 -1
vn 0 0 -1
vn 0 0 -1
vn 0 0 -1
vn 0 0 -1
vn 0 0 -1
vn 0 0 -1
vn 0 0 -1
vn 0 0 -1
vn 0 0 -1
vn 0 0 -1
vn 0 0 -1
vn 0 0 -1
vn 0 0 -1
vn 0 0 -1
vn 0 0 -1
vn 0 0 -1
vn 0 0 -1
vn 0 0 -1
vn 0 0 -1
vn 0 0 -1
vn 0 0 -1
vn 0 0 -1
vn 0 0 -1
vn 0 0 -1
vn 0 0 -1
vn 0 0 -1
vn 0 0 -1
vn 0 0 -1
vn 0 0 -1
vn 0 0 -1
vn 0 0 -1
vn 0 0 -1
vn 0 0 -1
vn 0 0 -1
vn 0 0 -1
vn 0 0 -1
vn 0 0 -1
vn 0 0 -1
vn 0 0 -1
vn 0 0 -1
vn 0 0 -1
vn 0 0 -1
vn 0 0 -1
vn 0 0 -1
vn 0 0 -1
vn 0 0 -1
vn 0 0 -1
vn 0 0 -1
vn 0 0 -1
vn 0 0 -1
vn 0 0 -1
vn 0 0 -1
vn 0 0 -1
vn 0 0 -1
vn 0 0 -1
vn 0 0 -1
vn 0 0 -1
vn 0 0 -1
vn 0 0 -1
vn 0 0 -1
vn 0 0 -1
vn 0 0 -1
vn 0 0 -1
vn 0 0 -1
vn 0 0 -1
vn 0 0 -1
vn 0 0 -1
vn 0 0 -1
vn 0 0 -1
vn 0 0 -1
vn 0 0 -1
vn 0 0 -1
vn 0 0 -1
vn 0 0 -1
vn 0 0 -1
vn 0 0 -1
vn 0 0 -1
vn 0 0 -1
vn 0 0 -1
vn 0 0 -1
vn 0 0 -1
vn 0 0 -1
vn 0 0 -1
vn 0 0 -1
vn 0 0 -1
vn 0 0 -1
vn 0 0 -1
vn 0 0 -1
vn 0 0 -1
vn 0 0 -1
vn 0 0 -1
vn 0 0 -1
vn 0 0 -1
vn 0 0 -1
vn 0 0 -1
vn 0 0 -1
vn 0 0 -1
vn 0 0 -1
vn 0 0 -1
vn 0 0 -1
vn 0 0 -1
vn 0 0 -1
vn 0 0 -1
vn 0 0 -1
vn 0 0 -1
vn 0 0 -1
vn 0 0 -1
vn 0 0 -1
vn 0 0 -1
vn 0 0 -1
vn 0 0 -1
vn 0 0 -1
vn 0 0 -1
vn 0 0 -1
vn 0 0 -1
vn 0 0 -1
vn 0 0 -1
vn 0 0 -1
vn 0 0 -1
vn 0 0 -1
vn 0 0 -1
vn 0 0 -1
vn 0 0 -1
vn 0 0 -1
vn 0 0 -1
vn 0 0 -1
vn 0 0 -1
vn 0 0 -1
vn 0 0 -1
vn 0 0 -1
vn 0 0 -1
vn 0 0 -1
vn -0.6455499726526949 0.7637180322642799 -0.000001575146532348189
vn -0.6455499726526949 0.7637180322642799 -0.000001575146532348189
vn -0.6455499726526949 0.7637180322642799 -0.000001575146532348189
vn -0.6455666419250674 0.7637039418738074 0
vn -0.6455666419250674 0.7637039418738074 0
vn -0.6455666419250674 0.7637039418738074 0
vn 0.6455666419249569 0.7637039418736766 -5.854268462295404e-7
vn 0.6455666419249569 0.7637039418736766 -5.854268462295404e-7
vn 0.6455666419249569 0.7637039418736766 -5.854268462295404e-7
vn 0.6455605045928747 0.7637091297803065 0
vn 0.6455605045928747 0.7637091297803065 0
vn 0.6455605045928747 0.7637091297803065 0
vn 0.09935865589649934 0.995051685842721 0
vn 0.09935865589649934 0.995051685842721 0
vn 0.09935865589649934 0.995051685842721 0
vn 0.0993614812542016 0.9950514037189016 1.1948663096260794e-7
vn 0.0993614812542016 0.9950514037189016 1.1948663096260794e-7
vn 0.0993614812542016 0.9950514037189016 1.1948663096260794e-7
vn 0.2939330698348701 0.9558260042797142 3.534676766789196e-7
vn 0.2939330698348701 0.9558260042797142 3.534676766789196e-7
vn 0.2939330698348701 0.9558260042797142 3.534676766789196e-7
vn 0.2939250423006989 0.9558284728488331 0
vn 0.2939250423006989 0.9558284728488331 0
vn 0.2939250423006989 0.9558284728488331 0
vn 0.4764236551702847 0.8792158442579304 0
vn 0.4764236551702847 0.8792158442579304 0
vn 0.4764236551702847 0.8792158442579304 0
vn 0.47641263442951853 0.8792218160143926 -5.286518217667525e-7
vn 0.47641263442951853 0.8792218160143926 -5.286518217667525e-7
vn 0.47641263442951853 0.8792218160143926 -5.286518217667525e-7
vn 0.6395618760995653 0.7687396221346929 -4.6222187981397294e-7
vn 0.6395618760995653 0.7687396221346929 -4.6222187981397294e-7
vn 0.6395618760995653 0.7687396221346929 -4.6222187981397294e-7
vn 0.6395702713314301 0.7687326375463974 0
vn 0.6395702713314301 0.7687326375463974 0
vn 0.6395702713314301 0.7687326375463974 0
vn 0.7772283512165256 0.6292186345502182 0
vn 0.7772283512165256 0.6292186345502182 0
vn 0.7772283512165256 0.6292186345502182 0
vn 0.7772366450366188 0.6292083896547401 5.563361502091695e-7
vn 0.7772366450366188 0.6292083896547401 5.563361502091695e-7
vn 0.7772366450366188 0.6292083896547401 5.563361502091695e-7
vn 0.8845703146144779 0.46640685940735277 7.832978905437886e-7
vn 0.8845703146144779 0.46640685940735277 7.832978905437886e-7
vn 0.8845703146144779 0.46640685940735277 7.832978905437886e-7
vn 0.8845617339823292 0.4664231327605605 0
vn 0.8845617339823292 0.4664231327605605 0
vn 0.8845617339823292 0.4664231327605605 0
vn 0.9580363630199216 0.286646693913537 0
vn 0.9580363630199216 0.286646693913537 0
vn 0.9580363630199216 0.286646693913537 0
vn 0.9580349114345574 0.28665154538661286 -2.1544456764179268e-7
vn 0.9580349114345574 0.28665154538661286 -2.1544456764179268e-7
vn 0.9580349114345574 0.28665154538661286 -2.1544456764179268e-7
vn 0.9953132872608357 0.0967029482592134 -7.268101857198507e-8
vn 0.9953132872608357 0.0967029482592134 -7.268101857198507e-8
vn 0.9953132872608357 0.0967029482592134 -7.268101857198507e-8
vn 0.9953133208055192 0.09670260300057332 -5.814460940944161e-8
vn 0.9953133208055192 0.09670260300057332 -5.814460940944161e-8
vn 0.9953133208055192 0.09670260300057332 -5.814460940944161e-8
vn 0.9953132544331513 -0.09670328613695359 5.814501750546058e-8
vn 0.9953132544331513 -0.09670328613695359 5.814501750546058e-8
vn 0.9953132544331513 -0.09670328613695359 5.814501750546058e-8
vn 0.9953132544331513 -0.09670328613695359 5.814501750546058e-8
vn 0.9953132544331513 -0.09670328613695359 5.814501750546058e-8
vn 0.9953132544331513 -0.09670328613695359 5.814501750546058e-8
vn 0.9580277300918723 -0.2866755454777837 1.7237008083352166e-7
vn 0.9580277300918723 -0.2866755454777837 1.7237008083352166e-7
vn 0.9580277300918723 -0.2866755454777837 1.7237008083352166e-7
vn 0.9580354874957746 -0.2866496200900562 -9.79726128875617e-7
vn 0.9580354874957746 -0.2866496200900562 -9.79726128875617e-7
vn 0.9580354874957746 -0.2866496200900562 -9.79726128875617e-7
vn 0.8845695688343116 -0.4664082738241963 -7.8329604452465e-7
vn 0.8845695688343116 -0.4664082738241963 -7.8329604452465e-7
vn 0.8845695688343116 -0.4664082738241963 -7.8329604452465e-7
vn 0.8845609629134621 -0.46642459507363937 0
vn 0.8845609629134621 -0.46642459507363937 0
vn 0.8845609629134621 -0.46642459507363937 0
vn -0.8845734110535781 -0.46640098676666036 3.5054253981550613e-7
vn -0.8845734110535781 -0.46640098676666036 3.5054253981550613e-7
vn -0.8845734110535781 -0.46640098676666036 3.5054253981550613e-7
vn -0.8845609629131909 -0.4664245950734963 -7.832758976552953e-7
vn -0.8845609629131909 -0.4664245950734963 -7.832758976552953e-7
vn -0.8845609629131909 -0.4664245950734963 -7.832758976552953e-7
vn -0.9580277300914267 -0.2866755454776504 -9.797012224582077e-7
vn -0.9580277300914267 -0.2866755454776504 -9.797012224582077e-7
vn -0.9580277300914267 -0.2866755454776504 -9.797012224582077e-7
vn -0.9580354874962203 -0.2866496200901895 1.7235450731983395e-7
vn -0.9580354874962203 -0.2866496200901895 1.7235450731983395e-7
vn -0.9580354874962203 -0.2866496200901895 1.7235450731983395e-7
vn -0.9953105383280293 -0.09673123742186522 5.816181986087787e-8
vn -0.9953105383280293 -0.09673123742186522 5.816181986087787e-8
vn -0.9953105383280293 -0.09673123742186522 5.816181986087787e-8
vn -0.9953105383280293 -0.09673123742186522 5.816181986087787e-8
vn -0.9953105383280293 -0.09673123742186522 5.816181986087787e-8
vn -0.9953105383280293 -0.09673123742186522 5.816181986087787e-8
vn -0.995310406658678 0.09673259221655169 -5.816263270418023e-8
vn -0.995310406658678 0.09673259221655169 -5.816263270418023e-8
vn -0.995310406658678 0.09673259221655169 -5.816263270418023e-8
vn -0.9953106041620059 0.09673056002444119 -1.454035327097669e-7
vn -0.9953106041620059 0.09673056002444119 -1.454035327097669e-7
vn -0.9953106041620059 0.09673056002444119 -1.454035327097669e-7
vn -0.9580366494029162 0.2866457367564499 -4.308804140618228e-7
vn -0.9580366494029162 0.2866457367564499 -4.308804140618228e-7
vn -0.9580366494029162 0.2866457367564499 -4.308804140618228e-7
vn -0.9580286056946211 0.2866726193242672 7.64243502324724e-7
vn -0.9580286056946211 0.2866726193242672 7.64243502324724e-7
vn -0.9580286056946211 0.2866726193242672 7.64243502324724e-7
vn -0.8845734110535497 0.4664009867666453 4.327624819187034e-7
vn -0.8845734110535497 0.4664009867666453 4.327624819187034e-7
vn -0.8845734110535497 0.4664009867666453 4.327624819187034e-7
vn -0.8845695688343116 0.4664082738241963 7.8329604452465e-7
vn -0.8845695688343116 0.4664082738241963 7.8329604452465e-7
vn -0.8845695688343116 0.4664082738241963 7.8329604452465e-7
vn -0.7772366450366188 0.6292083896547401 5.563361502091695e-7
vn -0.7772366450366188 0.6292083896547401 5.563361502091695e-7
vn -0.7772366450366188 0.6292083896547401 5.563361502091695e-7
vn -0.7772574962840944 0.6291826320468937 -8.511977903456649e-7
vn -0.7772574962840944 0.6291826320468937 -8.511977903456649e-7
vn -0.7772574962840944 0.6291826320468937 -8.511977903456649e-7
vn -0.6395702713310842 0.7687326375459818 -0.0000010399897575854616
vn -0.6395702713310842 0.7687326375459818 -0.0000010399897575854616
vn -0.6395702713310842 0.7687326375459818 -0.0000010399897575854616
vn -0.6395458011573016 0.7687529955856893 3.0685245770332956e-7
vn -0.6395458011573016 0.7687529955856893 3.0685245770332956e-7
vn -0.6395458011573016 0.7687529955856893 3.0685245770332956e-7
vn -0.47642182542159783 0.8792168357475592 4.4269749824309715e-8
vn -0.47642182542159783 0.8792168357475592 4.4269749824309715e-8
vn -0.47642182542159783 0.8792168357475592 4.4269749824309715e-8
vn -0.4764245690791858 0.8792153490344128 -8.788801047020912e-8
vn -0.4764245690791858 0.8792153490344128 -8.788801047020912e-8
vn -0.4764245690791858 0.8792153490344128 -8.788801047020912e-8
vn -0.29394134239514386 0.9558234602847994 -3.6491018478922367e-7
vn -0.29394134239514386 0.9558234602847994 -3.6491018478922367e-7
vn -0.29394134239514386 0.9558234602847994 -3.6491018478922367e-7
vn -0.29391703149131876 0.9558309362009746 7.068967453866855e-7
vn -0.29391703149131876 0.9558309362009746 7.068967453866855e-7
vn -0.29391703149131876 0.9558309362009746 7.068967453866855e-7
vn -0.0993643080949494 0.9950511214388996 0
vn -0.0993643080949494 0.9950511214388996 0
vn -0.0993643080949494 0.9950511214388996 0
vn -0.09935865589649652 0.9950516858426927 2.389664653182003e-7
vn -0.09935865589649652 0.9950516858426927 2.389664653182003e-7
vn -0.09935865589649652 0.9950516858426927 2.389664653182003e-7
vn -0.00733731753675504 0.07348137549590193 0.9972695980659367
vn -0.00733731753675504 0.07348137549590193 0.9972695980659367
vn -0.00733731753675504 0.07348137549590193 0.9972695980659367
vn -0.007246192972016067 0.07357331326414873 0.9972634858766002
vn -0.007246192972016067 0.07357331326414873 0.9972634858766002
vn -0.007246192972016067 0.07357331326414873 0.9972634858766002
vn -0.021599957945268426 0.07023763730048242 0.9972964033441656
vn -0.021599957945268426 0.07023763730048242 0.9972964033441656
vn -0.021599957945268426 0.07023763730048242 0.9972964033441656
vn -0.021399544250427893 0.07054325093764335 0.9972791531226463
vn -0.021399544250427893 0.07054325093764335 0.9972791531226463
vn -0.021399544250427893 0.07054325093764335 0.9972791531226463
vn -0.03473783635910535 0.0641072463085864 0.9973382293363763
vn -0.03473783635910535 0.0641072463085864 0.9973382293363763
vn -0.03473783635910535 0.0641072463085864 0.9973382293363763
vn -0.03453546863176524 0.06461001375974472 0.9973128132779354
vn -0.03453546863176524 0.06461001375974472 0.9973128132779354
vn -0.03453546863176524 0.06461001375974472 0.9973128132779354
vn -0.04619775318697782 0.05552747447563263 0.9973878218520783
vn -0.04619775318697782 0.05552747447563263 0.9973878218520783
vn -0.04619775318697782 0.05552747447563263 0.9973878218520783
vn -0.04608001301805094 0.05614699190129696 0.9973585853145758
vn -0.04608001301805094 0.05614699190129696 0.9973585853145758
vn -0.04608001301805094 0.05614699190129696 0.9973585853145758
vn -0.0556091649955911 0.045018150085690385 0.9974372095181507
vn -0.0556091649955911 0.045018150085690385 0.9974372095181507
vn -0.0556091649955911 0.045018150085690385 0.9974372095181507
vn -0.05561190152053163 0.045639548890010505 0.9974088168782081
vn -0.05561190152053163 0.045639548890010505 0.9974088168782081
vn -0.05561190152053163 0.045639548890010505 0.9974088168782081
vn -0.06277016634151567 0.033096258039311384 0.9974790944783022
vn -0.06277016634151567 0.033096258039311384 0.9974790944783022
vn -0.06277016634151567 0.033096258039311384 0.9974790944783022
vn -0.06287024059212919 0.033603935840782063 0.9974558177402629
vn -0.06287024059212919 0.033603935840782063 0.9974558177402629
vn -0.06287024059212919 0.033603935840782063 0.9974558177402629
vn -0.06759162098249295 0.02022349789881604 0.9975080866367428
vn -0.06759162098249295 0.02022349789881604 0.9975080866367428
vn -0.06759162098249295 0.02022349789881604 0.9975080866367428
vn -0.06772067486212631 0.020543068915484675 0.9974928032400794
vn -0.06772067486212631 0.020543068915484675 0.9974928032400794
vn -0.06772067486212631 0.020543068915484675 0.9974928032400794
vn -0.07005136487592546 0.006808178060432479 0.9975201526738783
vn -0.07005136487592546 0.006808178060432479 0.9975201526738783
vn -0.07005136487592546 0.006808178060432479 0.9975201526738783
vn -0.07011381657352554 0.006904994722046442 0.9975150995214973
vn -0.07011381657352554 0.006904994722046442 0.9975150995214973
vn -0.07011381657352554 0.006904994722046442 0.9975150995214973
vn -0.0701319730720265 -0.00681591552381861 0.9975144358096262
vn -0.0701319730720265 -0.00681591552381861 0.9975144358096262
vn -0.0701319730720265 -0.00681591552381861 0.9975144358096262
vn -0.07005118431282904 -0.006900392327557947 0.997519531719603
vn -0.07005118431282904 -0.006900392327557947 0.997519531719603
vn -0.07005118431282904 -0.006900392327557947 0.997519531719603
vn -0.06781737409294362 -0.02029333793374873 0.997491345429445
vn -0.06781737409294362 -0.02029333793374873 0.997491345429445
vn -0.06781737409294362 -0.02029333793374873 0.997491345429445
vn -0.06754260459768505 -0.020487718131137218 0.9975060150043908
vn -0.06754260459768505 -0.020487718131137218 0.9975060150043908
vn -0.06754260459768505 -0.020487718131137218 0.9975060150043908
vn -0.06308648120389042 -0.033263039530165156 0.9974535909457269
vn -0.06308648120389042 -0.033263039530165156 0.9974535909457269
vn -0.06308648120389042 -0.033263039530165156 0.9974535909457269
vn -0.06262015606486802 -0.03347184538522161 0.9974759904984778
vn -0.06262015606486802 -0.03347184538522161 0.9974759904984778
vn -0.06262015606486802 -0.03347184538522161 0.9974759904984778
vn 0.06277002412319245 -0.03309684256332581 0.9974790840333007
vn 0.06277002412319245 -0.03309684256332581 0.9974790840333007
vn 0.06277002412319245 -0.03309684256332581 0.9974790840333007
vn 0.06287027085051586 -0.033605433651231496 0.9974557653712246
vn 0.06287027085051586 -0.033605433651231496 0.9974557653712246
vn 0.06287027085051586 -0.033605433651231496 0.9974557653712246
vn 0.06759253775340478 -0.020226059140428028 0.997507972585534
vn 0.06759253775340478 -0.020226059140428028 0.997507972585534
vn 0.06759253775340478 -0.020226059140428028 0.997507972585534
vn 0.06772064487774875 -0.020543297965614053 0.9974928005584992
vn 0.06772064487774875 -0.020543297965614053 0.9974928005584992
vn 0.06772064487774875 -0.020543297965614053 0.9974928005584992
vn 0.0700513213868163 -0.0068060915501828466 0.997520169966388
vn 0.0700513213868163 -0.0068060915501828466 0.997520169966388
vn 0.0700513213868163 -0.0068060915501828466 0.997520169966388
vn 0.07011520708525633 -0.006905131355948741 0.9975150008377561
vn 0.07011520708525633 -0.006905131355948741 0.9975150008377561
vn 0.07011520708525633 -0.006905131355948741 0.9975150008377561
vn 0.07013241884909827 0.006813946585675296 0.997514417920013
vn 0.07013241884909827 0.006813946585675296 0.997514417920013
vn 0.07013241884909827 0.006813946585675296 0.997514417920013
vn 0.0700512369653855 0.0068988314800486825 0.997519538818077
vn 0.0700512369653855 0.0068988314800486825 0.997519538818077
vn 0.0700512369653855 0.0068988314800486825 0.997519538818077
vn 0.06782086267589178 0.020292161254049878 0.9974911321798995
vn 0.06782086267589178 0.020292161254049878 0.9974911321798995
vn 0.06782086267589178 0.020292161254049878 0.9974911321798995
vn 0.0675425474609822 0.020489033907252884 0.9975059918476822
vn 0.0675425474609822 0.020489033907252884 0.9975059918476822
vn 0.0675425474609822 0.020489033907252884 0.9975059918476822
vn 0.06308844829746586 0.033264604226076154 0.9974534143493121
vn 0.06308844829746586 0.033264604226076154 0.9974534143493121
vn 0.06308844829746586 0.033264604226076154 0.9974534143493121
vn 0.06262252434645565 0.03347321948119294 0.9974757957073653
vn 0.06262252434645565 0.03347321948119294 0.9974757957073653
vn 0.06262252434645565 0.03347321948119294 0.9974757957073653
vn 0.05594397578020044 0.04529040573481798 0.9974061613616992
vn 0.05594397578020044 0.04529040573481798 0.9974061613616992
vn 0.05594397578020044 0.04529040573481798 0.9974061613616992
vn 0.055352229400893786 0.04542484861103516 0.9974330623300068
vn 0.055352229400893786 0.04542484861103516 0.9974330623300068
vn 0.055352229400893786 0.04542484861103516 0.9974330623300068
vn 0.046479189174953715 0.055866988038647265 0.9973557863777242
vn 0.046479189174953715 0.055866988038647265 0.9973557863777242
vn 0.046479189174953715 0.055866988038647265 0.9973557863777242
vn 0.04586059359927384 0.05588124853698594 0.9973836232948031
vn 0.04586059359927384 0.05588124853698594 0.9973836232948031
vn 0.04586059359927384 0.05588124853698594 0.9973836232948031
vn 0.03491980483680647 0.06444274451801614 0.9973102525839916
vn 0.03491980483680647 0.06444274451801614 0.9973102525839916
vn 0.03491980483680647 0.06444274451801614 0.9973102525839916
vn 0.03439516479598804 0.06434753360299295 0.9973346316848065
vn 0.03439516479598804 0.06434753360299295 0.9973346316848065
vn 0.03439516479598804 0.06434753360299295 0.9973346316848065
vn 0.0216757546771579 0.07048628589367831 0.9972772158031538
vn 0.0216757546771579 0.07048628589367831 0.9972772158031538
vn 0.0216757546771579 0.07048628589367831 0.9972772158031538
vn 0.021339860153202186 0.07035082690664116 0.9972940246096903
vn 0.021339860153202186 0.07035082690664116 0.9972940246096903
vn 0.021339860153202186 0.07035082690664116 0.9972940246096903
vn 0.007346492113955891 0.07357326002985481 0.9972627559786834
vn 0.007346492113955891 0.07357326002985481 0.9972627559786834
vn 0.007346492113955891 0.07357326002985481 0.9972627559786834
vn 0.007239498612904974 0.07350205578498653 0.9972687889707642
vn 0.007239498612904974 0.07350205578498653 0.9972687889707642
vn 0.007239498612904974 0.07350205578498653 0.9972687889707642
vn -0.09801952644426666 -0.9951844916575228 0
vn -0.09801952644426666 -0.9951844916575228 0
vn -0.09801952644426666 -0.9951844916575228 0
vn -0.09801952644426666 -0.9951844916575228 0
vn -0.09801952644426666 -0.9951844916575228 0
vn -0.09801952644426666 -0.9951844916575228 0
vn -0.2902743561393384 -0.9569434665474719 0
vn -0.2902743561393384 -0.9569434665474719 0
vn -0.2902743561393384 -0.9569434665474719 0
vn -0.2902743561393384 -0.9569434665474719 0
vn -0.2902743561393384 -0.9569434665474719 0
vn -0.2902743561393384 -0.9569434665474719 0
vn -0.47140414019134264 -0.8819173071271822 0
vn -0.47140414019134264 -0.8819173071271822 0
vn -0.47140414019134264 -0.8819173071271822 0
vn -0.47140414019134264 -0.8819173071271822 0
vn -0.47140414019134264 -0.8819173071271822 0
vn -0.47140414019134264 -0.8819173071271822 0
vn -0.6343936192993446 -0.7730101783238551 0
vn -0.6343936192993446 -0.7730101783238551 0
vn -0.6343936192993446 -0.7730101783238551 0
vn -0.6343936192993446 -0.7730101783238551 0
vn -0.6343936192993446 -0.7730101783238551 0
vn -0.6343936192993446 -0.7730101783238551 0
vn -0.7730210862700918 -0.6343803277071313 0
vn -0.7730210862700918 -0.6343803277071313 0
vn -0.7730210862700918 -0.6343803277071313 0
vn -0.7730210862700918 -0.6343803277071313 0
vn -0.7730210862700918 -0.6343803277071313 0
vn -0.7730210862700918 -0.6343803277071313 0
vn -0.8819167038518415 -0.4714052688155949 0
vn -0.8819167038518415 -0.4714052688155949 0
vn -0.8819167038518415 -0.4714052688155949 0
vn -0.8819167038518415 -0.4714052688155949 0
vn -0.8819167038518415 -0.4714052688155949 0
vn -0.8819167038518415 -0.4714052688155949 0
vn -0.9569394460890965 -0.29028760999858905 0
vn -0.9569394460890965 -0.29028760999858905 0
vn -0.9569394460890965 -0.29028760999858905 0
vn -0.9569394460890965 -0.29028760999858905 0
vn -0.9569394460890965 -0.29028760999858905 0
vn -0.9569394460890965 -0.29028760999858905 0
vn -0.9951855768205433 -0.09800850824475552 0
vn -0.9951855768205433 -0.09800850824475552 0
vn -0.9951855768205433 -0.09800850824475552 0
vn -0.9951855768205433 -0.09800850824475552 0
vn -0.9951855768205433 -0.09800850824475552 0
vn -0.9951855768205433 -0.09800850824475552 0
vn -0.9951855768205433 0.09800850824475552 0
vn -0.9951855768205433 0.09800850824475552 0
vn -0.9951855768205433 0.09800850824475552 0
vn -0.9951855768205433 0.09800850824475552 0
vn -0.9951855768205433 0.09800850824475552 0
vn -0.9951855768205433 0.09800850824475552 0
vn -0.9569385047342666 0.2902907131772324 0
vn -0.9569385047342666 0.2902907131772324 0
vn -0.9569385047342666 0.2902907131772324 0
vn -0.9569385047342666 0.2902907131772324 0
vn -0.9569385047342666 0.2902907131772324 0
vn -0.9569385047342666 0.2902907131772324 0
vn -0.8819179360364594 0.4714029636067127 0
vn -0.8819179360364594 0.4714029636067127 0
vn -0.8819179360364594 0.4714029636067127 0
vn -0.8819179360364594 0.4714029636067127 0
vn -0.8819179360364594 0.4714029636067127 0
vn -0.8819179360364594 0.4714029636067127 0
vn 0.8819173071271822 0.47140414019134264 0
vn 0.8819173071271822 0.47140414019134264 0
vn 0.8819173071271822 0.47140414019134264 0
vn 0.8819173071271822 0.47140414019134264 0
vn 0.8819173071271822 0.47140414019134264 0
vn 0.8819173071271822 0.47140414019134264 0
vn 0.9569446895865299 0.2902703241327646 0
vn 0.9569446895865299 0.2902703241327646 0
vn 0.9569446895865299 0.2902703241327646 0
vn 0.9569446895865299 0.2902703241327646 0
vn 0.9569446895865299 0.2902703241327646 0
vn 0.9569446895865299 0.2902703241327646 0
vn 0.9951834070994072 0.09803053725250885 0
vn 0.9951834070994072 0.09803053725250885 0
vn 0.9951834070994072 0.09803053725250885 0
vn 0.9951834070994072 0.09803053725250885 0
vn 0.9951834070994072 0.09803053725250885 0
vn 0.9951834070994072 0.09803053725250885 0
vn 0.9951855768205433 -0.09800850824475552 0
vn 0.9951855768205433 -0.09800850824475552 0
vn 0.9951855768205433 -0.09800850824475552 0
vn 0.9951855768205433 -0.09800850824475552 0
vn 0.9951855768205433 -0.09800850824475552 0
vn 0.9951855768205433 -0.09800850824475552 0
vn 0.9569394460890965 -0.29028760999858905 0
vn 0.9569394460890965 -0.29028760999858905 0
vn 0.9569394460890965 -0.29028760999858905 0
vn 0.9569394460890965 -0.29028760999858905 0
vn 0.9569394460890965 -0.29028760999858905 0
vn 0.9569394460890965 -0.29028760999858905 0
vn 0.8819265585941247 -0.47138683185503166 0
vn 0.8819265585941247 -0.47138683185503166 0
vn 0.8819265585941247 -0.47138683185503166 0
vn 0.8819265585941247 -0.47138683185503166 0
vn 0.8819265585941247 -0.47138683185503166 0
vn 0.8819265585941247 -0.47138683185503166 0
vn 0.7730101783238551 -0.6343936192993446 0
vn 0.7730101783238551 -0.6343936192993446 0
vn 0.7730101783238551 -0.6343936192993446 0
vn 0.7730101783238551 -0.6343936192993446 0
vn 0.7730101783238551 -0.6343936192993446 0
vn 0.7730101783238551 -0.6343936192993446 0
vn 0.6344045507272371 -0.773001206995547 0
vn 0.6344045507272371 -0.773001206995547 0
vn 0.6344045507272371 -0.773001206995547 0
vn 0.6344045507272371 -0.773001206995547 0
vn 0.6344045507272371 -0.773001206995547 0
vn 0.6344045507272371 -0.773001206995547 0
vn 0.47140414019134264 -0.8819173071271822 0
vn 0.47140414019134264 -0.8819173071271822 0
vn 0.47140414019134264 -0.8819173071271822 0
vn 0.47140414019134264 -0.8819173071271822 0
vn 0.47140414019134264 -0.8819173071271822 0
vn 0.47140414019134264 -0.8819173071271822 0
vn 0.2902907131772324 -0.9569385047342666 0
vn 0.2902907131772324 -0.9569385047342666 0
vn 0.2902907131772324 -0.9569385047342666 0
vn 0.2902907131772324 -0.9569385047342666 0
vn 0.2902907131772324 -0.9569385047342666 0
vn 0.2902907131772324 -0.9569385047342666 0
vn 0.09801519116717312 -0.9951849186460086 0
vn 0.09801519116717312 -0.9951849186460086 0
vn 0.09801519116717312 -0.9951849186460086 0
vn 0.09801519116717312 -0.9951849186460086 0
vn 0.09801519116717312 -0.9951849186460086 0
vn 0.09801519116717312 -0.9951849186460086 0
vn -0.5366766298803255 0.8437880035529622 -6.341830203318262e-7
vn -0.5366766298803255 0.8437880035529622 -6.341830203318262e-7
vn -0.5366766298803255 0.8437880035529622 -6.341830203318262e-7
vn 0.5366785546900252 0.8437867793085084 0
vn 0.5366785546900252 0.8437867793085084 0
vn 0.5366785546900252 0.8437867793085084 0
vn 0 0 -1
vn 0 0 -1
vn 0 0 -1
vn 0 0 -1
vn 0 0 -1
vn 0 0 -1
vn 0 0 -1
vn 0 0 -1
vn 0 0 -1
vn 0 0 -1
vn 0 0 -1
vn 0 0 -1
vn 0 0 -1
vn 0 0 -1
vn 0 0 -1
vn 0 0 -1
vn 0 0 -1
vn 0 0 -1
vn 0 0 -1
vn 0 0 -1
vn 0 0 -1
vn 0 0 -1
vn 0 0 -1
vn 0 0 -1
vn 0 0 -1
vn 0 0 -1
vn 0 0 -1
vn 0 0 -1
vn 0 0 -1
vn 0 0 -1
vn 0 0 -1
vn 0 0 -1
vn 0 0 -1
vn 0 0 -1
vn 0 0 -1
vn 0 0 -1
vn 0 0 -1
vn 0 0 -1
vn 0 0 -1
vn 0 0 -1
vn 0 0 -1
vn 0 0 -1
vn 0 0 -1
vn 0 0 -1
vn 0 0 -1
vn 0 0 -1
vn 0 0 -1
vn 0 0 -1
vn 0 0 -1
vn 0 0 -1
vn 0 0 -1
vn 0 0 -1
vn 0 0 -1
vn 0 0 -1
vn 0 0 -1
vn 0 0 -1
vn 0 0 -1
vn 0 0 -1
vn 0 0 -1
vn 0 0 -1
vn 0 0 -1
vn 0 0 -1
vn 0 0 -1
vn 0 0 -1
vn 0 0 -1
vn 0 0 -1
vn 0 0 -1
vn 0 0 -1
vn 0 0 -1
vn 0 0 -1
vn 0 0 -1
vn 0 0 -1
vn 0 0 -1
vn 0 0 -1
vn 0 0 -1
vn 0 0 -1
vn 0 0 -1
vn 0 0 -1
vn 0 0 -1
vn 0 0 -1
vn 0 0 -1
vn 0 0 -1
vn 0 0 -1
vn 0 0 -1
vn 0 0 -1
vn 0 0 -1
vn 0 0 -1
vn 0 0 -1
vn 0 0 -1
vn 0 0 -1
vn 0 0 -1
vn 0 0 -1
vn 0 0 -1
vn 0 0 -1
vn 0 0 -1
vn 0 0 -1
vn 0 0 -1
vn 0 0 -1
vn 0 0 -1
vn 0 0 -1
vn 0 0 -1
vn 0 0 -1
vn 0 0 -1
vn 0 0 -1
vn 0 0 -1
vn 0 0 -1
vn 0 0 -1
vn 0 0 -1
vn 0 0 -1
vn 0 0 -1
vn 0 0 -1
vn 0 0 -1
vn 0 0 -1
vn 0 0 -1
vn 0 0 -1
vn 0 0 -1
vn 0 0 -1
vn 0 0 -1
vn 0 0 -1
vn 0 0 -1
vn 0 0 -1
vn 0 0 -1
vn 0 0 -1
vn 0 0 -1
vn 0 0 -1
vn 0 0 -1
vn 0 0 -1
vn 0 0 -1
vn 0 0 -1
vn 0 0 -1
vn 0 0 -1
vn 0 0 -1
vn -0.5366677695110299 0.8437936389710791 0
vn -0.5366677695110299 0.8437936389710791 0
vn -0.5366677695110299 0.8437936389710791 0
vn 0.5366785546900252 0.8437867793085084 0
vn 0.5366785546900252 0.8437867793085084 0
vn 0.5366785546900252 0.8437867793085084 0
vn 0 0 1
vn 0 0 1
vn 0 0 1
vn 0 0 1
vn 0 0 1
vn 0 0 1
vn 0 0 1
vn 0 0 1
vn 0 0 1
vn 0 0 1
vn 0 0 1
vn 0 0 1
vn 0.000027652340556188764 -0.000027652415134754252 0.9999999992353461
vn 0.000027652340556188764 -0.000027652415134754252 0.9999999992353461
vn 0.000027652340556188764 -0.000027652415134754252 0.9999999992353461
vn 0.000006761110853205124 0.0000036137828373132268 0.999999999970614
vn 0.000006761110853205124 0.0000036137828373132268 0.999999999970614
vn 0.000006761110853205124 0.0000036137828373132268 0.999999999970614
vn 0.000007336164344235809 0.0000022254714621595617 0.999999999970614
vn 0.000007336164344235809 0.0000022254714621595617 0.999999999970614
vn 0.000007336164344235809 0.0000022254714621595617 0.999999999970614
vn 0.000007629395440520504 7.512772981278668e-7 0.999999999970614
vn 0.000007629395440520504 7.512772981278668e-7 0.999999999970614
vn 0.000007629395440520504 7.512772981278668e-7 0.999999999970614
vn 0.000007629393166783748 -7.515791366820086e-7 0.9999999999706137
vn 0.000007629393166783748 -7.515791366820086e-7 0.9999999999706137
vn 0.000007629393166783748 -7.515791366820086e-7 0.9999999999706137
vn 0.000007336268026631808 -0.000002225204525464599 0.999999999970614
vn 0.000007336268026631808 -0.000002225204525464599 0.999999999970614
vn 0.000007336268026631808 -0.000002225204525464599 0.999999999970614
vn 0.000006760993528388599 -0.0000036140384053244173 0.999999999970614
vn 0.000006760993528388599 -0.0000036140384053244173 0.999999999970614
vn 0.000006760993528388599 -0.0000036140384053244173 0.999999999970614
vn 0.00000592620426669648 -0.000004863383764898447 0.999999999970614
vn 0.00000592620426669648 -0.000004863383764898447 0.999999999970614
vn 0.00000592620426669648 -0.000004863383764898447 0.999999999970614
vn 0.0000048634828998209376 -0.000005926106496016042 0.999999999970614
vn 0.0000048634828998209376 -0.000005926106496016042 0.999999999970614
vn 0.0000048634828998209376 -0.000005926106496016042 0.999999999970614
vn 0.0000036138296762903664 -0.000006761101303510756 0.999999999970614
vn 0.0000036138296762903664 -0.000006761101303510756 0.999999999970614
vn 0.0000036138296762903664 -0.000006761101303510756 0.999999999970614
vn 0.000002225428943282255 -0.000007336195267055669 0.999999999970614
vn 0.000002225428943282255 -0.000007336195267055669 0.999999999970614
vn 0.000002225428943282255 -0.000007336195267055669 0.999999999970614
vn 7.514227035933085e-7 -0.000007629394531025802 0.999999999970614
vn 7.514227035933085e-7 -0.000007629394531025802 0.999999999970614
vn 7.514227035933085e-7 -0.000007629394531025802 0.999999999970614
vn 0.0000383553778808638 -0.000007629394525416022 0.9999999992353288
vn 0.0000383553778808638 -0.000007629394525416022 0.9999999992353288
vn 0.0000383553778808638 -0.000007629394525416022 0.9999999992353288
vn 0 0 1
vn 0 0 1
vn 0 0 1
vn 0 0 1
vn 0 0 1
vn 0 0 1
vn 0 0 1
vn 0 0 1
vn 0 0 1
vn 0 0 1
vn 0 0 1
vn 0 0 1
vn 0 0 1
vn 0 0 1
vn 0 0 1
vn 0 0 1
vn 0 0 1
vn 0 0 1
vn 0 0 1
vn 0 0 1
vn 0 0 1
vn 0 0 1
vn 0 0 1
vn 0 0 1
vn 0 0 1
vn 0 0 1
vn 0 0 1
vn 0 0 1
vn 0 0 1
vn 0 0 1
vn 0 0 1
vn 0 0 1
vn 0 0 1
vn 0 0 1
vn 0 0 1
vn 0 0 1
vn 0 0 1
vn 0 0 1
vn 0 0 1
vn 0 0 1
vn 0 0 1
vn 0 0 1
vn 0 0 1
vn 0 0 1
vn 0 0 1
vn 0.09801622220809166 0.9951848124398445 0.00009629707092107057
vn 0.09801622220809166 0.9951848124398445 0.00009629707092107057
vn 0.09801622220809166 0.9951848124398445 0.00009629707092107057
vn 0.09801622220809166 0.9951848124398445 0.00009629707092107057
vn 0.09801622220809166 0.9951848124398445 0.00009629707092107057
vn 0.09801622220809166 0.9951848124398445 0.00009629707092107057
vn 0.2902868663720354 0.9569396296219995 0.00028367378161401013
vn 0.2902868663720354 0.9569396296219995 0.00028367378161401013
vn 0.2902868663720354 0.9569396296219995 0.00028367378161401013
vn 0.29028909532838654 0.9569389534738844 0.0002836507253048626
vn 0.29028909532838654 0.9569389534738844 0.0002836507253048626
vn 0.29028909532838654 0.9569389534738844 0.0002836507253048626
vn 0.4713949917298946 0.8819220770920932 0.00046011905055041486
vn 0.4713949917298946 0.8819220770920932 0.00046011905055041486
vn 0.4713949917298946 0.8819220770920932 0.00046011905055041486
vn 0.4713874189948893 0.8819261246980936 0.00046020467114551446
vn 0.4713874189948893 0.8819261246980936 0.00046020467114551446
vn 0.4713874189948893 0.8819261246980936 0.00046020467114551446
vn 0.634397313606732 0.7730068986300177 0.0006189983547900998
vn 0.634397313606732 0.7730068986300177 0.0006189983547900998
vn 0.634397313606732 0.7730068986300177 0.0006189983547900998
vn 0.634397313606732 0.7730068986300177 0.0006189983547900998
vn 0.634397313606732 0.7730068986300177 0.0006189983547900998
vn 0.634397313606732 0.7730068986300177 0.0006189983547900998
vn 0.7730012451040262 0.6344040562481131 0.0007539784918510282
vn 0.7730012451040262 0.6344040562481131 0.0007539784918510282
vn 0.7730012451040262 0.6344040562481131 0.0007539784918510282
vn 0.7730012451038565 0.6344040562479739 0.000753978782889164
vn 0.7730012451038565 0.6344040562479739 0.000753978782889164
vn 0.7730012451038565 0.6344040562479739 0.000753978782889164
vn 0.8819267182107317 0.4713857487105139 0.0008600108585974517
vn 0.8819267182107317 0.4713857487105139 0.0008600108585974517
vn 0.8819267182107317 0.4713857487105139 0.0008600108585974517
vn 0.8819256249040088 0.47138779415464477 0.0008600347038223266
vn 0.8819256249040088 0.47138779415464477 0.0008600347038223266
vn 0.8819256249040088 0.47138779415464477 0.0008600347038223266
vn 0.9569373636192996 0.290292975536764 0.0009329862571414197
vn 0.9569373636192996 0.290292975536764 0.0009329862571414197
vn 0.9569373636192996 0.290292975536764 0.0009329862571414197
vn 0.9569373636192996 0.290292975536764 0.0009329862571414197
vn 0.9569373636192996 0.290292975536764 0.0009329862571414197
vn 0.9569373636192996 0.290292975536764 0.0009329862571414197
vn 0.9951861997500161 0.09799738130552425 0.0009700950371175968
vn 0.9951861997500161 0.09799738130552425 0.0009700950371175968
vn 0.9951861997500161 0.09799738130552425 0.0009700950371175968
vn 0.9951861997500161 0.09799738130552425 0.0009700950371175968
vn 0.9951861997500161 0.09799738130552425 0.0009700950371175968
vn 0.9951861997500161 0.09799738130552425 0.0009700950371175968
vn 0.9951823558978864 -0.09803641044593618 0.0009699156707851049
vn 0.9951823558978864 -0.09803641044593618 0.0009699156707851049
vn 0.9951823558978864 -0.09803641044593618 0.0009699156707851049
vn 0.9951861995093574 -0.09799738128182625 0.0009703442820844903
vn 0.9951861995093574 -0.09799738128182625 0.0009703442820844903
vn 0.9951861995093574 -0.09799738128182625 0.0009703442820844903
vn 0.9569481819739275 -0.2902573112305945 0.0009328954823533977
vn 0.9569481819739275 -0.2902573112305945 0.0009328954823533977
vn 0.9569481819739275 -0.2902573112305945 0.0009328954823533977
vn 0.956937364070055 -0.2902929756735035 0.0009324812479193542
vn 0.956937364070055 -0.2902929756735035 0.0009324812479193542
vn 0.956937364070055 -0.2902929756735035 0.0009324812479193542
vn 0.8819094345675359 -0.47141808514118594 0.0008591988051774037
vn 0.8819094345675359 -0.47141808514118594 0.0008591988051774037
vn 0.8819094345675359 -0.47141808514118594 0.0008591988051774037
vn 0.8819267185128146 -0.47138574887197576 0.0008596124856593183
vn 0.8819267185128146 -0.47138574887197576 0.0008596124856593183
vn 0.8819267185128146 -0.47138574887197576 0.0008596124856593183
vn 0.7730183072999606 -0.634383266756881 0.0007532847878338542
vn 0.7730183072999606 -0.634383266756881 0.0007532847878338542
vn 0.7730183072999606 -0.634383266756881 0.0007532847878338542
vn 0.7729992316550796 -0.6344065107971426 0.0007529401381681921
vn 0.7729992316550796 -0.6344065107971426 0.0007529401381681921
vn 0.7729992316550796 -0.6344065107971426 0.0007529401381681921
vn 0.6343973141022362 -0.7730068992337847 0.0006177352490592258
vn 0.6343973141022362 -0.7730068992337847 0.0006177352490592258
vn 0.6343973141022362 -0.7730068992337847 0.0006177352490592258
vn 0.6343973141022362 -0.7730068992337847 0.0006177352490592258
vn 0.6343973141022362 -0.7730068992337847 0.0006177352490592258
vn 0.6343973141022362 -0.7730068992337847 0.0006177352490592258
vn 0.471391157709318 -0.8819241271028568 0.00045876718790706996
vn 0.471391157709318 -0.8819241271028568 0.00045876718790706996
vn 0.471391157709318 -0.8819241271028568 0.00045876718790706996
vn 0.471391157709318 -0.8819241271028568 0.00045876718790706996
vn 0.471391157709318 -0.8819241271028568 0.00045876718790706996
vn 0.471391157709318 -0.8819241271028568 0.00045876718790706996
vn 0.29028686649425967 -0.9569396300249157 0.0002821856155825809
vn 0.29028686649425967 -0.9569396300249157 0.0002821856155825809
vn 0.29028686649425967 -0.9569396300249157 0.0002821856155825809
vn 0.29028686649425967 -0.9569396300249157 0.0002821856155825809
vn 0.29028686649425967 -0.9569396300249157 0.0002821856155825809
vn 0.29028686649425967 -0.9569396300249157 0.0002821856155825809
vn 0.09801622222258281 -0.995184812586977 0.00009474933654829934
vn 0.09801622222258281 -0.995184812586977 0.00009474933654829934
vn 0.09801622222258281 -0.995184812586977 0.00009474933654829934
vn 0.09801622222258281 -0.995184812586977 0.00009474933654829934
vn 0.09801622222258281 -0.995184812586977 0.00009474933654829934
vn 0.09801622222258281 -0.995184812586977 0.00009474933654829934
vn -0.0980162222078437 -0.9951848124373269 -0.00009632333712711911
vn -0.0980162222078437 -0.9951848124373269 -0.00009632333712711911
vn -0.0980162222078437 -0.9951848124373269 -0.00009632333712711911
vn -0.09801622220784405 -0.9951848124373304 -0.00009632330074733234
vn -0.09801622220784405 -0.9951848124373304 -0.00009632330074733234
vn -0.09801622220784405 -0.9951848124373304 -0.00009632330074733234
vn -0.29028686636995743 -0.9569396296151496 -0.00028369901463277334
vn -0.29028686636995743 -0.9569396296151496 -0.00028369901463277334
vn -0.29028686636995743 -0.9569396296151496 -0.00028369901463277334
vn -0.29028686636995743 -0.9569396296151496 -0.00028369901463277334
vn -0.29028686636995743 -0.9569396296151496 -0.00028369901463277334
vn -0.29028686636995743 -0.9569396296151496 -0.00028369901463277334
vn -0.47140359870626225 -0.8819174765059985 -0.0004601739637246824
vn -0.47140359870626225 -0.8819174765059985 -0.0004601739637246824
vn -0.47140359870626225 -0.8819174765059985 -0.0004601739637246824
vn -0.4713911822197969 -0.881924113354783 -0.00046000956700085696
vn -0.4713911822197969 -0.881924113354783 -0.00046000956700085696
vn -0.4713911822197969 -0.881924113354783 -0.00046000956700085696
vn -0.6343753144917608 -0.7730249527422909 -0.0006187093488821447
vn -0.6343753144917608 -0.7730249527422909 -0.0006187093488821447
vn -0.6343753144917608 -0.7730249527422909 -0.0006187093488821447
vn -0.6343973135907313 -0.7730068986105209 -0.0006190391001362078
vn -0.6343973135907313 -0.7730068986105209 -0.0006190391001362078
vn -0.6343973135907313 -0.7730068986105209 -0.0006190391001362078
vn -0.7730183068666091 -0.6343832664012479 -0.0007540286231164726
vn -0.7730183068666091 -0.6343832664012479 -0.0007540286231164726
vn -0.7730183068666091 -0.6343832664012479 -0.0007540286231164726
vn -0.7730202676088851 -0.6343808771183511 -0.0007540639491082279
vn -0.7730202676088851 -0.6343808771183511 -0.0007540639491082279
vn -0.7730202676088851 -0.6343808771183511 -0.0007540639491082279
vn -0.8819094463175006 -0.47141806161971866 -0.000860043409800243
vn -0.8819094463175006 -0.47141806161971866 -0.000860043409800243
vn -0.8819094463175006 -0.47141806161971866 -0.000860043409800243
vn -0.8819105148758586 -0.4714160625520551 -0.0008600693661993406
vn -0.8819105148758586 -0.4714160625520551 -0.0008600693661993406
vn -0.8819105148758586 -0.4714160625520551 -0.0008600693661993406
vn -0.9569481735785513 -0.29025733848646873 -0.0009330270234844139
vn -0.9569481735785513 -0.29025733848646873 -0.0009330270234844139
vn -0.9569481735785513 -0.29025733848646873 -0.0009330270234844139
vn -0.9569477659329249 -0.2902586824988626 -0.0009330112585551929
vn -0.9569477659329249 -0.2902586824988626 -0.0009330112585551929
vn -0.9569477659329249 -0.2902586824988626 -0.0009330112585551929
vn -0.9951823564506076 -0.09803640304980453 -0.0009700961150764457
vn -0.9951823564506076 -0.09803640304980453 -0.0009700961150764457
vn -0.9951823564506076 -0.09803640304980453 -0.0009700961150764457
vn -0.9951824499033542 -0.0980354542887706 -0.0009701065673480814
vn -0.9951824499033542 -0.0980354542887706 -0.0009701065673480814
vn -0.9951824499033542 -0.0980354542887706 -0.0009701065673480814
vn -0.9951861999349358 0.09799738132373356 -0.0009699034758876636
vn -0.9951861999349358 0.09799738132373356 -0.0009699034758876636
vn -0.9951861999349358 0.09799738132373356 -0.0009699034758876636
vn -0.9951824026030544 0.09803593233803388 -0.0009703194447599815
vn -0.9951824026030544 0.09803593233803388 -0.0009703194447599815
vn -0.9951824026030544 0.09803593233803388 -0.0009703194447599815
vn -0.9569369643342924 0.29029429228345144 -0.0009328227693186995
vn -0.9569369643342924 0.29029429228345144 -0.0009328227693186995
vn -0.9569369643342924 0.29029429228345144 -0.0009328227693186995
vn -0.9569477664518946 0.2902586826562751 -0.0009324298227226099
vn -0.9569477664518946 0.2902586826562751 -0.0009324298227226099
vn -0.9569477664518946 0.2902586826562751 -0.0009324298227226099
vn -0.8819267064995562 0.4713857722532669 -0.0008591158461920992
vn -0.8819267064995562 0.4713857722532669 -0.0008591158461920992
vn -0.8819267064995562 0.4713857722532669 -0.0008591158461920992
vn -0.8819105153287323 0.471416062794134 -0.0008594720978239553
vn -0.8819105153287323 0.471416062794134 -0.0008594720978239553
vn -0.8819105153287323 0.471416062794134 -0.0008594720978239553
vn -0.7730012456154861 0.6344040566678696 -0.0007531004297940972
vn -0.7730012456154861 0.6344040566678696 -0.0007531004297940972
vn -0.7730012456154861 0.6344040566678696 -0.0007531004297940972
vn -0.7730202683491144 0.6343808777258221 -0.0007527929855528413
vn -0.7730202683491144 0.6343808777258221 -0.0007527929855528413
vn -0.7730202683491144 0.6343808777258221 -0.0007527929855528413
vn -0.6344001929417064 0.7730045367572123 -0.0006175340425227363
vn -0.6344001929417064 0.7730045367572123 -0.0006175340425227363
vn -0.6344001929417064 0.7730045367572123 -0.0006175340425227363
vn -0.6343753148253594 0.7730249531488012 -0.0006178588188916588
vn -0.6343753148253594 0.7730249531488012 -0.0006178588188916588
vn -0.6343753148253594 0.7730249531488012 -0.0006178588188916588
vn -0.47141117163618207 0.8819134292645139 -0.0004588458425821806
vn -0.47141117163618207 0.8819134292645139 -0.0004588458425821806
vn -0.47141117163618207 0.8819134292645139 -0.0004588458425821806
vn -0.4714073621306485 0.8819154655352605 -0.00045888860116328296
vn -0.4714073621306485 0.8819154655352605 -0.00045888860116328296
vn -0.4714073621306485 0.8819154655352605 -0.00045888860116328296
vn -0.2902913409570116 0.9569382726812125 -0.0002822114055760687
vn -0.2902913409570116 0.9569382726812125 -0.0002822114055760687
vn -0.2902913409570116 0.9569382726812125 -0.0002822114055760687
vn -0.2902868664883703 0.9569396300055013 -0.00028225750203750895
vn -0.2902868664883703 0.9569396300055013 -0.00028225750203750895
vn -0.2902868664883703 0.9569396300055013 -0.00028225750203750895
vn -0.09801381554828459 0.9951850496162568 -0.0000947731797284689
vn -0.09801381554828459 0.9951850496162568 -0.0000947731797284689
vn -0.09801381554828459 0.9951850496162568 -0.0000947731797284689
vn -0.0980172447740086 0.995184711875842 -0.00009473916652080142
vn -0.0980172447740086 0.995184711875842 -0.00009473916652080142
vn -0.0980172447740086 0.995184711875842 -0.00009473916652080142
vn 0 0 1
vn 0 0 1
vn 0 0 1
vn 0 0 1
vn 0 0 1
vn 0 0 1
vn 0 0 1
vn 0 0 1
vn 0 0 1
vn 0 0 1
vn 0 0 1
vn 0 0 1
vn 0 0 1
vn 0 0 1
vn 0 0 1
vn 0 0 1
vn 0 0 1
vn 0 0 1
vn 0 0 1
vn 0 0 1
vn 0 0 1
vn 0 0 1
vn 0 0 1
vn 0 0 1
vn 0 0 1
vn 0 0 1
vn 0 0 1
vn 0 0 1
vn 0 0 1
vn 0 0 1
vn 0 0 1
vn 0 0 1
vn 0 0 1
vn 0 0 1
vn 0 0 1
vn 0 0 1
vn 0 0 1
vn 0 0 1
vn 0 0 1
vn 0 0 1
vn 0 0 1
vn 0 0 1
vn 0 0 1
vn 0 0 1
vn 0 0 1
vn 0 0 1
vn 0 0 1
vn 0 0 1
vn 0 0 1
vn 0 0 1
vn 0 0 1
vn 0 0 1
vn 0 0 1
vn 0 0 1
vn 0 0 1
vn 0 0 1
vn 0 0 1
vn 0 0 1
vn 0 0 1
vn 0 0 1
vn 0 0 1
vn 0 0 1
vn 0 0 1
vn 0 0 1
vn 0 0 1
vn 0 0 1
vn 0 0 1
vn 0 0 1
vn 0 0 1
vn 0 0 1
vn 0 0 1
vn 0 0 1
vn 0 0 1
vn 0 0 1
vn 0 0 1
vn 0 0 1
vn 0 0 1
vn 0 0 1
vn 0 0 1
vn 0 0 1
vn 0 0 1
vn 0 0 1
vn 0 0 1
vn 0 0 1
vn 0 0 1
vn 0 0 1
vn 0 0 1
vn 0 0 1
vn 0 0 1
vn 0 0 1
vn 0 0 1
vn 0 0 1
vn 0 0 1
vn 0.000016384557962948764 -0.000012241820511175984 0.9999999997908422
vn 0.000016384557962948764 -0.000012241820511175984 0.9999999997908422
vn 0.000016384557962948764 -0.000012241820511175984 0.9999999997908422
vn 0.0000012057026878207593 -0.000012241819603315565 0.9999999999243421
vn 0.0000012057026878207593 -0.000012241819603315565 0.9999999999243421
vn 0.0000012057026878207593 -0.000012241819603315565 0.9999999999243421
vn 0.0000012057153070597456 -0.000012241825969778476 0.9999999999243421
vn 0.0000012057153070597456 -0.000012241825969778476 0.9999999999243421
vn 0.0000012057153070597456 -0.000012241825969778476 0.9999999999243421
vn 0.0000035708401353103476 -0.00001177138528784851 0.9999999999243419
vn 0.0000035708401353103476 -0.00001177138528784851 0.9999999999243419
vn 0.0000035708401353103476 -0.00001177138528784851 0.9999999999243419
vn 0.0000035707548701820652 -0.000011771363459975676 0.9999999999243425
vn 0.0000035707548701820652 -0.000011771363459975676 0.9999999999243425
vn 0.0000035707548701820652 -0.000011771363459975676 0.9999999999243425
vn 0.000005798585334121197 -0.000010848552846343912 0.9999999999243427
vn 0.000005798585334121197 -0.000010848552846343912 0.9999999999243427
vn 0.000005798585334121197 -0.000010848552846343912 0.9999999999243427
vn 0.000005798709480147975 -0.000010848559212806814 0.9999999999243419
vn 0.000005798709480147975 -0.000010848559212806814 0.9999999999243419
vn 0.000005798709480147975 -0.000010848559212806814 0.9999999999243419
vn 0.000007803782863766924 -0.00000950883258993507 0.9999999999243416
vn 0.000007803782863766924 -0.00000950883258993507 0.9999999999243416
vn 0.000007803782863766924 -0.00000950883258993507 0.9999999999243416
vn 0.00000780369373328616 -0.000009508845322860898 0.9999999999243421
vn 0.00000780369373328616 -0.000009508845322860898 0.9999999999243421
vn 0.00000780369373328616 -0.000009508845322860898 0.9999999999243421
vn 0.000009508687070782805 -0.000007803852894858962 0.9999999999243425
vn 0.000009508687070782805 -0.000007803852894858962 0.9999999999243425
vn 0.000009508687070782805 -0.000007803852894858962 0.9999999999243425
vn 0.000009508836227913874 -0.000007803800144166254 0.9999999999243414
vn 0.000009508836227913874 -0.000007803800144166254 0.9999999999243414
vn 0.000009508836227913874 -0.000007803800144166254 0.9999999999243414
vn 0.000010848692908527957 -0.000005798576239174172 0.9999999999243412
vn 0.000010848692908527957 -0.000005798576239174172 0.9999999999243412
vn 0.000010848692908527957 -0.000005798576239174172 0.9999999999243412
vn 0.000010848629243898842 -0.000005798614437951645 0.9999999999243416
vn 0.000010848629243898842 -0.000005798614437951645 0.9999999999243416
vn 0.000010848629243898842 -0.000005798614437951645 0.9999999999243416
vn 0.000011771375283406789 -0.0000035709206255914477 0.9999999999243416
vn 0.000011771375283406789 -0.0000035709206255914477 0.9999999999243416
vn 0.000011771375283406789 -0.0000035709206255914477 0.9999999999243416
vn 0.000011771488970244492 -0.0000035708189895585292 0.9999999999243407
vn 0.000011771488970244492 -0.0000035708189895585292 0.9999999999243407
vn 0.000011771488970244492 -0.0000035708189895585292 0.9999999999243407
vn 0.000012241987859835357 -0.0000012054857733344009 0.9999999999243403
vn 0.000012241987859835357 -0.0000012054857733344009 0.9999999999243403
vn 0.000012241987859835357 -0.0000012054857733344009 0.9999999999243403
vn 0.000012241700459509656 -0.0000012058709443405763 0.9999999999243434
vn 0.000012241700459509656 -0.0000012058709443405763 0.9999999999243434
vn 0.000012241700459509656 -0.0000012058709443405763 0.9999999999243434
vn 0.000012241700459509663 0.0000012054574653118145 0.9999999999243439
vn 0.000012241700459509663 0.0000012054574653118145 0.9999999999243439
vn 0.000012241700459509663 0.0000012054574653118145 0.9999999999243439
vn 0.000012241906914806911 0.0000012058912942845236 0.9999999999243407
vn 0.000012241906914806911 0.0000012058912942845236 0.9999999999243407
vn 0.000012241906914806911 0.0000012058912942845236 0.9999999999243407
vn 0.00001177146350439284 0.0000035709472283114686 0.9999999999243405
vn 0.00001177146350439284 0.0000035709472283114686 0.9999999999243405
vn 0.00001177146350439284 0.0000035709472283114686 0.9999999999243405
vn 0.000011771428943594187 0.000003570813987337672 0.9999999999243414
vn 0.000011771428943594187 0.000003570813987337672 0.9999999999243414
vn 0.000011771428943594187 0.000003570813987337672 0.9999999999243414
vn 0.00001084865470975049 0.0000057985880626052965 0.9999999999243416
vn 0.00001084865470975049 0.0000057985880626052965 0.9999999999243416
vn 0.00001084865470975049 0.0000057985880626052965 0.9999999999243416
vn 0.000010848657438234593 0.000005798629899361573 0.9999999999243414
vn 0.000010848657438234593 0.000005798629899361573 0.9999999999243414
vn 0.000010848657438234593 0.000005798629899361573 0.9999999999243414
vn 0.000009508781658231772 0.000007803881998689407 0.9999999999243414
vn 0.000009508781658231772 0.000007803881998689407 0.9999999999243414
vn 0.000009508781658231772 0.000007803881998689407 0.9999999999243414
vn 0.000009508801667115218 0.000007803737389031844 0.9999999999243423
vn 0.000009508801667115218 0.000007803737389031844 0.9999999999243423
vn 0.000009508801667115218 0.000007803737389031844 0.9999999999243423
vn 0.000007803748302968263 0.000009508790753178797 0.9999999999243423
vn 0.000007803748302968263 0.000009508790753178797 0.9999999999243423
vn 0.000007803748302968263 0.000009508790753178797 0.9999999999243423
vn 0.000014625735273068254 -0.000009772483279755472 0.9999999998452933
vn 0.000014625735273068254 -0.000009772483279755472 0.9999999998452933
vn 0.000014625735273068254 -0.000009772483279755472 0.9999999998452933
vn 0 0 1
vn 0 0 1
vn 0 0 1
vn 0 0 1
vn 0 0 1
vn 0 0 1
vn 0 0 1
vn 0 0 1
vn 0 0 1
vn 0 0 1
vn 0 0 1
vn 0 0 1
vn 0 0 1
vn 0 0 1
vn 0 0 1
vn 0 0 1
vn 0 0 1
vn 0 0 1
vn 0.09801719548440889 0.9951846813545718 0.0002817562259775908
vn 0.09801719548440889 0.9951846813545718 0.0002817562259775908
vn 0.09801719548440889 0.9951846813545718 0.0002817562259775908
vn 0.09801719548440889 0.9951846813545718 0.0002817562259775908
vn 0.09801719548440889 0.9951846813545718 0.0002817562259775908
vn 0.09801719548440889 0.9951846813545718 0.0002817562259775908
vn 0.290282511208713 0.9569406296345419 0.0008336911956499204
vn 0.290282511208713 0.9569406296345419 0.0008336911956499204
vn 0.290282511208713 0.9569406296345419 0.0008336911956499204
vn 0.29028413388062135 0.9569401371904543 0.0008339371031464779
vn 0.29028413388062135 0.9569401371904543 0.0008339371031464779
vn 0.29028413388062135 0.9569401371904543 0.0008339371031464779
vn 0.47139843833556444 0.8819193157021774 0.0013538560463733683
vn 0.47139843833556444 0.8819193157021774 0.0013538560463733683
vn 0.47139843833556444 0.8819193157021774 0.0013538560463733683
vn 0.47139843833556444 0.8819193157021774 0.0013538560463733683
vn 0.47139843833556444 0.8819193157021774 0.0013538560463733683
vn 0.47139843833556444 0.8819193157021774 0.0013538560463733683
vn 0.6343895242058025 0.7730113918952735 0.001821970929318367
vn 0.6343895242058025 0.7730113918952735 0.001821970929318367
vn 0.6343895242058025 0.7730113918952735 0.001821970929318367
vn 0.6343894593650246 0.7730114451196257 0.001821966141251968
vn 0.6343894593650246 0.7730114451196257 0.001821966141251968
vn 0.6343894593650246 0.7730114451196257 0.001821966141251968
vn 0.7730059563444395 0.6343948791629074 0.0022200783541545107
vn 0.7730059563444395 0.6343948791629074 0.0022200783541545107
vn 0.7730059563444395 0.6343948791629074 0.0022200783541545107
vn 0.7730059563444395 0.6343948791629074 0.0022200783541545107
vn 0.7730059563444395 0.6343948791629074 0.0022200783541545107
vn 0.7730059563444395 0.6343948791629074 0.0022200783541545107
vn 0.881921765573798 0.47138899424987935 0.0025328851695515875
vn 0.881921765573798 0.47138899424987935 0.0025328851695515875
vn 0.881921765573798 0.47138899424987935 0.0025328851695515875
vn 0.881921765573798 0.47138899424987935 0.0025328851695515875
vn 0.881921765573798 0.47138899424987935 0.0025328851695515875
vn 0.881921765573798 0.47138899424987935 0.0025328851695515875
vn 0.95693695396419 0.2902828152434985 0.002748328955296435
vn 0.95693695396419 0.2902828152434985 0.002748328955296435
vn 0.95693695396419 0.2902828152434985 0.002748328955296435
vn 0.95693695396419 0.2902828152434985 0.002748328955296435
vn 0.95693695396419 0.2902828152434985 0.002748328955296435
vn 0.95693695396419 0.2902828152434985 0.002748328955296435
vn 0.9951793245037741 0.09803031670254508 0.002858161543792807
vn 0.9951793245037741 0.09803031670254508 0.002858161543792807
vn 0.9951793245037741 0.09803031670254508 0.002858161543792807
vn 0.9951793245037741 0.09803031670254508 0.002858161543792807
vn 0.9951793245037741 0.09803031670254508 0.002858161543792807
vn 0.9951793245037741 0.09803031670254508 0.002858161543792807
vn 0.9951793245037741 -0.09803031670254508 0.002858161543792807
vn 0.9951793245037741 -0.09803031670254508 0.002858161543792807
vn 0.9951793245037741 -0.09803031670254508 0.002858161543792807
vn 0.9951793245037741 -0.09803031670254508 0.002858161543792807
vn 0.9951793245037741 -0.09803031670254508 0.002858161543792807
vn 0.9951793245037741 -0.09803031670254508 0.002858161543792807
vn 0.956937243989457 -0.29028185914304583 0.002748330096479468
vn 0.956937243989457 -0.29028185914304583 0.002748330096479468
vn 0.956937243989457 -0.29028185914304583 0.002748330096479468
vn 0.956937243989457 -0.29028185914304583 0.002748330096479468
vn 0.956937243989457 -0.29028185914304583 0.002748330096479468
vn 0.956937243989457 -0.29028185914304583 0.002748330096479468
vn 0.881921765573798 -0.47138899424987935 0.0025328851695515875
vn 0.881921765573798 -0.47138899424987935 0.0025328851695515875
vn 0.881921765573798 -0.47138899424987935 0.0025328851695515875
vn 0.881921765573798 -0.47138899424987935 0.0025328851695515875
vn 0.881921765573798 -0.47138899424987935 0.0025328851695515875
vn 0.881921765573798 -0.47138899424987935 0.0025328851695515875
vn 0.7730045329655789 -0.6343966135512439 0.002220074183687841
vn 0.7730045329655789 -0.6343966135512439 0.002220074183687841
vn 0.7730045329655789 -0.6343966135512439 0.002220074183687841
vn 0.7730045329655789 -0.6343966135512439 0.002220074183687841
vn 0.7730045329655789 -0.6343966135512439 0.002220074183687841
vn 0.7730045329655789 -0.6343966135512439 0.002220074183687841
vn 0.6343915892102145 -0.7730096971838595 0.0018219766893181005
vn 0.6343915892102145 -0.7730096971838595 0.0018219766893181005
vn 0.6343915892102145 -0.7730096971838595 0.0018219766893181005
vn 0.6343915892102145 -0.7730096971838595 0.0018219766893181005
vn 0.6343915892102145 -0.7730096971838595 0.0018219766893181005
vn 0.6343915892102145 -0.7730096971838595 0.0018219766893181005
vn 0.4713984383334098 -0.8819193156981463 0.00135385942241148
vn 0.4713984383334098 -0.8819193156981463 0.00135385942241148
vn 0.4713984383334098 -0.8819193156981463 0.00135385942241148
vn 0.4713984383334098 -0.8819193156981463 0.00135385942241148
vn 0.4713984383334098 -0.8819193156981463 0.00135385942241148
vn 0.4713984383334098 -0.8819193156981463 0.00135385942241148
vn 0.29028090503429516 -0.9569411168591404 0.0008336887017701215
vn 0.29028090503429516 -0.9569411168591404 0.0008336887017701215
vn 0.29028090503429516 -0.9569411168591404 0.0008336887017701215
vn 0.29028090503429516 -0.9569411168591404 0.0008336887017701215
vn 0.29028090503429516 -0.9569411168591404 0.0008336887017701215
vn 0.29028090503429516 -0.9569411168591404 0.0008336887017701215
vn 0.0980171880984578 -0.9951846820107675 0.0002820077996794154
vn 0.0980171880984578 -0.9951846820107675 0.0002820077996794154
vn 0.0980171880984578 -0.9951846820107675 0.0002820077996794154
vn 0.09802065579616297 -0.995184340605324 0.00028151596176574574
vn 0.09802065579616297 -0.995184340605324 0.00028151596176574574
vn 0.09802065579616297 -0.995184340605324 0.00028151596176574574
vn -0.098017195491335 -0.9951846814248937 -0.0002815053218697206
vn -0.098017195491335 -0.9951846814248937 -0.0002815053218697206
vn -0.098017195491335 -0.9951846814248937 -0.0002815053218697206
vn -0.0980206558099977 -0.9951843407457854 -0.0002810141535714284
vn -0.0980206558099977 -0.9951843407457854 -0.0002810141535714284
vn -0.0980206558099977 -0.9951843407457854 -0.0002810141535714284
vn -0.2902809050348023 -0.9569411168608122 -0.0008336866062958091
vn -0.2902809050348023 -0.9569411168608122 -0.0008336866062958091
vn -0.2902809050348023 -0.9569411168608122 -0.0008336866062958091
vn -0.2902809050348023 -0.9569411168608122 -0.0008336866062958091
vn -0.2902809050348023 -0.9569411168608122 -0.0008336866062958091
vn -0.2902809050348023 -0.9569411168608122 -0.0008336866062958091
vn -0.47140116718010716 -0.8819178570784174 -0.0013538638945448875
vn -0.47140116718010716 -0.8819178570784174 -0.0013538638945448875
vn -0.47140116718010716 -0.8819178570784174 -0.0013538638945448875
vn -0.47140116718010716 -0.8819178570784174 -0.0013538638945448875
vn -0.47140116718010716 -0.8819178570784174 -0.0013538638945448875
vn -0.47140116718010716 -0.8819178570784174 -0.0013538638945448875
vn -0.6343894593650246 -0.7730114451196257 -0.001821966141251968
vn -0.6343894593650246 -0.7730114451196257 -0.001821966141251968
vn -0.6343894593650246 -0.7730114451196257 -0.001821966141251968
vn -0.6343894593650246 -0.7730114451196257 -0.001821966141251968
vn -0.6343894593650246 -0.7730114451196257 -0.001821966141251968
vn -0.6343894593650246 -0.7730114451196257 -0.001821966141251968
vn -0.7730059509996633 -0.6343948747765265 -0.0022231905859722125
vn -0.7730059509996633 -0.6343948747765265 -0.0022231905859722125
vn -0.7730059509996633 -0.6343948747765265 -0.0022231905859722125
vn -0.7730196869946024 -0.6343781479690882 -0.002220112176580989
vn -0.7730196869946024 -0.6343781479690882 -0.002220112176580989
vn -0.7730196869946024 -0.6343781479690882 -0.002220112176580989
vn -0.8819217655883608 -0.47138899425766323 -0.002532878650335409
vn -0.8819217655883608 -0.47138899425766323 -0.002532878650335409
vn -0.8819217655883608 -0.47138899425766323 -0.002532878650335409
vn -0.8819101045781056 -0.471410791247788 -0.0025364026039516796
vn -0.8819101045781056 -0.471410791247788 -0.0025364026039516796
vn -0.8819101045781056 -0.471410791247788 -0.0025364026039516796
vn -0.9569372440078273 -0.2902818591486183 -0.0027483231116129866
vn -0.9569372440078273 -0.2902818591486183 -0.0027483231116129866
vn -0.9569372440078273 -0.2902818591486183 -0.0027483231116129866
vn -0.9569372440078273 -0.2902818591486183 -0.0027483231116129866
vn -0.9569372440078273 -0.2902818591486183 -0.0027483231116129866
vn -0.9569372440078273 -0.2902818591486183 -0.0027483231116129866
vn -0.9951820551396161 -0.0980025919905707 -0.0028581622101818437
vn -0.9951820551396161 -0.0980025919905707 -0.0028581622101818437
vn -0.9951820551396161 -0.0980025919905707 -0.0028581622101818437
vn -0.9951820551396161 -0.0980025919905707 -0.0028581622101818437
vn -0.9951820551396161 -0.0980025919905707 -0.0028581622101818437
vn -0.9951820551396161 -0.0980025919905707 -0.0028581622101818437
vn -0.9951820551396161 0.0980025919905707 -0.0028581622101818437
vn -0.9951820551396161 0.0980025919905707 -0.0028581622101818437
vn -0.9951820551396161 0.0980025919905707 -0.0028581622101818437
vn -0.9951820551396161 0.0980025919905707 -0.0028581622101818437
vn -0.9951820551396161 0.0980025919905707 -0.0028581622101818437
vn -0.9951820551396161 0.0980025919905707 -0.0028581622101818437
vn -0.9569369457033883 0.290282842539941 -0.002748322179482763
vn -0.9569369457033883 0.290282842539941 -0.002748322179482763
vn -0.9569369457033883 0.290282842539941 -0.002748322179482763
vn -0.9569369457033883 0.290282842539941 -0.002748322179482763
vn -0.9569369457033883 0.290282842539941 -0.002748322179482763
vn -0.9569369457033883 0.290282842539941 -0.002748322179482763
vn -0.8819101257762535 0.4714107707182166 -0.0025328450741676266
vn -0.8819101257762535 0.4714107707182166 -0.0025328450741676266
vn -0.8819101257762535 0.4714107707182166 -0.0025328450741676266
vn -0.8819101257762535 0.4714107707182166 -0.0025328450741676266
vn -0.8819101257762535 0.4714107707182166 -0.0025328450741676266
vn -0.8819101257762535 0.4714107707182166 -0.0025328450741676266
vn -0.7730196816396462 0.6343781435745466 -0.002223230229222511
vn -0.7730196816396462 0.6343781435745466 -0.002223230229222511
vn -0.7730196816396462 0.6343781435745466 -0.002223230229222511
vn -0.7730059563540291 0.6343948791707775 -0.0022200727662466477
vn -0.7730059563540291 0.6343948791707775 -0.0022200727662466477
vn -0.7730059563540291 0.6343948791707775 -0.0022200727662466477
vn -0.6343894593650246 0.7730114451196257 -0.001821966141251968
vn -0.6343894593650246 0.7730114451196257 -0.001821966141251968
vn -0.6343894593650246 0.7730114451196257 -0.001821966141251968
vn -0.6344032081124434 0.7730001555631768 -0.0018245645903410893
vn -0.6344032081124434 0.7730001555631768 -0.0018245645903410893
vn -0.6344032081124434 0.7730001555631768 -0.0018245645903410893
vn -0.4713867979364593 0.8819255376139779 -0.0013538225541119742
vn -0.4713867979364593 0.8819255376139779 -0.0013538225541119742
vn -0.4713867979364593 0.8819255376139779 -0.0013538225541119742
vn -0.4713867979364593 0.8819255376139779 -0.0013538225541119742
vn -0.4713867979364593 0.8819255376139779 -0.0013538225541119742
vn -0.4713867979364593 0.8819255376139779 -0.0013538225541119742
vn -0.29028868999384244 0.9569387542770128 -0.0008348798821775268
vn -0.29028868999384244 0.9569387542770128 -0.0008348798821775268
vn -0.29028868999384244 0.9569387542770128 -0.0008348798821775268
vn -0.2902809050348023 0.9569411168608122 -0.0008336866062958091
vn -0.2902809050348023 0.9569411168608122 -0.0008336866062958091
vn -0.2902809050348023 0.9569411168608122 -0.0008336866062958091
vn -0.09801546612775341 0.9951848518232743 -0.00028124943860850256
vn -0.09801546612775341 0.9951848518232743 -0.00028124943860850256
vn -0.09801546612775341 0.9951848518232743 -0.00028124943860850256
vn -0.09801992682943664 0.9951844122934821 -0.0002819085467492921
vn -0.09801992682943664 0.9951844122934821 -0.0002819085467492921
vn -0.09801992682943664 0.9951844122934821 -0.0002819085467492921
vn 0 0 -1
vn 0 0 -1
vn 0 0 -1
vn 0 0 -1
vn 0 0 -1
vn 0 0 -1
vn 0 0 -1
vn 0 0 -1
vn 0 0 -1
vn 0 0 -1
vn 0 0 -1
vn 0 0 -1
vn 0 0 -1
vn 0 0 -1
vn 0 0 -1
vn 0 0 -1
vn 0 0 -1
vn 0 0 -1
vn 0 0 -1
vn 0 0 -1
vn 0 0 -1
vn 0 0 -1
vn 0 0 -1
vn 0 0 -1
vn 0 0 -1
vn 0 0 -1
vn 0 0 -1
vn 0 0 -1
vn 0 0 -1
vn 0 0 -1
vn 0 0 -1
vn 0 0 -1
vn 0 0 -1
vn 0 0 -1
vn 0 0 -1
vn 0 0 -1
vn 0 0 -1
vn 0 0 -1
vn 0 0 -1
vn 0 0 -1
vn 0 0 -1
vn 0 0 -1
vn 0 0 -1
vn 0 0 -1
vn 0 0 -1
vn 0 0 -1
vn 0 0 -1
vn 0 0 -1
vn 0 0 -1
vn 0 0 -1
vn 0 0 -1
vn 0 0 -1
vn 0 0 -1
vn 0 0 -1
vn 0 0 -1
vn 0 0 -1
vn 0 0 -1
vn 0 0 -1
vn 0 0 -1
vn 0 0 -1
vn 0 0 -1
vn 0 0 -1
vn 0 0 -1
vn 0 0 -1
vn 0 0 -1
vn 0 0 -1
vn 0 0 -1
vn 0 0 -1
vn 0 0 -1
vn 0 0 -1
vn 0 0 -1
vn 0 0 -1
vn 0 0 -1
vn 0 0 -1
vn 0 0 -1
vn 0 0 -1
vn 0 0 -1
vn 0 0 -1
vn 0 0 -1
vn 0 0 -1
vn 0 0 -1
vn 0 0 -1
vn 0 0 -1
vn 0 0 -1
vn 0 0 -1
vn 0 0 -1
vn 0 0 -1
vn 0 0 -1
vn 0 0 -1
vn 0 0 -1
vn 0 0 -1
vn 0 0 -1
vn 0 0 -1
vn 0 0 -1
vn 0 0 -1
vn 0 0 -1
vn 0 0 -1
vn 0 0 -1
vn 0 0 -1
vn 0 0 -1
vn 0 0 -1
vn 0 0 -1
vn 0 0 -1
vn 0 0 -1
vn 0 0 -1
vn 0 0 -1
vn 0 0 -1
vn 0 0 -1
vn 0 0 -1
vn 0 0 -1
vn 0 0 -1
vn 0 0 -1
vn 0 0 -1
vn 0 0 -1
vn -0.49999866537720755 -0.866026174327896 0
vn -0.49999866537720755 -0.866026174327896 0
vn -0.49999866537720755 -0.866026174327896 0
vn -0.49999866537720755 -0.866026174327896 0
vn -0.49999866537720755 -0.866026174327896 0
vn -0.49999866537720755 -0.866026174327896 0
vn -1 0 0
vn -1 0 0
vn -1 0 0
vn -1 0 0
vn -1 0 0
vn -1 0 0
vn -0.49999861721581196 0.8660262021335773 6.06906595884005e-7
vn -0.49999861721581196 0.8660262021335773 6.06906595884005e-7
vn -0.49999861721581196 0.8660262021335773 6.06906595884005e-7
vn -0.49999949770304647 0.8660256937855256 0
vn -0.49999949770304647 0.8660256937855256 0
vn -0.49999949770304647 0.8660256937855256 0
vn 0.4999977625377918 0.866026695579993 0
vn 0.4999977625377918 0.866026695579993 0
vn 0.4999977625377918 0.866026695579993 0
vn 0.49999861721581196 0.8660262021335773 6.06906595884005e-7
vn 0.49999861721581196 0.8660262021335773 6.06906595884005e-7
vn 0.49999861721581196 0.8660262021335773 6.06906595884005e-7
vn 1 0 0
vn 1 0 0
vn 1 0 0
vn 1 0 0
vn 1 0 0
vn 1 0 0
vn 0.49999949770304647 -0.8660256937855256 0
vn 0.49999949770304647 -0.8660256937855256 0
vn 0.49999949770304647 -0.8660256937855256 0
vn 0.49999949770304647 -0.8660256937855256 0
vn 0.49999949770304647 -0.8660256937855256 0
vn 0.49999949770304647 -0.8660256937855256 0
vn 0.0000032520774765765662 0.000005632783995560202 -0.999999999978848
vn 0.0000032520774765765662 0.000005632783995560202 -0.999999999978848
vn 0.0000032520774765765662 0.000005632783995560202 -0.999999999978848
vn 0.0000032520847525341795 -0.0000056327839955602015 -0.9999999999788478
vn 0.0000032520847525341795 -0.0000056327839955602015 -0.9999999999788478
vn 0.0000032520847525341795 -0.0000056327839955602015 -0.9999999999788478
vn -0.0000032520847525341795 0.0000056327839955602015 -0.9999999999788478
vn -0.0000032520847525341795 0.0000056327839955602015 -0.9999999999788478
vn -0.0000032520847525341795 0.0000056327839955602015 -0.9999999999788478
vn -0.0000032520847525341795 0.0000056327839955602015 -0.9999999999788478
vn -0.0000032520847525341795 0.0000056327839955602015 -0.9999999999788478
vn -0.0000032520847525341795 0.0000056327839955602015 -0.9999999999788478
vn 0.09801725177524472 0.9951847073135769 0.0001291650826278826
vn 0.09801725177524472 0.9951847073135769 0.0001291650826278826
vn 0.09801725177524472 0.9951847073135769 0.0001291650826278826
vn 0.09802002583413127 0.9951844340931912 0.0001291281967414757
vn 0.09802002583413127 0.9951844340931912 0.0001291281967414757
vn 0.09802002583413127 0.9951844340931912 0.0001291281967414757
vn 0.29028684632609825 0.9569396021795813 0.00038030308000177454
vn 0.29028684632609825 0.9569396021795813 0.00038030308000177454
vn 0.29028684632609825 0.9569396021795813 0.00038030308000177454
vn 0.29028684632609825 0.9569396021795813 0.00038030308000177454
vn 0.29028684632609825 0.9569396021795813 0.00038030308000177454
vn 0.29028684632609825 0.9569396021795813 0.00038030308000177454
vn 0.471407300492477 0.8819154021262662 0.0006168750778197576
vn 0.471407300492477 0.8819154021262662 0.0006168750778197576
vn 0.471407300492477 0.8819154021262662 0.0006168750778197576
vn 0.4713749640347789 0.8819326857194721 0.000617366058218209
vn 0.4713749640347789 0.8819326857194721 0.000617366058218209
vn 0.4713749640347789 0.8819326857194721 0.000617366058218209
vn 0.6343972036217715 0.7730067906604823 0.0008304394365990932
vn 0.6343972036217715 0.7730067906604823 0.0008304394365990932
vn 0.6343972036217715 0.7730067906604823 0.0008304394365990932
vn 0.6343972036217715 0.7730067906604823 0.0008304394365990932
vn 0.6343972036217715 0.7730067906604823 0.0008304394365990932
vn 0.6343972036217715 0.7730067906604823 0.0008304394365990932
vn 0.7729819553947693 0.6344272010670023 0.0010115237852954479
vn 0.7729819553947693 0.6344272010670023 0.0010115237852954479
vn 0.7729819553947693 0.6344272010670023 0.0010115237852954479
vn 0.7730181714762719 0.6343830743082166 0.0010107416763662513
vn 0.7730181714762719 0.6343830743082166 0.0010107416763662513
vn 0.7730181714762719 0.6343830743082166 0.0010107416763662513
vn 0.8819275357540612 0.47138359389877454 0.0011528581196725148
vn 0.8819275357540612 0.47138359389877454 0.0011528581196725148
vn 0.8819275357540612 0.47138359389877454 0.0011528581196725148
vn 0.8819264415828398 0.4713856409369314 0.0011528900675597394
vn 0.8819264415828398 0.4713856409369314 0.0011528900675597394
vn 0.8819264415828398 0.4713856409369314 0.0011528900675597394
vn 0.9569478413867449 0.2902572387156364 0.0012506951759812973
vn 0.9569478413867449 0.2902572387156364 0.0012506951759812973
vn 0.9569478413867449 0.2902572387156364 0.0012506951759812973
vn 0.9569262220627202 0.29032850127360665 0.0012517495719760643
vn 0.9569262220627202 0.29032850127360665 0.0012517495719760643
vn 0.9569262220627202 0.29032850127360665 0.0012517495719760643
vn 0.9951858245578595 0.09799734977362164 0.001301551550991779
vn 0.9951858245578595 0.09799734977362164 0.001301551550991779
vn 0.9951858245578595 0.09799734977362164 0.001301551550991779
vn 0.9951858245578595 0.09799734977362164 0.001301551550991779
vn 0.9951858245578595 0.09799734977362164 0.001301551550991779
vn 0.9951858245578595 0.09799734977362164 0.001301551550991779
vn 0.9951857785132142 -0.09799782049546485 0.0013013159441181141
vn 0.9951857785132142 -0.09799782049546485 0.0013013159441181141
vn 0.9951857785132142 -0.09799782049546485 0.0013013159441181141
vn 0.9951858248539872 -0.09799734980278176 0.0013013229116932493
vn 0.9951858248539872 -0.09799734980278176 0.0013013229116932493
vn 0.9951858248539872 -0.09799734980278176 0.0013013229116932493
vn 0.9569474332425066 -0.29025858257674036 0.0012510999639279781
vn 0.9569474332425066 -0.29025858257674036 0.0012510999639279781
vn 0.9569474332425066 -0.29025858257674036 0.0012510999639279781
vn 0.9569258081301214 -0.29032987318161857 0.0012499891437983014
vn 0.9569258081301214 -0.29032987318161857 0.0012499891437983014
vn 0.9569258081301214 -0.29032987318161857 0.0012499891437983014
vn 0.8818940987854393 -0.4714461496335136 0.001151747868380926
vn 0.8818940987854393 -0.4714461496335136 0.001151747868380926
vn 0.8818940987854393 -0.4714461496335136 0.001151747868380926
vn 0.8819264416867615 -0.47138564099247704 0.0011527878550402055
vn 0.8819264416867615 -0.47138564099247704 0.0011527878550402055
vn 0.8819264416867615 -0.47138564099247704 0.0011527878550402055
vn 0.7730181719142943 -0.6343830746676828 0.001010180904340563
vn 0.7730181719142943 -0.6343830746676828 0.001010180904340563
vn 0.7730181719142943 -0.6343830746676828 0.001010180904340563
vn 0.7730201326399779 -0.6343806853712517 0.0010102282772374142
vn 0.7730201326399779 -0.6343806853712517 0.0010102282772374142
vn 0.7730201326399779 -0.6343806853712517 0.0010102282772374142
vn 0.6343972044845809 -0.7730067917118071 0.0008288000771774311
vn 0.6343972044845809 -0.7730067917118071 0.0008288000771774311
vn 0.6343972044845809 -0.7730067917118071 0.0008288000771774311
vn 0.6343972044845809 -0.7730067917118071 0.0008288000771774311
vn 0.6343972044845809 -0.7730067917118071 0.0008288000771774311
vn 0.6343972044845809 -0.7730067917118071 0.0008288000771774311
vn 0.47140353773637184 -0.8819174143472068 0.0006155329155502151
vn 0.47140353773637184 -0.8819174143472068 0.0006155329155502151
vn 0.47140353773637184 -0.8819174143472068 0.0006155329155502151
vn 0.47137498789525817 -0.8819326746024081 0.0006150247054867962
vn 0.47137498789525817 -0.8819326746024081 0.0006150247054867962
vn 0.47137498789525817 -0.8819326746024081 0.0006150247054867962
vn 0.29028684654214226 -0.9569396028917773 0.00037834104550365117
vn 0.29028684654214226 -0.9569396028917773 0.00037834104550365117
vn 0.29028684654214226 -0.9569396028917773 0.00037834104550365117
vn 0.29028684654214226 -0.9569396028917773 0.00037834104550365117
vn 0.29028684654214226 -0.9569396028917773 0.00037834104550365117
vn 0.29028684654214226 -0.9569396028917773 0.00037834104550365117
vn 0.09801243107414946 -0.9951851823686763 0.00012707777025757706
vn 0.09801243107414946 -0.9951851823686763 0.00012707777025757706
vn 0.09801243107414946 -0.9951851823686763 0.00012707777025757706
vn 0.09802002585837219 -0.995184434339306 0.00012719858368547937
vn 0.09802002585837219 -0.995184434339306 0.00012719858368547937
vn 0.09802002585837219 -0.995184434339306 0.00012719858368547937
vn -0.09802003321261392 -0.9951844333611892 -0.00012916875283471946
vn -0.09802003321261392 -0.9951844333611892 -0.00012916875283471946
vn -0.09802003321261392 -0.9951844333611892 -0.00012916875283471946
vn -0.09801243104942076 -0.9951851821175893 -0.00012904791034426414
vn -0.09801243104942076 -0.9951851821175893 -0.00012904791034426414
vn -0.09801243104942076 -0.9951851821175893 -0.00012904791034426414
vn -0.2902823718629693 -0.9569409595221192 -0.0003802295292307266
vn -0.2902823718629693 -0.9569409595221192 -0.0003802295292307266
vn -0.2902823718629693 -0.9569409595221192 -0.0003802295292307266
vn -0.29028684632609825 -0.9569396021795813 -0.00038030308000177454
vn -0.29028684632609825 -0.9569396021795813 -0.00038030308000177454
vn -0.29028684632609825 -0.9569396021795813 -0.00038030308000177454
vn -0.471407300492477 -0.8819154021262662 -0.0006168750778197576
vn -0.471407300492477 -0.8819154021262662 -0.0006168750778197576
vn -0.471407300492477 -0.8819154021262662 -0.0006168750778197576
vn -0.47141108678981186 -0.8819133781918106 -0.0006169424259195876
vn -0.47141108678981186 -0.8819133781918106 -0.0006169424259195876
vn -0.47141108678981186 -0.8819133781918106 -0.0006169424259195876
vn -0.6343532342586798 -0.773042874459038 -0.000829719025059914
vn -0.6343532342586798 -0.773042874459038 -0.000829719025059914
vn -0.6343532342586798 -0.773042874459038 -0.000829719025059914
vn -0.6343942891804782 -0.7730091823842308 -0.0008305449169788603
vn -0.6343942891804782 -0.7730091823842308 -0.0008305449169788603
vn -0.6343942891804782 -0.7730091823842308 -0.0008305449169788603
vn -0.7730201075312246 -0.6343807136803826 -0.0010116633740258505
vn -0.7730201075312246 -0.6343807136803826 -0.0010116633740258505
vn -0.7730201075312246 -0.6343807136803826 -0.0010116633740258505
vn -0.7730201075312246 -0.6343807136803826 -0.0010116633740258505
vn -0.7730201075312246 -0.6343807136803826 -0.0010116633740258505
vn -0.7730201075312246 -0.6343807136803826 -0.0010116633740258505
vn -0.8819253596707487 -0.4713876626692146 -0.0011538859888527596
vn -0.8819253596707487 -0.4713876626692146 -0.0011538859888527596
vn -0.8819253596707487 -0.4713876626692146 -0.0011538859888527596
vn -0.8818940976341099 -0.47144614901803167 -0.0011528808207713324
vn -0.8818940976341099 -0.47144614901803167 -0.0011528808207713324
vn -0.8818940976341099 -0.47144614901803167 -0.0011528808207713324
vn -0.9569474337034939 -0.2902585827165657 -0.001250714862650959
vn -0.9569474337034939 -0.2902585827165657 -0.001250714862650959
vn -0.9569474337034939 -0.2902585827165657 -0.001250714862650959
vn -0.9569478496159015 -0.29025721140934624 -0.0012507359320985635
vn -0.9569478496159015 -0.29025721140934624 -0.0012507359320985635
vn -0.9569478496159015 -0.29025721140934624 -0.0012507359320985635
vn -0.9951782313834658 -0.09807444449838862 -0.0013004294710653621
vn -0.9951782313834658 -0.09807444449838862 -0.0013004294710653621
vn -0.9951782313834658 -0.09807444449838862 -0.0013004294710653621
vn -0.9951858252669898 -0.0979973423928703 -0.001301565056096182
vn -0.9951858252669898 -0.0979973423928703 -0.001301565056096182
vn -0.9951858252669898 -0.0979973423928703 -0.001301565056096182
vn -0.9951857785316074 0.09799782049727605 -0.0013013017414731007
vn -0.9951857785316074 0.09799782049727605 -0.0013013017414731007
vn -0.9951857785316074 0.09799782049727605 -0.0013013017414731007
vn -0.9951858256169431 0.0979973424273307 -0.0013012948565990891
vn -0.9951858256169431 0.0979973424273307 -0.0013012948565990891
vn -0.9951858256169431 0.0979973424273307 -0.0013012948565990891
vn -0.956926222972608 0.29032850154966383 -0.001250989730363612
vn -0.956926222972608 0.29032850154966383 -0.001250989730363612
vn -0.956926222972608 0.29032850154966383 -0.001250989730363612
vn -0.9569478505735316 0.2902572116998104 -0.0012499355780231092
vn -0.9569478505735316 0.2902572116998104 -0.0012499355780231092
vn -0.9569478505735316 0.2902572116998104 -0.0012499355780231092
vn -0.8819264560808793 0.47138561682765834 -0.0011516564718736732
vn -0.8819264560808793 0.47138561682765834 -0.0011516564718736732
vn -0.8819264560808793 0.47138561682765834 -0.0011516564718736732
vn -0.8818940979076118 0.4714461491642414 -0.0011526117853243208
vn -0.8818940979076118 0.4714461491642414 -0.0011526117853243208
vn -0.8818940979076118 0.4714461491642414 -0.0011526117853243208
vn -0.7730201328152363 0.6343806855150779 -0.0010100038287304592
vn -0.7730201328152363 0.6343806855150779 -0.0010100038287304592
vn -0.7730201328152363 0.6343806855150779 -0.0010100038287304592
vn -0.7730181720195579 0.6343830747540682 -0.0010100460955370686
vn -0.7730181720195579 0.6343830747540682 -0.0010100460955370686
vn -0.7730181720195579 0.6343830747540682 -0.0010100460955370686
vn -0.6343972045996401 0.7730067918520056 -0.0008285812165241255
vn -0.6343972045996401 0.7730067918520056 -0.0008285812165241255
vn -0.6343972045996401 0.7730067918520056 -0.0008285812165241255
vn -0.6343972045996401 0.7730067918520056 -0.0008285812165241255
vn -0.6343972045996401 0.7730067918520056 -0.0008285812165241255
vn -0.6343972045996401 0.7730067918520056 -0.0008285812165241255
vn -0.4714110872687958 0.8819133790878914 -0.0006152932870691025
vn -0.4714110872687958 0.8819133790878914 -0.0006152932870691025
vn -0.4714110872687958 0.8819133790878914 -0.0006152932870691025
vn -0.47140353777259686 0.8819174144149777 -0.0006154080601652293
vn -0.47140353777259686 0.8819174144149777 -0.0006154080601652293
vn -0.47140353777259686 0.8819174144149777 -0.0006154080601652293
vn -0.2902913044351419 0.9569382505303881 -0.00037847217112805826
vn -0.2902913044351419 0.9569382505303881 -0.00037847217112805826
vn -0.2902913044351419 0.9569382505303881 -0.00037847217112805826
vn -0.2902868465209447 0.9569396028218989 -0.0003785340038769456
vn -0.2902868465209447 0.9569396028218989 -0.0003785340038769456
vn -0.2902868465209447 0.9569396028218989 -0.0003785340038769456
vn -0.09801243107276812 0.9951851823546506 -0.00012718862674443123
vn -0.09801243107276812 0.9951851823546506 -0.00012718862674443123
vn -0.09801243107276812 0.9951851823546506 -0.00012718862674443123
vn -0.09802206514770738 0.9951842334963957 -0.0001270604977475444
vn -0.09802206514770738 0.9951842334963957 -0.0001270604977475444
vn -0.09802206514770738 0.9951842334963957 -0.0001270604977475444
vn 0 0 1
vn 0 0 1
vn 0 0 1
vn 0 0 1
vn 0 0 1
vn 0 0 1
vn 0 0 1
vn 0 0 1
vn 0 0 1
vn 0 0 1
vn 0 0 1
vn 0 0 1
vn 0 0 1
vn 0 0 1
vn 0 0 1
vn 0 0 1
vn 0 0 1
vn 0 0 1
vn 0 0 1
vn 0 0 1
vn 0 0 1
vn 0 0 1
vn 0 0 1
vn 0 0 1
vn 0 0 1
vn 0 0 1
vn 0 0 1
vn 0 0 1
vn 0 0 1
vn 0 0 1
vn 0 0 1
vn 0 0 1
vn 0 0 1
vn 0 0 1
vn 0 0 1
vn 0 0 1
vn 0 0 1
vn 0 0 1
vn 0 0 1
vn 0 0 1
vn 0 0 1
vn 0 0 1
vn 0 0 1
vn 0 0 1
vn 0 0 1
vn 0 0 1
vn 0 0 1
vn 0 0 1
vn 0 0 1
vn 0 0 1
vn 0 0 1
vn 0 0 1
vn 0 0 1
vn 0 0 1
vn 0 0 1
vn 0 0 1
vn 0 0 1
vn 0 0 1
vn 0 0 1
vn 0 0 1
vn 0 0 1
vn 0 0 1
vn 0 0 1
vn 0 0 1
vn 0 0 1
vn 0 0 1
vn 0 0 1
vn 0 0 1
vn 0 0 1
vn 0 0 1
vn 0 0 1
vn 0 0 1
vn 0 0 1
vn 0 0 1
vn 0 0 1
vn 0 0 1
vn 0 0 1
vn 0 0 1
vn 0 0 1
vn 0 0 1
vn 0 0 1
vn 0 0 1
vn 0 0 1
vn 0 0 1
vn 0 0 1
vn 0 0 1
vn 0 0 1
vn 0 0 1
vn 0 0 1
vn 0 0 1
vn 0 0 1
vn 0 0 1
vn 0 0 1
vn 0.00001310727838978975 -0.00000979345622777931 0.9999999998661437
vn 0.00001310727838978975 -0.00000979345622777931 0.9999999998661437
vn 0.00001310727838978975 -0.00000979345622777931 0.9999999998661437
vn 9.645998488382659e-7 -0.000009793456228616015 0.999999999951579
vn 9.645998488382659e-7 -0.000009793456228616015 0.999999999951579
vn 9.645998488382659e-7 -0.000009793456228616015 0.999999999951579
vn 9.645988256567264e-7 -0.000009793455319121313 0.999999999951579
vn 9.645988256567264e-7 -0.000009793455319121313 0.999999999951579
vn 9.645988256567264e-7 -0.000009793455319121313 0.999999999951579
vn 0.00000285667215380082 -0.0000094171082305353 0.9999999999515787
vn 0.00000285667215380082 -0.0000094171082305353 0.9999999999515787
vn 0.00000285667215380082 -0.0000094171082305353 0.9999999999515787
vn 0.000002856603714324516 -0.000009417090950135972 0.9999999999515792
vn 0.000002856603714324516 -0.000009417090950135972 0.9999999999515792
vn 0.000002856603714324516 -0.000009417090950135972 0.9999999999515792
vn 0.000004638700374701367 -0.000008678911398908844 0.9999999999515796
vn 0.000004638700374701367 -0.000008678911398908844 0.9999999999515796
vn 0.000004638700374701367 -0.000008678911398908844 0.9999999999515796
vn 0.000004638894551820181 -0.000008678922312845256 0.9999999999515785
vn 0.000004638894551820181 -0.000008678922312845256 0.9999999999515785
vn 0.000004638894551820181 -0.000008678922312845256 0.9999999999515785
vn 0.00000624303765986735 -0.000007607080533121006 0.9999999999515785
vn 0.00000624303765986735 -0.000007607080533121006 0.9999999999515785
vn 0.00000624303765986735 -0.000007607080533121006 0.9999999999515785
vn 0.00000624313906852659 -0.000007607066435953124 0.9999999999515778
vn 0.00000624313906852659 -0.000007607066435953124 0.9999999999515778
vn 0.00000624313906852659 -0.000007607066435953124 0.9999999999515778
vn 0.000007607296992860009 -0.000006242945346155119 0.9999999999515774
vn 0.000007607296992860009 -0.000006242945346155119 0.9999999999515774
vn 0.000007607296992860009 -0.000006242945346155119 0.9999999999515774
vn 0.000007607080987868357 -0.00000624302174371007 0.9999999999515785
vn 0.000007607080987868357 -0.00000624302174371007 0.9999999999515785
vn 0.000007607080987868357 -0.00000624302174371007 0.9999999999515785
vn 0.000008678954145159816 -0.000004638860900516217 0.9999999999515785
vn 0.000008678954145159816 -0.000004638860900516217 0.9999999999515785
vn 0.000008678954145159816 -0.000004638860900516217 0.9999999999515785
vn 0.000008678903213456522 -0.000004638891823336077 0.9999999999515787
vn 0.000008678903213456522 -0.000004638891823336077 0.9999999999515787
vn 0.000008678903213456522 -0.000004638891823336077 0.9999999999515787
vn 0.000009416953616436011 -0.000002857089611868915 0.9999999999515792
vn 0.000009416953616436011 -0.000002857089611868915 0.9999999999515792
vn 0.000009416953616436011 -0.000002857089611868915 0.9999999999515792
vn 0.000009417374712482885 -0.000002856711034699312 0.9999999999515763
vn 0.000009417374712482885 -0.000002856711034699312 0.9999999999515763
vn 0.000009417374712482885 -0.000002856711034699312 0.9999999999515763
vn 0.00000979378455620331 -9.644077180825227e-7 0.9999999999515758
vn 0.00000979378455620331 -9.644077180825227e-7 0.9999999999515758
vn 0.00000979378455620331 -9.644077180825227e-7 0.9999999999515758
vn 0.000009793552635054388 -9.647191063310289e-7 0.9999999999515778
vn 0.000009793552635054388 -9.647191063310289e-7 0.9999999999515778
vn 0.000009793552635054388 -9.647191063310289e-7 0.9999999999515778
vn 0.000009793551725559691 9.64384867028144e-7 0.9999999999515783
vn 0.000009793551725559691 9.64384867028144e-7 0.9999999999515783
vn 0.000009793551725559691 9.64384867028144e-7 0.9999999999515783
vn 0.000009793717253595385 9.647319529436893e-7 0.9999999999515763
vn 0.000009793717253595385 9.647319529436893e-7 0.9999999999515763
vn 0.000009793717253595385 9.647319529436893e-7 0.9999999999515763
vn 0.000009417275577560391 0.0000028571728306341137 0.9999999999515758
vn 0.000009417275577560391 0.0000028571728306341137 0.9999999999515758
vn 0.000009417275577560391 0.0000028571728306341137 0.9999999999515758
vn 0.000009417143700828666 0.0000028566512354226795 0.9999999999515785
vn 0.000009417143700828666 0.0000028566512354226795 0.9999999999515785
vn 0.000009417143700828666 0.0000028566512354226795 0.9999999999515785
vn 0.000008678932317286977 0.000004638849531832447 0.9999999999515787
vn 0.000008678932317286977 0.000004638849531832447 0.9999999999515787
vn 0.000008678932317286977 0.000004638849531832447 0.9999999999515787
vn 0.00000867893595526578 0.000004638909103735408 0.9999999999515783
vn 0.00000867893595526578 0.000004638909103735408 0.9999999999515783
vn 0.00000867893595526578 0.000004638909103735408 0.9999999999515783
vn 0.000007607185125011705 0.000006242892595462425 0.9999999999515785
vn 0.000007607185125011705 0.000006242892595462425 0.9999999999515785
vn 0.000007607185125011705 0.000006242892595462425 0.9999999999515785
vn 0.000007607157840170646 0.000006243084953591835 0.9999999999515776
vn 0.000007607157840170646 0.000006243084953591835 0.9999999999515776
vn 0.000007607157840170646 0.000006243084953591835 0.9999999999515776
vn 0.000006243076768139521 0.000007607128281592842 0.9999999999515778
vn 0.000006243076768139521 0.000007607128281592842 0.9999999999515778
vn 0.000006243076768139521 0.000007607128281592842 0.9999999999515778
vn 0.000011700862158910351 -0.000007818170160270559 0.999999999900983
vn 0.000011700862158910351 -0.000007818170160270559 0.999999999900983
vn 0.000011700862158910351 -0.000007818170160270559 0.999999999900983
vn 0 0 1
vn 0 0 1
vn 0 0 1
vn 0 0 1
vn 0 0 1
vn 0 0 1
vn 0 0 1
vn 0 0 1
vn 0 0 1
vn 0 0 1
vn 0 0 1
vn 0 0 1
vn 0 0 1
vn 0 0 1
vn 0 0 1
vn 0 0 1
vn 0 0 1
vn 0 0 1
vn 0.09801992671222348 0.9951844111034311 0.0002861189393125462
vn 0.09801992671222348 0.9951844111034311 0.0002861189393125462
vn 0.09801992671222348 0.9951844111034311 0.0002861189393125462
vn 0.09801992671222348 0.9951844111034311 0.0002861189393125462
vn 0.09801992671222348 0.9951844111034311 0.0002861189393125462
vn 0.09801992671222348 0.9951844111034311 0.0002861189393125462
vn 0.2902825243776066 0.9569406134422573 0.0008475763802643486
vn 0.2902825243776066 0.9569406134422573 0.0008475763802643486
vn 0.2902825243776066 0.9569406134422573 0.0008475763802643486
vn 0.29028092899799685 0.9569410976115247 0.0008473264484853852
vn 0.29028092899799685 0.9569410976115247 0.0008473264484853852
vn 0.29028092899799685 0.9569410976115247 0.0008473264484853852
vn 0.4713881241379341 0.8819247944759541 0.0013759761138832003
vn 0.4713881241379341 0.8819247944759541 0.0013759761138832003
vn 0.4713881241379341 0.8819247944759541 0.0013759761138832003
vn 0.4713894876226322 0.8819240653341778 0.001376206128886988
vn 0.4713894876226322 0.8819240653341778 0.001376206128886988
vn 0.4713894876226322 0.8819240653341778 0.001376206128886988
vn 0.6344032347891554 0.773000068858612 0.0018518190075620896
vn 0.6344032347891554 0.773000068858612 0.0018518190075620896
vn 0.6344032347891554 0.773000068858612 0.0018518190075620896
vn 0.6344031699482069 0.7730001220829883 0.0018518151505717275
vn 0.6344031699482069 0.7730001220829883 0.0018518151505717275
vn 0.6344031699482069 0.7730001220829883 0.0018518151505717275
vn 0.7730058987436513 0.6343948212027991 0.002256399474469263
vn 0.7730058987436513 0.6343948212027991 0.002256399474469263
vn 0.7730058987436513 0.6343948212027991 0.002256399474469263
vn 0.7730058987436513 0.6343948212027991 0.002256399474469263
vn 0.7730058987436513 0.6343948212027991 0.002256399474469263
vn 0.7730058987436513 0.6343948212027991 0.002256399474469263
vn 0.8819216705403602 0.47138894756727706 0.0025743237394634734
vn 0.8819216705403602 0.47138894756727706 0.0025743237394634734
vn 0.8819216705403602 0.47138894756727706 0.0025743237394634734
vn 0.8819216705403602 0.47138894756727706 0.0025743237394634734
vn 0.8819216705403602 0.47138894756727706 0.0025743237394634734
vn 0.8819216705403602 0.47138894756727706 0.0025743237394634734
vn 0.9569368329763063 0.29028278490164705 0.0027932925054453277
vn 0.9569368329763063 0.29028278490164705 0.0027932925054453277
vn 0.9569368329763063 0.29028278490164705 0.0027932925054453277
vn 0.9569368329763063 0.29028278490164705 0.0027932925054453277
vn 0.9569368329763063 0.29028278490164705 0.0027932925054453277
vn 0.9569368329763063 0.29028278490164705 0.0027932925054453277
vn 0.9951791899924967 0.0980303077446395 0.0029049215771442673
vn 0.9951791899924967 0.0980303077446395 0.0029049215771442673
vn 0.9951791899924967 0.0980303077446395 0.0029049215771442673
vn 0.9951791899924967 0.0980303077446395 0.0029049215771442673
vn 0.9951791899924967 0.0980303077446395 0.0029049215771442673
vn 0.9951791899924967 0.0980303077446395 0.0029049215771442673
vn 0.9951791565561295 -0.0980306471776847 0.0029049217123743682
vn 0.9951791565561295 -0.0980306471776847 0.0029049217123743682
vn 0.9951791565561295 -0.0980306471776847 0.0029049217123743682
vn 0.9951791565561295 -0.0980306471776847 0.0029049217123743682
vn 0.9951791565561295 -0.0980306471776847 0.0029049217123743682
vn 0.9951791565561295 -0.0980306471776847 0.0029049217123743682
vn 0.956937131280685 -0.29028180151029875 0.0027932934375885913
vn 0.956937131280685 -0.29028180151029875 0.0027932934375885913
vn 0.956937131280685 -0.29028180151029875 0.0027932934375885913
vn 0.956937131280685 -0.29028180151029875 0.0027932934375885913
vn 0.956937131280685 -0.29028180151029875 0.0027932934375885913
vn 0.956937131280685 -0.29028180151029875 0.0027932934375885913
vn 0.8819216705403602 -0.47138894756727706 0.0025743237394634734
vn 0.8819216705403602 -0.47138894756727706 0.0025743237394634734
vn 0.8819216705403602 -0.47138894756727706 0.0025743237394634734
vn 0.8819216705403602 -0.47138894756727706 0.0025743237394634734
vn 0.8819216705403602 -0.47138894756727706 0.0025743237394634734
vn 0.8819216705403602 -0.47138894756727706 0.0025743237394634734
vn 0.7730058987436513 -0.6343948212027991 0.002256399474469263
vn 0.7730058987436513 -0.6343948212027991 0.002256399474469263
vn 0.7730058987436513 -0.6343948212027991 0.002256399474469263
vn 0.7730058987436513 -0.6343948212027991 0.002256399474469263
vn 0.7730058987436513 -0.6343948212027991 0.002256399474469263
vn 0.7730058987436513 -0.6343948212027991 0.002256399474469263
vn 0.6344031699436936 -0.7730001220774891 0.0018518189922641787
vn 0.6344031699436936 -0.7730001220774891 0.0018518189922641787
vn 0.6344031699436936 -0.7730001220774891 0.0018518189922641787
vn 0.6344031699436936 -0.7730001220774891 0.0018518189922641787
vn 0.6344031699436936 -0.7730001220774891 0.0018518189922641787
vn 0.6344031699436936 -0.7730001220774891 0.0018518189922641787
vn 0.4713895125468196 -0.8819240523602718 0.001375983033475535
vn 0.4713895125468196 -0.8819240523602718 0.001375983033475535
vn 0.4713895125468196 -0.8819240523602718 0.001375983033475535
vn 0.4713895125468196 -0.8819240523602718 0.001375983033475535
vn 0.4713895125468196 -0.8819240523602718 0.001375983033475535
vn 0.4713895125468196 -0.8819240523602718 0.001375983033475535
vn 0.29028090170649345 -0.9569411058886969 0.0008473281438365608
vn 0.29028090170649345 -0.9569411058886969 0.0008473281438365608
vn 0.29028090170649345 -0.9569411058886969 0.0008473281438365608
vn 0.29028090170649345 -0.9569411058886969 0.0008473281438365608
vn 0.29028090170649345 -0.9569411058886969 0.0008473281438365608
vn 0.29028090170649345 -0.9569411058886969 0.0008473281438365608
vn 0.09801991195421503 -0.9951844125568423 0.00028611952180701073
vn 0.09801991195421503 -0.9951844125568423 0.00028611952180701073
vn 0.09801991195421503 -0.9951844125568423 0.00028611952180701073
vn 0.09801991195421503 -0.9951844125568423 0.00028611952180701073
vn 0.09801991195421503 -0.9951844125568423 0.00028611952180701073
vn 0.09801991195421503 -0.9951844125568423 0.00028611952180701073
vn -0.09801446556703919 -0.9951849488685884 -0.00028650485648133906
vn -0.09801446556703919 -0.9951849488685884 -0.00028650485648133906
vn -0.09801446556703919 -0.9951849488685884 -0.00028650485648133906
vn -0.098017187984198 -0.9951846808506688 -0.0002861115559465506
vn -0.098017187984198 -0.9951846808506688 -0.0002861115559465506
vn -0.098017187984198 -0.9951846808506688 -0.0002861115559465506
vn -0.29028413073161113 -0.9569401268095417 -0.000846845399773129
vn -0.29028413073161113 -0.9569401268095417 -0.000846845399773129
vn -0.29028413073161113 -0.9569401268095417 -0.000846845399773129
vn -0.2902731327095168 -0.9569434614884036 -0.0008484937215153277
vn -0.2902731327095168 -0.9569434614884036 -0.0008484937215153277
vn -0.2902731327095168 -0.9569434614884036 -0.0008484937215153277
vn -0.4714100659997356 -0.8819130661168326 -0.0013760401637721326
vn -0.4714100659997356 -0.8819130661168326 -0.0013760401637721326
vn -0.4714100659997356 -0.8819130661168326 -0.0013760401637721326
vn -0.47141277033811924 -0.881911621250915 -0.0013755961333446773
vn -0.47141277033811924 -0.881911621250915 -0.0013755961333446773
vn -0.47141277033811924 -0.881911621250915 -0.0013755961333446773
vn -0.6343778318333284 -0.77302091662115 -0.0018517409760866624
vn -0.6343778318333284 -0.77302091662115 -0.0018517409760866624
vn -0.6343778318333284 -0.77302091662115 -0.0018517409760866624
vn -0.6343778318333284 -0.77302091662115 -0.0018517409760866624
vn -0.6343778318333284 -0.77302091662115 -0.0018517409760866624
vn -0.6343778318333284 -0.77302091662115 -0.0018517409760866624
vn -0.7730044643021646 -0.6343965465121633 -0.002262728963980144
vn -0.7730044643021646 -0.6343965465121633 -0.002262728963980144
vn -0.7730044643021646 -0.6343965465121633 -0.002262728963980144
vn -0.7730319603490021 -0.634363063724257 -0.002256470995439045
vn -0.7730319603490021 -0.634363063724257 -0.002256470995439045
vn -0.7730319603490021 -0.634363063724257 -0.002256470995439045
vn -0.8819216581623253 -0.4713889707535146 -0.0025743185810578545
vn -0.8819216581623253 -0.4713889707535146 -0.0025743185810578545
vn -0.8819216581623253 -0.4713889707535146 -0.0025743185810578545
vn -0.8818983607077389 -0.4714325162030612 -0.0025814816391900247
vn -0.8818983607077389 -0.4714325162030612 -0.0025814816391900247
vn -0.8818983607077389 -0.4714325162030612 -0.0025814816391900247
vn -0.9569371230170894 -0.2902818288059029 -0.002793287825531826
vn -0.9569371230170894 -0.2902818288059029 -0.002793287825531826
vn -0.9569371230170894 -0.2902818288059029 -0.002793287825531826
vn -0.9569371230170894 -0.2902818288059029 -0.002793287825531826
vn -0.9569371230170894 -0.2902818288059029 -0.002793287825531826
vn -0.9569371230170894 -0.2902818288059029 -0.002793287825531826
vn -0.9951846533720744 -0.09797482872737802 -0.0029049317625896
vn -0.9951846533720744 -0.09797482872737802 -0.0029049317625896
vn -0.9951846533720744 -0.09797482872737802 -0.0029049317625896
vn -0.9951846533720744 -0.09797482872737802 -0.0029049317625896
vn -0.9951846533720744 -0.09797482872737802 -0.0029049317625896
vn -0.9951846533720744 -0.09797482872737802 -0.0029049317625896
vn -0.9951846533720744 0.09797482872737802 -0.0029049317625896
vn -0.9951846533720744 0.09797482872737802 -0.0029049317625896
vn -0.9951846533720744 0.09797482872737802 -0.0029049317625896
vn -0.9951846533720744 0.09797482872737802 -0.0029049317625896
vn -0.9951846533720744 0.09797482872737802 -0.0029049317625896
vn -0.9951846533720744 0.09797482872737802 -0.0029049317625896
vn -0.9569371230170894 0.2902818288059029 -0.002793287825531826
vn -0.9569371230170894 0.2902818288059029 -0.002793287825531826
vn -0.9569371230170894 0.2902818288059029 -0.002793287825531826
vn -0.9569371230170894 0.2902818288059029 -0.002793287825531826
vn -0.9569371230170894 0.2902818288059029 -0.002793287825531826
vn -0.9569371230170894 0.2902818288059029 -0.002793287825531826
vn -0.8818983903943033 0.4714325002098854 -0.0025742505304189797
vn -0.8818983903943033 0.4714325002098854 -0.0025742505304189797
vn -0.8818983903943033 0.4714325002098854 -0.0025742505304189797
vn -0.8818983903943033 0.4714325002098854 -0.0025742505304189797
vn -0.8818983903943033 0.4714325002098854 -0.0025742505304189797
vn -0.8818983903943033 0.4714325002098854 -0.0025742505304189797
vn -0.7730319492773391 0.6343630546386636 -0.002262809311727283
vn -0.7730319492773391 0.6343630546386636 -0.002262809311727283
vn -0.7730319492773391 0.6343630546386636 -0.002262809311727283
vn -0.77300447537304 0.634396555597913 -0.0022563906477489214
vn -0.77300447537304 0.634396555597913 -0.0022563906477489214
vn -0.77300447537304 0.634396555597913 -0.0022563906477489214
vn -0.6343757019515924 0.7730226645131625 -0.0018517349688594368
vn -0.6343757019515924 0.7730226645131625 -0.0018517349688594368
vn -0.6343757019515924 0.7730226645131625 -0.0018517349688594368
vn -0.6344031638285794 0.7730001146264166 -0.0018570169184901274
vn -0.6344031638285794 0.7730001146264166 -0.0018570169184901274
vn -0.6344031638285794 0.7730001146264166 -0.0018570169184901274
vn -0.4713881242844853 0.8819247947501383 -0.0013757501521747166
vn -0.4713881242844853 0.8819247947501383 -0.0013757501521747166
vn -0.4713881242844853 0.8819247947501383 -0.0013757501521747166
vn -0.47138948776920847 0.8819240656084077 -0.0013759801671822055
vn -0.47138948776920847 0.8819240656084077 -0.0013759801671822055
vn -0.47138948776920847 0.8819240656084077 -0.0013759801671822055
vn -0.29029484886196166 0.9569368728675985 -0.0008497473696149475
vn -0.29029484886196166 0.9569368728675985 -0.0008497473696149475
vn -0.29029484886196166 0.9569368728675985 -0.0008497473696149475
vn -0.29027771670809677 0.956942072255153 -0.0008470718667463466
vn -0.29027771670809677 0.956942072255153 -0.0008470718667463466
vn -0.29027771670809677 0.956942072255153 -0.0008470718667463466
vn -0.09801446557831552 0.995184948983082 -0.00028610301993081786
vn -0.09801446557831552 0.995184948983082 -0.00028610301993081786
vn -0.09801446557831552 0.995184948983082 -0.00028610301993081786
vn -0.09801992668965089 0.9951844108742544 -0.0002869226706199369
vn -0.09801992668965089 0.9951844108742544 -0.0002869226706199369
vn -0.09801992668965089 0.9951844108742544 -0.0002869226706199369
vn 0 0 -1
vn 0 0 -1
vn 0 0 -1
vn 0 0 -1
vn 0 0 -1
vn 0 0 -1
vn 0 0 -1
vn 0 0 -1
vn 0 0 -1
vn 0 0 -1
vn 0 0 -1
vn 0 0 -1
vn 0 0 -1
vn 0 0 -1
vn 0 0 -1
vn 0 0 -1
vn 0 0 -1
vn 0 0 -1
vn 0 0 -1
vn 0 0 -1
vn 0 0 -1
vn 0 0 -1
vn 0 0 -1
vn 0 0 -1
vn 0 0 -1
vn 0 0 -1
vn 0 0 -1
vn 0 0 -1
vn 0 0 -1
vn 0 0 -1
vn 0 0 -1
vn 0 0 -1
vn 0 0 -1
vn 0 0 -1
vn 0 0 -1
vn 0 0 -1
vn 0 0 -1
vn 0 0 -1
vn 0 0 -1
vn 0 0 -1
vn 0 0 -1
vn 0 0 -1
vn 0 0 -1
vn 0 0 -1
vn 0 0 -1
vn 0 0 -1
vn 0 0 -1
vn 0 0 -1
vn 0 0 -1
vn 0 0 -1
vn 0 0 -1
vn 0 0 -1
vn 0 0 -1
vn 0 0 -1
vn 0 0 -1
vn 0 0 -1
vn 0 0 -1
vn 0 0 -1
vn 0 0 -1
vn 0 0 -1
vn 0 0 -1
vn 0 0 -1
vn 0 0 -1
vn 0 0 -1
vn 0 0 -1
vn 0 0 -1
vn 0 0 -1
vn 0 0 -1
vn 0 0 -1
vn 0 0 -1
vn 0 0 -1
vn 0 0 -1
vn 0 0 -1
vn 0 0 -1
vn 0 0 -1
vn 0 0 -1
vn 0 0 -1
vn 0 0 -1
vn 0 0 -1
vn 0 0 -1
vn 0 0 -1
vn 0 0 -1
vn 0 0 -1
vn 0 0 -1
vn 0 0 -1
vn 0 0 -1
vn 0 0 -1
vn 0 0 -1
vn 0 0 -1
vn 0 0 -1
vn 0 0 -1
vn 0 0 -1
vn 0 0 -1
vn 0 0 -1
vn 0 0 -1
vn 0 0 -1
vn 0 0 -1
vn 0 0 -1
vn 0 0 -1
vn 0 0 -1
vn 0 0 -1
vn 0 0 -1
vn 0 0 -1
vn 0 0 -1
vn 0 0 -1
vn 0 0 -1
vn 0 0 -1
vn 0 0 -1
vn 0 0 -1
vn 0 0 -1
vn 0 0 -1
vn 0 0 -1
vn 0 0 -1
vn 0 0 -1
vn -0.499998617215904 -0.8660262021337367 0
vn -0.499998617215904 -0.8660262021337367 0
vn -0.499998617215904 -0.8660262021337367 0
vn -0.499998617215904 -0.8660262021337367 0
vn -0.499998617215904 -0.8660262021337367 0
vn -0.499998617215904 -0.8660262021337367 0
vn -1 0 0
vn -1 0 0
vn -1 0 0
vn -1 0 0
vn -1 0 0
vn -1 0 0
vn -0.499998617215904 0.8660262021337367 0
vn -0.499998617215904 0.8660262021337367 0
vn -0.499998617215904 0.8660262021337367 0
vn -0.499998617215904 0.8660262021337367 0
vn -0.499998617215904 0.8660262021337367 0
vn -0.499998617215904 0.8660262021337367 0
vn 0.499998617215904 0.8660262021337367 0
vn 0.499998617215904 0.8660262021337367 0
vn 0.499998617215904 0.8660262021337367 0
vn 0.499998617215904 0.8660262021337367 0
vn 0.499998617215904 0.8660262021337367 0
vn 0.499998617215904 0.8660262021337367 0
vn 1 0 0
vn 1 0 0
vn 1 0 0
vn 1 0 0
vn 1 0 0
vn 1 0 0
vn 0.499998617215904 -0.8660262021337367 0
vn 0.499998617215904 -0.8660262021337367 0
vn 0.499998617215904 -0.8660262021337367 0
vn 0.499998617215904 -0.8660262021337367 0
vn 0.499998617215904 -0.8660262021337367 0
vn 0.499998617215904 -0.8660262021337367 0
vn 0.000005336748926916478 0.000009243553903998939 -0.999999999943038
vn 0.000005336748926916478 0.000009243553903998939 -0.999999999943038
vn 0.000005336748926916478 0.000009243553903998939 -0.999999999943038
vn 0.000005336748926916478 -0.000009243542990062518 -0.999999999943038
vn 0.000005336748926916478 -0.000009243542990062518 -0.999999999943038
vn 0.000005336748926916478 -0.000009243542990062518 -0.999999999943038
vn -0.000005336752110147934 0.000009243548447030728 -0.999999999943038
vn -0.000005336752110147934 0.000009243548447030728 -0.999999999943038
vn -0.000005336752110147934 0.000009243548447030728 -0.999999999943038
vn -0.000005336742560453565 0.000009243542990062518 -0.999999999943038
vn -0.000005336742560453565 0.000009243542990062518 -0.999999999943038
vn -0.000005336742560453565 0.000009243542990062518 -0.999999999943038
vn 0 0 1
vn 0 0 1
vn 0 0 1
vn 0 0 1
vn 0 0 1
vn 0 0 1
vn 0 0 1
vn 0 0 1
vn 0 0 1
vn 0 0 1
vn 0 0 1
vn 0 0 1
vn 0.000013826170286023558 -0.000013826207575306323 0.9999999998088365
vn 0.000013826170286023558 -0.000013826207575306323 0.9999999998088365
vn 0.000013826170286023558 -0.000013826207575306323 0.9999999998088365
vn 0.0000033805554266770688 0.0000018068914186964366 0.9999999999926537
vn 0.0000033805554266770688 0.0000018068914186964366 0.9999999999926537
vn 0.0000033805554266770688 0.0000018068914186964366 0.9999999999926537
vn 0.000003668082172198748 0.0000011127357311043052 0.9999999999926537
vn 0.000003668082172198748 0.0000011127357311043052 0.9999999999926537
vn 0.000003668082172198748 0.0000011127357311043052 0.9999999999926537
vn 0.000003814697720344327 3.7563864907221233e-7 0.9999999999926537
vn 0.000003814697720344327 3.7563864907221233e-7 0.9999999999926537
vn 0.000003814697720344327 3.7563864907221233e-7 0.9999999999926537
vn 0.0000038146965834759487 -3.7578772093817363e-7 0.9999999999926534
vn 0.0000038146965834759487 -3.7578772093817363e-7 0.9999999999926534
vn 0.0000038146965834759487 -3.7578772093817363e-7 0.9999999999926534
vn 0.0000036681321944073443 -0.0000011126073786645181 0.9999999999926534
vn 0.0000036681321944073443 -0.0000011126073786645181 0.9999999999926534
vn 0.0000036681321944073443 -0.0000011126073786645181 0.9999999999926534
vn 0.0000033805001748739356 -0.0000018070110172497185 0.9999999999926534
vn 0.0000033805001748739356 -0.0000018070110172497185 0.9999999999926534
vn 0.0000033805001748739356 -0.0000018070110172497185 0.9999999999926534
vn 0.0000029630937205875534 -0.0000024317000679551324 0.9999999999926534
vn 0.0000029630937205875534 -0.0000024317000679551324 0.9999999999926534
vn 0.0000029630937205875534 -0.0000024317000679551324 0.9999999999926534
vn 0.000002431741449964063 -0.000002963053248073325 0.9999999999926534
vn 0.000002431741449964063 -0.000002963053248073325 0.9999999999926534
vn 0.000002431741449964063 -0.000002963053248073325 0.9999999999926534
vn 0.0000018069148381850067 -0.0000033805506518298836 0.9999999999926534
vn 0.0000018069148381850067 -0.0000033805506518298836 0.9999999999926534
vn 0.0000018069148381850067 -0.0000033805506518298836 0.9999999999926534
vn 0.000001112714471665651 -0.0000036680976336086773 0.9999999999926534
vn 0.000001112714471665651 -0.0000036680976336086773 0.9999999999926534
vn 0.000001112714471665651 -0.0000036680976336086773 0.9999999999926534
vn 3.757113518049347e-7 -0.000003814697265596975 0.9999999999926534
vn 3.757113518049347e-7 -0.000003814697265596975 0.9999999999926534
vn 3.757113518049347e-7 -0.000003814697265596975 0.9999999999926534
vn 0.000019177688951430373 -0.000003814697264895753 0.9999999998088323
vn 0.000019177688951430373 -0.000003814697264895753 0.9999999998088323
vn 0.000019177688951430373 -0.000003814697264895753 0.9999999998088323
vn 0 0 1
vn 0 0 1
vn 0 0 1
vn 0 0 1
vn 0 0 1
vn 0 0 1
vn 0 0 1
vn 0 0 1
vn 0 0 1
vn 0 0 1
vn 0 0 1
vn 0 0 1
vn 0 0 1
vn 0 0 1
vn 0 0 1
vn 0 0 1
vn 0 0 1
vn 0 0 1
vn 0 0 1
vn 0 0 1
vn 0 0 1
vn 0 0 1
vn 0 0 1
vn 0 0 1
vn 0 0 1
vn 0 0 1
vn 0 0 1
vn 0 0 1
vn 0 0 1
vn 0 0 1
vn 0 0 1
vn 0 0 1
vn 0 0 1
vn 0 0 1
vn 0 0 1
vn 0 0 1
vn 0 0 1
vn 0 0 1
vn 0 0 1
vn 0 0 1
vn 0 0 1
vn 0 0 1
vn 0 0 1
vn 0 0 1
vn 0 0 1
vn 0.09801623471574959 0.9951848041810496 0.0001525099107446131
vn 0.09801623471574959 0.9951848041810496 0.0001525099107446131
vn 0.09801623471574959 0.9951848041810496 0.0001525099107446131
vn 0.09801623471574959 0.9951848041810496 0.0001525099107446131
vn 0.09801623471574959 0.9951848041810496 0.0001525099107446131
vn 0.09801623471574959 0.9951848041810496 0.0001525099107446131
vn 0.2902913124864308 0.9569382174666216 0.0004492735364017815
vn 0.2902913124864308 0.9569382174666216 0.0004492735364017815
vn 0.2902913124864308 0.9569382174666216 0.0004492735364017815
vn 0.2902846363421323 0.9569402426267866 0.00044938302435673736
vn 0.2902846363421323 0.9569402426267866 0.00044938302435673736
vn 0.2902846363421323 0.9569402426267866 0.00044938302435673736
vn 0.47139111008667384 0.8819239707060073 0.0007288521132125863
vn 0.47139111008667384 0.8819239707060073 0.0007288521132125863
vn 0.47139111008667384 0.8819239707060073 0.0007288521132125863
vn 0.4713948732839979 0.8819219593110194 0.0007287843138178663
vn 0.4713948732839979 0.8819219593110194 0.0007287843138178663
vn 0.4713948732839979 0.8819219593110194 0.0007287843138178663
vn 0.6343971047930204 0.7730066962846802 0.0009802700024138
vn 0.6343971047930204 0.7730066962846802 0.0009802700024138
vn 0.6343971047930204 0.7730066962846802 0.0009802700024138
vn 0.6343941611400619 0.7730091120188605 0.0009803301535556191
vn 0.6343941611400619 0.7730091120188605 0.0009803301535556191
vn 0.6343941611400619 0.7730091120188605 0.0009803301535556191
vn 0.7730008866991215 0.6344038171918179 0.001194108379642385
vn 0.7730008866991215 0.6344038171918179 0.001194108379642385
vn 0.7730008866991215 0.6344038171918179 0.001194108379642385
vn 0.7730008866987992 0.6344038171915534 0.0011941087288878482
vn 0.7730008866987992 0.6344038171915534 0.0011941087288878482
vn 0.7730008866987992 0.6344038171915534 0.0011941087288878482
vn 0.8819262194668926 0.47138549858291495 0.0013620361856900279
vn 0.8819262194668926 0.47138549858291495 0.0013620361856900279
vn 0.8819262194668926 0.47138549858291495 0.0013620361856900279
vn 0.8819262194668926 0.47138549858291495 0.0013620361856900279
vn 0.8819262194668926 0.47138549858291495 0.0013620361856900279
vn 0.8819262194668926 0.47138549858291495 0.0013620361856900279
vn 0.9569367464653373 0.29029274879653055 0.0014775860344958278
vn 0.9569367464653373 0.29029274879653055 0.0014775860344958278
vn 0.9569367464653373 0.29029274879653055 0.0014775860344958278
vn 0.9569367464653373 0.29029274879653055 0.0014775860344958278
vn 0.9569367464653373 0.29029274879653055 0.0014775860344958278
vn 0.9569367464653373 0.29029274879653055 0.0014775860344958278
vn 0.995185493884284 0.09799730772436527 0.001536372698943264
vn 0.995185493884284 0.09799730772436527 0.001536372698943264
vn 0.995185493884284 0.09799730772436527 0.001536372698943264
vn 0.9951854467953746 0.09799778579397125 0.0015363808673377504
vn 0.9951854467953746 0.09799778579397125 0.0015363808673377504
vn 0.9951854467953746 0.09799778579397125 0.0015363808673377504
vn 0.9951816981027897 -0.09803585144117428 0.0015360968238278172
vn 0.9951816981027897 -0.09803585144117428 0.0015360968238278172
vn 0.9951816981027897 -0.09803585144117428 0.0015360968238278172
vn 0.9951854932806211 -0.09799730766492175 0.001536767462367188
vn 0.9951854932806211 -0.09799730766492175 0.001536767462367188
vn 0.9951854932806211 -0.09799730766492175 0.001536767462367188
vn 0.9569471457484734 -0.29025846656113513 0.0014774415143974423
vn 0.9569471457484734 -0.29025846656113513 0.0014774415143974423
vn 0.9569471457484734 -0.29025846656113513 0.0014774415143974423
vn 0.9569367525846618 -0.2902927325714245 0.001476810393055748
vn 0.9569367525846618 -0.2902927325714245 0.001476810393055748
vn 0.9569367525846618 -0.2902927325714245 0.001476810393055748
vn 0.8819100301087849 -0.47141579009229995 0.0013607516947067276
vn 0.8819100301087849 -0.47141579009229995 0.0013607516947067276
vn 0.8819100301087849 -0.47141579009229995 0.0013607516947067276
vn 0.8819262202720322 -0.47138549901325827 0.001361365751108959
vn 0.8819262202720322 -0.47138549901325827 0.001361365751108959
vn 0.8819262202720322 -0.47138549901325827 0.001361365751108959
vn 0.7730160659917072 -0.6343853234278279 0.0011929535089660254
vn 0.7730160659917072 -0.6343853234278279 0.0011929535089660254
vn 0.7730160659917072 -0.6343853234278279 0.0011929535089660254
vn 0.7730008881646088 -0.6344038183945472 0.0011925196620253097
vn 0.7730008881646088 -0.6344038183945472 0.0011925196620253097
vn 0.7730008881646088 -0.6344038183945472 0.0011925196620253097
vn 0.6343971059556819 -0.773006697701372 0.000978398627863379
vn 0.6343971059556819 -0.773006697701372 0.000978398627863379
vn 0.6343971059556819 -0.773006697701372 0.000978398627863379
vn 0.6343971059556819 -0.773006697701372 0.000978398627863379
vn 0.6343971059556819 -0.773006697701372 0.000978398627863379
vn 0.6343971059556819 -0.773006697701372 0.000978398627863379
vn 0.47139111084443314 -0.8819239721236964 0.0007266432500714671
vn 0.47139111084443314 -0.8819239721236964 0.0007266432500714671
vn 0.47139111084443314 -0.8819239721236964 0.0007266432500714671
vn 0.47138732450911386 -0.8819259959867817 0.0007265637361866835
vn 0.47138732450911386 -0.8819259959867817 0.0007265637361866835
vn 0.47138732450911386 -0.8819259959867817 0.0007265637361866835
vn 0.2902868656199907 -0.9569395675382169 0.0004469097135361267
vn 0.2902868656199907 -0.9569395675382169 0.0004469097135361267
vn 0.2902868656199907 -0.9569395675382169 0.0004469097135361267
vn 0.2902868656199907 -0.9569395675382169 0.0004469097135361267
vn 0.2902868656199907 -0.9569395675382169 0.0004469097135361267
vn 0.2902868656199907 -0.9569395675382169 0.0004469097135361267
vn 0.09801622737309547 -0.9951848052768576 0.00015005868438376017
vn 0.09801622737309547 -0.9951848052768576 0.00015005868438376017
vn 0.09801622737309547 -0.9951848052768576 0.00015005868438376017
vn 0.09801622737309547 -0.9951848052768576 0.00015005868438376017
vn 0.09801622737309547 -0.9951848052768576 0.00015005868438376017
vn 0.09801622737309547 -0.9951848052768576 0.00015005868438376017
vn -0.09801622733612614 -0.9951848049014981 -0.0001525515002298184
vn -0.09801622733612614 -0.9951848049014981 -0.0001525515002298184
vn -0.09801622733612614 -0.9951848049014981 -0.0001525515002298184
vn -0.09801623471512848 -0.9951848041747431 -0.00015255145646266764
vn -0.09801623471512848 -0.9951848041747431 -0.00015255145646266764
vn -0.09801623471512848 -0.9951848041747431 -0.00015255145646266764
vn -0.2902824073952265 -0.9569409188066955 -0.00044929970972798163
vn -0.2902824073952265 -0.9569409188066955 -0.00044929970972798163
vn -0.2902824073952265 -0.9569409188066955 -0.00044929970972798163
vn -0.2902868380067947 -0.9569395747547389 -0.0004493865110773689
vn -0.2902868380067947 -0.9569395747547389 -0.0004493865110773689
vn -0.2902868380067947 -0.9569395747547389 -0.0004493865110773689
vn -0.4714072897457182 -0.8819153224164348 -0.0007288770214498288
vn -0.4714072897457182 -0.8819153224164348 -0.0007288770214498288
vn -0.4714072897457182 -0.8819153224164348 -0.0007288770214498288
vn -0.4713911101948432 -0.881923970908381 -0.00072853720993524
vn -0.4713911101948432 -0.881923970908381 -0.00072853720993524
vn -0.4713911101948432 -0.881923970908381 -0.00072853720993524
vn -0.6343751058073241 -0.773024750556576 -0.0009798769767535413
vn -0.6343751058073241 -0.773024750556576 -0.0009798769767535413
vn -0.6343751058073241 -0.773024750556576 -0.0009798769767535413
vn -0.6343971047126551 -0.7730066961867559 -0.00098039922329995
vn -0.6343971047126551 -0.7730066961867559 -0.00098039922329995
vn -0.6343971047126551 -0.7730066961867559 -0.00098039922329995
vn -0.7730180016354549 -0.6343829624627819 -0.001194187787872948
vn -0.7730180016354549 -0.6343829624627819 -0.001194187787872948
vn -0.7730180016354549 -0.6343829624627819 -0.001194187787872948
vn -0.7730180016354549 -0.6343829624627819 -0.001194187787872948
vn -0.7730180016354549 -0.6343829624627819 -0.001194187787872948
vn -0.7730180016354549 -0.6343829624627819 -0.001194187787872948
vn -0.8819089475834626 -0.47141781149632705 -0.0013620485465068444
vn -0.8819089475834626 -0.47141781149632705 -0.0013620485465068444
vn -0.8819089475834626 -0.47141781149632705 -0.0013620485465068444
vn -0.8819111094169203 -0.47141376696851184 -0.0013621305277075702
vn -0.8819111094169203 -0.47141376696851184 -0.0013621305277075702
vn -0.8819111094169203 -0.47141376696851184 -0.0013621305277075702
vn -0.9569471454194283 -0.29025846646133013 -0.0014776742281171677
vn -0.9569471454194283 -0.29025846646133013 -0.0014776742281171677
vn -0.9569471454194283 -0.29025846646133013 -0.0014776742281171677
vn -0.9569471454194283 -0.29025846646133013 -0.0014776742281171677
vn -0.9569471454194283 -0.29025846646133013 -0.0014776742281171677
vn -0.9569471454194283 -0.29025846646133013 -0.0014776742281171677
vn -0.9951816969261278 -0.09803585877584145 -0.0015363910035349408
vn -0.9951816969261278 -0.09803585877584145 -0.0015363910035349408
vn -0.9951816969261278 -0.09803585877584145 -0.0015363910035349408
vn -0.9951816969261278 -0.09803585877584145 -0.0015363910035349408
vn -0.9951816969261278 -0.09803585877584145 -0.0015363910035349408
vn -0.9951816969261278 -0.09803585877584145 -0.0015363910035349408
vn -0.9951854943228257 0.09799730776754909 -0.0015360858522673344
vn -0.9951854943228257 0.09799730776754909 -0.0015360858522673344
vn -0.9951854943228257 0.09799730776754909 -0.0015360858522673344
vn -0.9951817427653007 0.09803538803321851 -0.0015367367357904164
vn -0.9951817427653007 0.09803538803321851 -0.0015367367357904164
vn -0.9951817427653007 0.09803538803321851 -0.0015367367357904164
vn -0.9569363358311664 0.2902941036235306 -0.0014773514921975072
vn -0.9569363358311664 0.2902941036235306 -0.0014773514921975072
vn -0.9569363358311664 0.2902941036235306 -0.0014773514921975072
vn -0.9569471467555328 0.2902584668665935 -0.0014767290541834838
vn -0.9569471467555328 0.2902584668665935 -0.0014767290541834838
vn -0.9569471467555328 0.2902584668665935 -0.0014767290541834838
vn -0.8819262211685572 0.4713854994924468 -0.001360618831802728
vn -0.8819262211685572 0.4713854994924468 -0.001360618831802728
vn -0.8819262211685572 0.4713854994924468 -0.001360618831802728
vn -0.881910029591234 0.4714157898156485 -0.0013611828962619343
vn -0.881910029591234 0.4714157898156485 -0.0013611828962619343
vn -0.881910029591234 0.4714157898156485 -0.0013611828962619343
vn -0.7730008879819456 0.634403818244635 -0.0011927178006192127
vn -0.7730008879819456 0.634403818244635 -0.0011927178006192127
vn -0.7730008879819456 0.634403818244635 -0.0011927178006192127
vn -0.7730199642031395 0.6343805746779487 -0.0011922309559666635
vn -0.7730199642031395 0.6343805746779487 -0.0011922309559666635
vn -0.7730199642031395 0.6343805746779487 -0.0011922309559666635
vn -0.634397106196182 0.7730066979944189 -0.0009780110816177171
vn -0.634397106196182 0.7730066979944189 -0.0009780110816177171
vn -0.634397106196182 0.7730066979944189 -0.0009780110816177171
vn -0.6343751066841163 0.7730247516250008 -0.0009784654423055318
vn -0.6343751066841163 0.7730247516250008 -0.0009784654423055318
vn -0.6343751066841163 0.7730247516250008 -0.0009784654423055318
vn -0.4714110536572223 0.8819133123569196 -0.0007266205568817794
vn -0.4714110536572223 0.8819133123569196 -0.0007266205568817794
vn -0.4714110536572223 0.8819133123569196 -0.0007266205568817794
vn -0.4714072904966303 0.8819153238212516 -0.0007266882981627357
vn -0.4714072904966303 0.8819153238212516 -0.0007266882981627357
vn -0.4714072904966303 0.8819153238212516 -0.0007266882981627357
vn -0.2902935144589088 0.9569375506095675 -0.00044687409494474086
vn -0.2902935144589088 0.9569375506095675 -0.00044687409494474086
vn -0.2902935144589088 0.9569375506095675 -0.00044687409494474086
vn -0.29028463664955756 0.9569402436402317 -0.00044702014302100786
vn -0.29028463664955756 0.9569402436402317 -0.00044702014302100786
vn -0.29028463664955756 0.9569402436402317 -0.00044702014302100786
vn -0.09801623475148666 0.9951848045438974 -0.00015010018633653056
vn -0.09801623475148666 0.9951848045438974 -0.00015010018633653056
vn -0.09801623475148666 0.9951848045438974 -0.00015010018633653056
vn -0.09801965816280414 0.9951844673726356 -0.00015004629469062556
vn -0.09801965816280414 0.9951844673726356 -0.00015004629469062556
vn -0.09801965816280414 0.9951844673726356 -0.00015004629469062556
vn 0 0 1
vn 0 0 1
vn 0 0 1
vn 0 0 1
vn 0 0 1
vn 0 0 1
vn 0 0 1
vn 0 0 1
vn 0 0 1
vn 0 0 1
vn 0 0 1
vn 0 0 1
vn 0 0 1
vn 0 0 1
vn 0 0 1
vn 0 0 1
vn 0 0 1
vn 0 0 1
vn 0 0 1
vn 0 0 1
vn 0 0 1
vn 0 0 1
vn 0 0 1
vn 0 0 1
vn 0 0 1
vn 0 0 1
vn 0 0 1
vn 0 0 1
vn 0 0 1
vn 0 0 1
vn 0 0 1
vn 0 0 1
vn 0 0 1
vn 0 0 1
vn 0 0 1
vn 0 0 1
vn 0 0 1
vn 0 0 1
vn 0 0 1
vn 0 0 1
vn 0 0 1
vn 0 0 1
vn 0 0 1
vn 0 0 1
vn 0 0 1
vn 0 0 1
vn 0 0 1
vn 0 0 1
vn 0 0 1
vn 0 0 1
vn 0 0 1
vn 0 0 1
vn 0 0 1
vn 0 0 1
vn 0 0 1
vn 0 0 1
vn 0 0 1
vn 0 0 1
vn 0 0 1
vn 0 0 1
vn 0 0 1
vn 0 0 1
vn 0 0 1
vn 0 0 1
vn 0 0 1
vn 0 0 1
vn 0 0 1
vn 0 0 1
vn 0 0 1
vn 0 0 1
vn 0 0 1
vn 0 0 1
vn 0 0 1
vn 0 0 1
vn 0 0 1
vn 0 0 1
vn 0 0 1
vn 0 0 1
vn 0 0 1
vn 0 0 1
vn 0 0 1
vn 0 0 1
vn 0 0 1
vn 0 0 1
vn 0 0 1
vn 0 0 1
vn 0 0 1
vn 0 0 1
vn 0 0 1
vn 0 0 1
vn 0 0 1
vn 0 0 1
vn 0 0 1
vn 0.000012288388460010896 -0.000009181342646854606 0.9999999998823492
vn 0.000012288388460010896 -0.000009181342646854606 0.9999999998823492
vn 0.000012288388460010896 -0.000009181342646854606 0.9999999998823492
vn 9.042748274238756e-7 -0.000009181342647544065 0.9999999999574427
vn 9.042748274238756e-7 -0.000009181342647544065 0.9999999999574427
vn 9.042748274238756e-7 -0.000009181342647544065 0.9999999999574427
vn 9.043181421090455e-7 -0.000009181363565922203 0.9999999999574425
vn 9.043181421090455e-7 -0.000009181363565922203 0.9999999999574425
vn 9.043181421090455e-7 -0.000009181363565922203 0.9999999999574425
vn 0.000002678130158414827 -0.000008828538738804936 0.9999999999574423
vn 0.000002678130158414827 -0.000008828538738804936 0.9999999999574423
vn 0.000002678130158414827 -0.000008828538738804936 0.9999999999574423
vn 0.0000026780660390383557 -0.000008828522367900308 0.9999999999574427
vn 0.0000026780660390383557 -0.000008828522367900308 0.9999999999574427
vn 0.0000026780660390383557 -0.000008828522367900308 0.9999999999574427
vn 0.000004348902166199428 -0.00000813642964168983 0.9999999999574429
vn 0.000004348902166199428 -0.00000813642964168983 0.9999999999574429
vn 0.000004348902166199428 -0.00000813642964168983 0.9999999999574429
vn 0.000004349041318888791 -0.000008136436917647437 0.9999999999574423
vn 0.000004349041318888791 -0.000008136436917647437 0.9999999999574423
vn 0.000004349041318888791 -0.000008136436917647437 0.9999999999574423
vn 0.000005852848061955345 -0.000007131638085107888 0.999999999957442
vn 0.000005852848061955345 -0.000007131638085107888 0.999999999957442
vn 0.000005852848061955345 -0.000007131638085107888 0.999999999957442
vn 0.000005852753019759016 -0.000007131652182275768 0.9999999999574425
vn 0.000005852753019759016 -0.000007131652182275768 0.9999999999574425
vn 0.000005852753019759016 -0.000007131652182275768 0.9999999999574425
vn 0.000007131535312206597 -0.00000585286943508084 0.9999999999574427
vn 0.000007131535312206597 -0.00000585286943508084 0.9999999999574427
vn 0.000007131535312206597 -0.00000585286943508084 0.9999999999574427
vn 0.000007131638539855239 -0.000005852833055292766 0.999999999957442
vn 0.000007131638539855239 -0.000005852833055292766 0.999999999957442
vn 0.000007131638539855239 -0.000005852833055292766 0.999999999957442
vn 0.000008136519681665293 -0.000004348932179524582 0.999999999957442
vn 0.000008136519681665293 -0.000004348932179524582 0.999999999957442
vn 0.000008136519681665293 -0.000004348932179524582 0.999999999957442
vn 0.000008136486939856033 -0.00000434895173366067 0.9999999999574423
vn 0.000008136486939856033 -0.00000434895173366067 0.9999999999574423
vn 0.000008136486939856033 -0.00000434895173366067 0.9999999999574423
vn 0.000008828537829310234 -0.000002678192458801896 0.9999999999574423
vn 0.000008828537829310234 -0.000002678192458801896 0.9999999999574423
vn 0.000008828537829310234 -0.000002678192458801896 0.9999999999574423
vn 0.000008828615136359875 -0.0000026781235645782374 0.9999999999574416
vn 0.000008828615136359875 -0.0000026781235645782374 0.9999999999574416
vn 0.000008828615136359875 -0.0000026781235645782374 0.9999999999574416
vn 0.000009181490895180436 -9.041143584524372e-7 0.9999999999574414
vn 0.000009181490895180436 -9.041143584524372e-7 0.9999999999574414
vn 0.000009181490895180436 -9.041143584524372e-7 0.9999999999574414
vn 0.00000918127534493614 -9.044031798636583e-7 0.9999999999574432
vn 0.00000918127534493614 -9.044031798636583e-7 0.9999999999574432
vn 0.00000918127534493614 -9.044031798636583e-7 0.9999999999574432
vn 0.000009181275344936143 9.040974759570381e-7 0.9999999999574434
vn 0.000009181275344936143 9.040974759570381e-7 0.9999999999574434
vn 0.000009181275344936143 9.040974759570381e-7 0.9999999999574434
vn 0.000009181429959035424 9.04421653974786e-7 0.9999999999574418
vn 0.000009181429959035424 9.04421653974786e-7 0.9999999999574418
vn 0.000009181429959035424 9.04421653974786e-7 0.9999999999574418
vn 0.000008828597855960543 0.000002678210421322253 0.9999999999574416
vn 0.000008828597855960543 0.000002678210421322253 0.9999999999574416
vn 0.000008828597855960543 0.000002678210421322253 0.9999999999574416
vn 0.000008828569661624793 0.0000026780999177159934 0.999999999957442
vn 0.000008828569661624793 0.0000026780999177159934 0.999999999957442
vn 0.000008828569661624793 0.0000026780999177159934 0.999999999957442
vn 0.000008136489668340138 0.0000043489162633673025 0.9999999999574423
vn 0.000008136489668340138 0.0000043489162633673025 0.9999999999574423
vn 0.000008136489668340138 0.0000043489162633673025 0.9999999999574423
vn 0.000008136493306318943 0.000004348972197291458 0.999999999957442
vn 0.000008136493306318943 0.000004348972197291458 0.999999999957442
vn 0.000008136493306318943 0.000004348972197291458 0.999999999957442
vn 0.00000713158669865724 0.000005852911271837115 0.999999999957442
vn 0.00000713158669865724 0.000005852911271837115 0.999999999957442
vn 0.00000713158669865724 0.000005852911271837115 0.999999999957442
vn 0.0000071315998863304185 0.000005852814865398734 0.9999999999574425
vn 0.0000071315998863304185 0.000005852814865398734 0.9999999999574425
vn 0.0000071315998863304185 0.000005852814865398734 0.9999999999574425
vn 0.000005852792128031191 0.000007131624442687365 0.9999999999574425
vn 0.000005852792128031191 0.000007131624442687365 0.9999999999574425
vn 0.000005852792128031191 0.000007131624442687365 0.9999999999574425
vn 0.000010969302819785692 -0.000007329341769308224 0.9999999999129776
vn 0.000010969302819785692 -0.000007329341769308224 0.9999999999129776
vn 0.000010969302819785692 -0.000007329341769308224 0.9999999999129776
vn 0 0 1
vn 0 0 1
vn 0 0 1
vn 0 0 1
vn 0 0 1
vn 0 0 1
vn 0 0 1
vn 0 0 1
vn 0 0 1
vn 0 0 1
vn 0 0 1
vn 0 0 1
vn 0 0 1
vn 0 0 1
vn 0 0 1
vn 0 0 1
vn 0 0 1
vn 0 0 1
vn 0.09801719527416276 0.9951846792199083 0.0002892690010012472
vn 0.09801719527416276 0.9951846792199083 0.0002892690010012472
vn 0.09801719527416276 0.9951846792199083 0.0002892690010012472
vn 0.09801719527416276 0.9951846792199083 0.0002892690010012472
vn 0.09801719527416276 0.9951846792199083 0.0002892690010012472
vn 0.09801719527416276 0.9951846792199083 0.0002892690010012472
vn 0.29028252231443935 0.956940606640854 0.0008559209082269431
vn 0.29028252231443935 0.956940606640854 0.0008559209082269431
vn 0.29028252231443935 0.956940606640854 0.0008559209082269431
vn 0.2902841284259456 0.9569401192087683 0.0008561732871694373
vn 0.2902841284259456 0.9569401192087683 0.0008561732871694373
vn 0.2902841284259456 0.9569401192087683 0.0008561732871694373
vn 0.4713984165896861 0.8819192711699916 0.0013899552969177966
vn 0.4713984165896861 0.8819192711699916 0.0013899552969177966
vn 0.4713984165896861 0.8819192711699916 0.0013899552969177966
vn 0.4713984165896861 0.8819192711699916 0.0013899552969177966
vn 0.4713984165896861 0.8819192711699916 0.0013899552969177966
vn 0.4713984165896861 0.8819192711699916 0.0013899552969177966
vn 0.6343904756135618 0.7730104950637668 0.0018705539471623553
vn 0.6343904756135618 0.7730104950637668 0.0018705539471623553
vn 0.6343904756135618 0.7730104950637668 0.0018705539471623553
vn 0.6343904756179823 0.7730104950691534 0.0018705502218850781
vn 0.6343904756179823 0.7730104950691534 0.0018705502218850781
vn 0.6343904756179823 0.7730104950691534 0.0018705502218850781
vn 0.7730051615712105 0.6343956376810549 0.002279270829514366
vn 0.7730051615712105 0.6343956376810549 0.002279270829514366
vn 0.7730051615712105 0.6343956376810549 0.002279270829514366
vn 0.7730051615712105 0.6343956376810549 0.002279270829514366
vn 0.7730051615712105 0.6343956376810549 0.002279270829514366
vn 0.7730051615712105 0.6343956376810549 0.002279270829514366
vn 0.8819216101362731 0.4713889173376512 0.0026004203276075635
vn 0.8819216101362731 0.4713889173376512 0.0026004203276075635
vn 0.8819216101362731 0.4713889173376512 0.0026004203276075635
vn 0.8819216101362731 0.4713889173376512 0.0026004203276075635
vn 0.8819216101362731 0.4713889173376512 0.0026004203276075635
vn 0.8819216101362731 0.4713889173376512 0.0026004203276075635
vn 0.9569370451612007 0.2902818115479167 0.0028216099322882454
vn 0.9569370451612007 0.2902818115479167 0.0028216099322882454
vn 0.9569370451612007 0.2902818115479167 0.0028216099322882454
vn 0.9569370451612007 0.2902818115479167 0.0028216099322882454
vn 0.9569370451612007 0.2902818115479167 0.0028216099322882454
vn 0.9569370451612007 0.2902818115479167 0.0028216099322882454
vn 0.9951790705739498 0.09803064300015812 0.002934369531079578
vn 0.9951790705739498 0.09803064300015812 0.002934369531079578
vn 0.9951790705739498 0.09803064300015812 0.002934369531079578
vn 0.9951790705739498 0.09803064300015812 0.002934369531079578
vn 0.9951790705739498 0.09803064300015812 0.002934369531079578
vn 0.9951790705739498 0.09803064300015812 0.002934369531079578
vn 0.9951791045829509 -0.09803029775214243 0.0029343694556086632
vn 0.9951791045829509 -0.09803029775214243 0.0029343694556086632
vn 0.9951791045829509 -0.09803029775214243 0.0029343694556086632
vn 0.9951791045829509 -0.09803029775214243 0.0029343694556086632
vn 0.9951791045829509 -0.09803029775214243 0.0029343694556086632
vn 0.9951791045829509 -0.09803029775214243 0.0029343694556086632
vn 0.9569367518798091 -0.290282778382183 0.0028216088391980272
vn 0.9569367518798091 -0.290282778382183 0.0028216088391980272
vn 0.9569367518798091 -0.290282778382183 0.0028216088391980272
vn 0.9569367518798091 -0.290282778382183 0.0028216088391980272
vn 0.9569367518798091 -0.290282778382183 0.0028216088391980272
vn 0.9569367518798091 -0.290282778382183 0.0028216088391980272
vn 0.8819223894076944 -0.4713874593815102 0.0026004229017509727
vn 0.8819223894076944 -0.4713874593815102 0.0026004229017509727
vn 0.8819223894076944 -0.4713874593815102 0.0026004229017509727
vn 0.8819223894076944 -0.4713874593815102 0.0026004229017509727
vn 0.8819223894076944 -0.4713874593815102 0.0026004229017509727
vn 0.8819223894076944 -0.4713874593815102 0.0026004229017509727
vn 0.7730058346562092 -0.6343948175238312 0.0022792732092261386
vn 0.7730058346562092 -0.6343948175238312 0.0022792732092261386
vn 0.7730058346562092 -0.6343948175238312 0.0022792732092261386
vn 0.7730058346562092 -0.6343948175238312 0.0022792732092261386
vn 0.7730058346562092 -0.6343948175238312 0.0022792732092261386
vn 0.7730058346562092 -0.6343948175238312 0.0022792732092261386
vn 0.6343894253025785 -0.7730113570338211 0.0018705509869212792
vn 0.6343894253025785 -0.7730113570338211 0.0018705509869212792
vn 0.6343894253025785 -0.7730113570338211 0.0018705509869212792
vn 0.6343894253025785 -0.7730113570338211 0.0018705509869212792
vn 0.6343894253025785 -0.7730113570338211 0.0018705509869212792
vn 0.6343894253025785 -0.7730113570338211 0.0018705509869212792
vn 0.47139841658785553 -0.8819192711665669 0.001389958090880143
vn 0.47139841658785553 -0.8819192711665669 0.001389958090880143
vn 0.47139841658785553 -0.8819192711665669 0.001389958090880143
vn 0.47139841658785553 -0.8819192711665669 0.001389958090880143
vn 0.47139841658785553 -0.8819192711665669 0.001389958090880143
vn 0.47139841658785553 -0.8819192711665669 0.001389958090880143
vn 0.290280916017007 -0.9569410934601429 0.0008564132375643121
vn 0.290280916017007 -0.9569410934601429 0.0008564132375643121
vn 0.290280916017007 -0.9569410934601429 0.0008564132375643121
vn 0.2902841284870869 -0.9569401194103245 0.0008559272435658252
vn 0.2902841284870869 -0.9569401194103245 0.0008559272435658252
vn 0.2902841284870869 -0.9569401194103245 0.0008559272435658252
vn 0.09802065558627188 -0.9951843384743413 0.00028902218810674367
vn 0.09802065558627188 -0.9951843384743413 0.00028902218810674367
vn 0.09802065558627188 -0.9951843384743413 0.00028902218810674367
vn 0.09801718788783978 -0.995184679872328 0.0002895271521722022
vn 0.09801718788783978 -0.995184679872328 0.0002895271521722022
vn 0.09801718788783978 -0.995184679872328 0.0002895271521722022
vn -0.0980206629652824 -0.9951843377477064 -0.00028902163492294856
vn -0.0980206629652824 -0.9951843377477064 -0.00028902163492294856
vn -0.0980206629652824 -0.9951843377477064 -0.00028902163492294856
vn -0.09802065558627188 -0.9951843384743413 -0.00028902218810674367
vn -0.09802065558627188 -0.9951843384743413 -0.00028902218810674367
vn -0.09802065558627188 -0.9951843384743413 -0.00028902218810674367
vn -0.29028091614054874 -0.9569410938674111 -0.0008559161444912476
vn -0.29028091614054874 -0.9569410938674111 -0.0008559161444912476
vn -0.29028091614054874 -0.9569410938674111 -0.0008559161444912476
vn -0.29028091614054874 -0.9569410938674111 -0.0008559161444912476
vn -0.29028091614054874 -0.9569410938674111 -0.0008559161444912476
vn -0.29028091614054874 -0.9569410938674111 -0.0008559161444912476
vn -0.4714011206541258 -0.8819178257910665 -0.0013899633061429499
vn -0.4714011206541258 -0.8819178257910665 -0.0013899633061429499
vn -0.4714011206541258 -0.8819178257910665 -0.0013899633061429499
vn -0.4714011206541258 -0.8819178257910665 -0.0013899633061429499
vn -0.4714011206541258 -0.8819178257910665 -0.0013899633061429499
vn -0.4714011206541258 -0.8819178257910665 -0.0013899633061429499
vn -0.6343893960774633 -0.7730113810273013 -0.0018705471754582776
vn -0.6343893960774633 -0.7730113810273013 -0.0018705471754582776
vn -0.6343893960774633 -0.7730113810273013 -0.0018705471754582776
vn -0.6343893960774633 -0.7730113810273013 -0.0018705471754582776
vn -0.6343893960774633 -0.7730113810273013 -0.0018705471754582776
vn -0.6343893960774633 -0.7730113810273013 -0.0018705471754582776
vn -0.7730058582498922 -0.6343947772821831 -0.0022824698107632257
vn -0.7730058582498922 -0.6343947772821831 -0.0022824698107632257
vn -0.7730058582498922 -0.6343947772821831 -0.0022824698107632257
vn -0.7730196185178282 -0.6343780214788903 -0.002279309342760964
vn -0.7730196185178282 -0.6343780214788903 -0.002279309342760964
vn -0.7730196185178282 -0.6343780214788903 -0.002279309342760964
vn -0.8819216101474866 -0.4713889173436448 -0.002600415438196995
vn -0.8819216101474866 -0.4713889173436448 -0.002600415438196995
vn -0.8819216101474866 -0.4713889173436448 -0.002600415438196995
vn -0.8819099619571201 -0.47141068932647734 -0.002604033318996307
vn -0.8819099619571201 -0.47141068932647734 -0.002604033318996307
vn -0.8819099619571201 -0.47141068932647734 -0.002604033318996307
vn -0.9569370501992606 -0.2902817949954311 -0.0028216041834587475
vn -0.9569370501992606 -0.2902817949954311 -0.0028216041834587475
vn -0.9569370501992606 -0.2902817949954311 -0.0028216041834587475
vn -0.9569370501992606 -0.2902817949954311 -0.0028216041834587475
vn -0.9569370501992606 -0.2902817949954311 -0.0028216041834587475
vn -0.9569370501992606 -0.2902817949954311 -0.0028216041834587475
vn -0.9951818019406158 -0.09800291091000514 -0.0029343720614127987
vn -0.9951818019406158 -0.09800291091000514 -0.0029343720614127987
vn -0.9951818019406158 -0.09800291091000514 -0.0029343720614127987
vn -0.9951818019406158 -0.09800291091000514 -0.0029343720614127987
vn -0.9951818019406158 -0.09800291091000514 -0.0029343720614127987
vn -0.9951818019406158 -0.09800291091000514 -0.0029343720614127987
vn -0.9951818693654518 0.09800222622669476 -0.0029343723173018933
vn -0.9951818693654518 0.09800222622669476 -0.0029343723173018933
vn -0.9951818693654518 0.09800222622669476 -0.0029343723173018933
vn -0.9951818693654518 0.09800222622669476 -0.0029343723173018933
vn -0.9951818693654518 0.09800222622669476 -0.0029343723173018933
vn -0.9951818693654518 0.09800222622669476 -0.0029343723173018933
vn -0.956936751894897 0.2902827783867599 -0.002821603251307212
vn -0.956936751894897 0.2902827783867599 -0.002821603251307212
vn -0.956936751894897 0.2902827783867599 -0.002821603251307212
vn -0.956936751894897 0.2902827783867599 -0.002821603251307212
vn -0.956936751894897 0.2902827783867599 -0.002821603251307212
vn -0.956936751894897 0.2902827783867599 -0.002821603251307212
vn -0.8819099703390909 0.47141069380692413 -0.002600380929422894
vn -0.8819099703390909 0.47141069380692413 -0.002600380929422894
vn -0.8819099703390909 0.47141069380692413 -0.002600380929422894
vn -0.8819099703390909 0.47141069380692413 -0.002600380929422894
vn -0.8819099703390909 0.47141069380692413 -0.002600380929422894
vn -0.8819099703390909 0.47141069380692413 -0.002600380929422894
vn -0.7730188868785082 0.6343789021033674 -0.0022823442418545914
vn -0.7730188868785082 0.6343789021033674 -0.0022823442418545914
vn -0.7730188868785082 0.6343789021033674 -0.0022823442418545914
vn -0.7730058638935786 0.6343947819138751 -0.002279268871652652
vn -0.7730058638935786 0.6343947819138751 -0.002279268871652652
vn -0.7730058638935786 0.6343947819138751 -0.002279268871652652
vn -0.6343893960774633 0.7730113810273013 -0.0018705471754582776
vn -0.6343893960774633 0.7730113810273013 -0.0018705471754582776
vn -0.6343893960774633 0.7730113810273013 -0.0018705471754582776
vn -0.6344021594496116 0.7730009003311694 -0.0018730117113592772
vn -0.6344021594496116 0.7730009003311694 -0.0018730117113592772
vn -0.6344021594496116 0.7730009003311694 -0.0018730117113592772
vn -0.47138813982393796 0.881924764218411 -0.001389925043781618
vn -0.47138813982393796 0.881924764218411 -0.001389925043781618
vn -0.47138813982393796 0.881924764218411 -0.001389925043781618
vn -0.47138813982393796 0.881924764218411 -0.001389925043781618
vn -0.47138813982393796 0.881924764218411 -0.001389925043781618
vn -0.47138813982393796 0.881924764218411 -0.001389925043781618
vn -0.2902870784177088 0.9569392236946604 -0.0008568887744474949
vn -0.2902870784177088 0.9569392236946604 -0.0008568887744474949
vn -0.2902870784177088 0.9569392236946604 -0.0008568887744474949
vn -0.29028091614054874 0.9569410938674111 -0.0008559161444912476
vn -0.29028091614054874 0.9569410938674111 -0.0008559161444912476
vn -0.29028091614054874 0.9569410938674111 -0.0008559161444912476
vn -0.09801719528875645 0.9951846793680804 -0.00028875383413135366
vn -0.09801719528875645 0.9951846793680804 -0.00028875383413135366
vn -0.09801719528875645 0.9951846793680804 -0.00028875383413135366
vn -0.09801991924726468 0.9951844109574502 -0.0002891678274129741
vn -0.09801991924726468 0.9951844109574502 -0.0002891678274129741
vn -0.09801991924726468 0.9951844109574502 -0.0002891678274129741
vn 0 0 -1
vn 0 0 -1
vn 0 0 -1
vn 0 0 -1
vn 0 0 -1
vn 0 0 -1
vn 0 0 -1
vn 0 0 -1
vn 0 0 -1
vn 0 0 -1
vn 0 0 -1
vn 0 0 -1
vn 0 0 -1
vn 0 0 -1
vn 0 0 -1
vn 0 0 -1
vn 0 0 -1
vn 0 0 -1
vn 0 0 -1
vn 0 0 -1
vn 0 0 -1
vn 0 0 -1
vn 0 0 -1
vn 0 0 -1
vn 0 0 -1
vn 0 0 -1
vn 0 0 -1
vn 0 0 -1
vn 0 0 -1
vn 0 0 -1
vn 0 0 -1
vn 0 0 -1
vn 0 0 -1
vn 0 0 -1
vn 0 0 -1
vn 0 0 -1
vn 0 0 -1
vn 0 0 -1
vn 0 0 -1
vn 0 0 -1
vn 0 0 -1
vn 0 0 -1
vn 0 0 -1
vn 0 0 -1
vn 0 0 -1
vn 0 0 -1
vn 0 0 -1
vn 0 0 -1
vn 0 0 -1
vn 0 0 -1
vn 0 0 -1
vn 0 0 -1
vn 0 0 -1
vn 0 0 -1
vn 0 0 -1
vn 0 0 -1
vn 0 0 -1
vn 0 0 -1
vn 0 0 -1
vn 0 0 -1
vn 0 0 -1
vn 0 0 -1
vn 0 0 -1
vn 0 0 -1
vn 0 0 -1
vn 0 0 -1
vn 0 0 -1
vn 0 0 -1
vn 0 0 -1
vn 0 0 -1
vn 0 0 -1
vn 0 0 -1
vn 0 0 -1
vn 0 0 -1
vn 0 0 -1
vn 0 0 -1
vn 0 0 -1
vn 0 0 -1
vn 0 0 -1
vn 0 0 -1
vn 0 0 -1
vn 0 0 -1
vn 0 0 -1
vn 0 0 -1
vn 0 0 -1
vn 0 0 -1
vn 0 0 -1
vn 0 0 -1
vn 0 0 -1
vn 0 0 -1
vn 0 0 -1
vn 0 0 -1
vn 0 0 -1
vn 0 0 -1
vn 0 0 -1
vn 0 0 -1
vn 0 0 -1
vn 0 0 -1
vn 0 0 -1
vn 0 0 -1
vn 0 0 -1
vn 0 0 -1
vn 0 0 -1
vn 0 0 -1
vn 0 0 -1
vn 0 0 -1
vn 0 0 -1
vn 0 0 -1
vn 0 0 -1
vn 0 0 -1
vn 0 0 -1
vn 0 0 -1
vn 0 0 -1
vn 0 0 -1
vn -0.49999949770304647 -0.8660256937855256 0
vn -0.49999949770304647 -0.8660256937855256 0
vn -0.49999949770304647 -0.8660256937855256 0
vn -0.49999949770304647 -0.8660256937855256 0
vn -0.49999949770304647 -0.8660256937855256 0
vn -0.49999949770304647 -0.8660256937855256 0
vn -1 0 0
vn -1 0 0
vn -1 0 0
vn -1 0 0
vn -1 0 0
vn -1 0 0
vn -0.4999995200548029 0.8660256808807499 0
vn -0.4999995200548029 0.8660256808807499 0
vn -0.4999995200548029 0.8660256808807499 0
vn -0.4999995200548029 0.8660256808807499 0
vn -0.4999995200548029 0.8660256808807499 0
vn -0.4999995200548029 0.8660256808807499 0
vn 0.499998617215904 0.8660262021337367 0
vn 0.499998617215904 0.8660262021337367 0
vn 0.499998617215904 0.8660262021337367 0
vn 0.49999866537720755 0.866026174327896 0
vn 0.49999866537720755 0.866026174327896 0
vn 0.49999866537720755 0.866026174327896 0
vn 1 0 0
vn 1 0 0
vn 1 0 0
vn 1 0 0
vn 1 0 0
vn 1 0 0
vn 0.49999949770304647 -0.8660256937855256 0
vn 0.49999949770304647 -0.8660256937855256 0
vn 0.49999949770304647 -0.8660256937855256 0
vn 0.4999995200548029 -0.8660256808807499 0
vn 0.4999995200548029 -0.8660256808807499 0
vn 0.4999995200548029 -0.8660256808807499 0
vn 0.0000024182143078805012 0.000004188475941142441 -0.9999999999883045
vn 0.0000024182143078805012 0.000004188475941142441 -0.9999999999883045
vn 0.0000024182143078805012 0.000004188475941142441 -0.9999999999883045
vn 0.000002418214080506826 -0.00000418848048861595 -0.9999999999883045
vn 0.000002418214080506826 -0.00000418848048861595 -0.9999999999883045
vn 0.000002418214080506826 -0.00000418848048861595 -0.9999999999883045
vn -0.000002418215672122554 0.000004188482762352704 -0.9999999999883045
vn -0.000002418215672122554 0.000004188482762352704 -0.9999999999883045
vn -0.000002418215672122554 0.000004188482762352704 -0.9999999999883045
vn -0.0000024182199922223873 0.0000041884854908368096 -0.9999999999883045
vn -0.0000024182199922223873 0.0000041884854908368096 -0.9999999999883045
vn -0.0000024182199922223873 0.0000041884854908368096 -0.9999999999883045
vn 0 0 1
vn 0 0 1
vn 0 0 1
vn 0 0 1
vn 0 0 1
vn 0 0 1
vn 0 0 1
vn 0 0 1
vn 0 0 1
vn 0 0 1
vn 0 0 1
vn 0 0 1
vn 0 0 1
vn 0 0 1
vn 0 0 1
vn 0 0 1
vn 0 0 1
vn 0 0 1
vn 0.000019554165188209997 0 0.9999999998088174
vn 0.000019554165188209997 0 0.9999999998088174
vn 0.000019554165188209997 0 0.9999999998088174
vn 0.000024888104227274824 -0.000004949649335910944 0.9999999996780418
vn 0.000024888104227274824 -0.000004949649335910944 0.9999999996780418
vn 0.000024888104227274824 -0.000004949649335910944 0.9999999996780418
vn 0 0 1
vn 0 0 1
vn 0 0 1
vn 0 0 1
vn 0 0 1
vn 0 0 1
vn 0 0 1
vn 0 0 1
vn 0 0 1
vn 0 0 1
vn 0 0 1
vn 0 0 1
vn 0 0 1
vn 0 0 1
vn 0 0 1
vn 0 0 1
vn 0 0 1
vn 0 0 1
vn 0 0 1
vn 0 0 1
vn 0 0 1
vn 0 0 1
vn 0 0 1
vn 0 0 1
vn 0 0 1
vn 0 0 1
vn 0 0 1
vn 0 0 1
vn 0 0 1
vn 0 0 1
vn 0 0 1
vn 0 0 1
vn 0 0 1
vn 0 0 1
vn 0 0 1
vn 0 0 1
vn 0 0 1
vn 0 0 1
vn 0 0 1
vn 0 0 1
vn 0 0 1
vn 0 0 1
vn 0.000013825987477588677 -0.000013825662787980207 0.9999999998088467
vn 0.000013825987477588677 -0.000013825662787980207 0.9999999998088467
vn 0.000013825987477588677 -0.000013825662787980207 0.9999999998088467
vn 0.000014097674461490414 -0.000021099102007184216 0.9999999996780418
vn 0.000014097674461490414 -0.000021099102007184216 0.9999999996780418
vn 0.000014097674461490414 -0.000021099102007184216 0.9999999996780418
vn 0 0 1
vn 0 0 1
vn 0 0 1
vn 0 0 1
vn 0 0 1
vn 0 0 1
vn 0 0 1
vn 0 0 1
vn 0 0 1
vn 0 0 1
vn 0 0 1
vn 0 0 1
vn 0 0 1
vn 0 0 1
vn 0 0 1
vn 0 0 1
vn 0 0 1
vn 0 0 1
vn 0 0 1
vn 0 0 1
vn 0 0 1
vn 0 0 1
vn 0 0 1
vn 0 0 1
vn 0 0 1
vn 0 0 1
vn 0 0 1
vn 0 0 1
vn 0 0 1
vn 0 0 1
vn 0 0 1
vn 0 0 1
vn 0 0 1
vn 0 0 1
vn 0 0 1
vn 0 0 1
vn 0 0 1
vn 0 0 1
vn 0 0 1
vn 0 0 1
vn 0 0 1
vn 0 0 1
vn 0 0 1
vn 0 0 1
vn 0 0 1
vn 0 0 1
vn 0 0 1
vn 0 0 1
vn 0 0 1
vn 0 0 1
vn 0 0 1
vn 0 0 1
vn 0 0 1
vn 0 0 1
vn 0 0 1
vn 0 0 1
vn 0 0 1
vn 0 0 1
vn 0 0 1
vn 0 0 1
vn 0 0 1
vn 0 0 1
vn 0 0 1
vn 0 0 1
vn 0 0 1
vn 0 0 1
vn 0 0 1
vn 0 0 1
vn 0 0 1
vn 0 0 1
vn 0 0 1
vn 0 0 1
vn 0 0 1
vn 0 0 1
vn 0 0 1
vn 0 0 1
vn 0 0 1
vn 0 0 1
vn 0 0 1
vn 0 0 1
vn 0 0 1
vn 0 0 1
vn 0 0 1
vn 0 0 1
vn 0 0 1
vn 0 0 1
vn 0 0 1
vn 0 0 1
vn 0 0 1
vn 0 0 1
vn 0 0 1
vn 0 0 1
vn 0 0 1
vn 0 0 1
vn 0 0 1
vn 0 0 1
vn 0 0 1
vn 0 0 1
vn 0 0 1
vn 0 0 1
vn 0 0 1
vn 0 0 1
vn 0 0 1
vn 0 0 1
vn 0 0 1
vn 0 0 1
vn 0 0 1
vn 0 0 1
vn 0 0 1
vn 0 0 1
vn 0 0 1
vn 0 0 1
vn 0 0 1
vn 0 0 1
vn 0 0 1
vn 0 0 1
vn 0 0 1
vn 0 0 1
vn 0 0 1
vn 0 0 1
vn -0.9569593842638918 -0.2902218752423732 -2.7115786378215793e-7
vn -0.9569593842638918 -0.2902218752423732 -2.7115786378215793e-7
vn -0.9569593842638918 -0.2902218752423732 -2.7115786378215793e-7
vn -0.9569593842638918 -0.2902218752423732 -2.7115786378215793e-7
vn -0.9569593842638918 -0.2902218752423732 -2.7115786378215793e-7
vn -0.9569593842638918 -0.2902218752423732 -2.7115786378215793e-7
vn -0.7730174892855967 -0.6343847107687789 -0.0000011854267896950759
vn -0.7730174892855967 -0.6343847107687789 -0.0000011854267896950759
vn -0.7730174892855967 -0.6343847107687789 -0.0000011854267896950759
vn -0.7730200114506566 -0.6343816374206267 -5.927105213666067e-7
vn -0.7730200114506566 -0.6343816374206267 -5.927105213666067e-7
vn -0.7730200114506566 -0.6343816374206267 -5.927105213666067e-7
vn 0.773022562813674 -0.6343785284295892 -0.000006963370388127188
vn 0.773022562813674 -0.6343785284295892 -0.000006963370388127188
vn 0.773022562813674 -0.6343785284295892 -0.000006963370388127188
vn 0.7730174892732365 -0.6343847107586355 -0.000005777917695654957
vn 0.7730174892732365 -0.6343847107586355 -0.000005777917695654957
vn 0.7730174892732365 -0.6343847107586355 -0.000005777917695654957
vn 0.6343860560866756 -0.7730163852211086 -0.000004741717426704946
vn 0.6343860560866756 -0.7730163852211086 -0.000004741717426704946
vn 0.6343860560866756 -0.7730163852211086 -0.000004741717426704946
vn 0.6343688352106395 -0.7730305174515494 -0.000001444503705734998
vn 0.6343688352106395 -0.7730305174515494 -0.000001444503705734998
vn 0.6343688352106395 -0.7730305174515494 -0.000001444503705734998
vn -0.8819275395186046 0.47138499662003025 4.404207578166083e-7
vn -0.8819275395186046 0.47138499662003025 4.404207578166083e-7
vn -0.8819275395186046 0.47138499662003025 4.404207578166083e-7
vn -0.8819065470528141 0.47142426986307157 0.000007032266064510521
vn -0.8819065470528141 0.47142426986307157 0.000007032266064510521
vn -0.8819065470528141 0.47142426986307157 0.000007032266064510521
vn -0.7729952420011231 0.6344118187762915 0.000006370490224715541
vn -0.7729952420011231 0.6344118187762915 0.000006370490224715541
vn -0.7729952420011231 0.6344118187762915 0.000006370490224715541
vn -0.7730200114506566 0.6343816374206267 5.927105213666067e-7
vn -0.7730200114506566 0.6343816374206267 5.927105213666067e-7
vn -0.7730200114506566 0.6343816374206267 5.927105213666067e-7
vn -0.9951780733902622 -0.09808466874714689 -9.164170494769678e-8
vn -0.9951780733902622 -0.09808466874714689 -9.164170494769678e-8
vn -0.9951780733902622 -0.09808466874714689 -9.164170494769678e-8
vn -0.9951780733902622 -0.09808466874714689 -9.164170494769678e-8
vn -0.9951780733902622 -0.09808466874714689 -9.164170494769678e-8
vn -0.9951780733902622 -0.09808466874714689 -9.164170494769678e-8
vn 0.9951879292218448 -0.0979846185533591 -0.000007621626468140911
vn 0.9951879292218448 -0.0979846185533591 -0.000007621626468140911
vn 0.9951879292218448 -0.0979846185533591 -0.000007621626468140911
vn 0.9951830025778984 -0.09803464377456332 -1.8318994178814027e-7
vn 0.9951830025778984 -0.09803464377456332 -1.8318994178814027e-7
vn 0.9951830025778984 -0.09803464377456332 -1.8318994178814027e-7
vn -0.6343688352113012 -0.7730305174523558 0
vn -0.6343688352113012 -0.7730305174523558 0
vn -0.6343688352113012 -0.7730305174523558 0
vn -0.6343613074246018 -0.7730366948861247 -0.0000014445152617132889
vn -0.6343613074246018 -0.7730366948861247 -0.0000014445152617132889
vn -0.6343613074246018 -0.7730366948861247 -0.0000014445152617132889
vn -0.2902982469592235 0.9569362193017893 8.940771554402207e-7
vn -0.2902982469592235 0.9569362193017893 8.940771554402207e-7
vn -0.2902982469592235 0.9569362193017893 8.940771554402207e-7
vn -0.2902982469592235 0.9569362193017893 8.940771554402207e-7
vn -0.2902982469592235 0.9569362193017893 8.940771554402207e-7
vn -0.2902982469592235 0.9569362193017893 8.940771554402207e-7
vn 0.8819275395186046 0.47138499662003025 4.404207578166083e-7
vn 0.8819275395186046 0.47138499662003025 4.404207578166083e-7
vn 0.8819275395186046 0.47138499662003025 4.404207578166083e-7
vn 0.8819261437507977 0.47138760799245366 0
vn 0.8819261437507977 0.47138760799245366 0
vn 0.8819261437507977 0.47138760799245366 0
vn 0.9951879292507454 0.0979846185562046 9.154822950538527e-8
vn 0.9951879292507454 0.0979846185562046 9.154822950538527e-8
vn 0.9951879292507454 0.0979846185562046 9.154822950538527e-8
vn 0.995183062729905 0.09803403288086704 -0.000007255304896690927
vn 0.995183062729905 0.09803403288086704 -0.000007255304896690927
vn 0.995183062729905 0.09803403288086704 -0.000007255304896690927
vn 0.09801466144386435 0.9951849708175762 9.298135643682493e-7
vn 0.09801466144386435 0.9951849708175762 9.298135643682493e-7
vn 0.09801466144386435 0.9951849708175762 9.298135643682493e-7
vn 0.09802091794494427 0.9951843546005796 0.0000018596259541769376
vn 0.09802091794494427 0.9951843546005796 0.0000018596259541769376
vn 0.09802091794494427 0.9951843546005796 0.0000018596259541769376
vn -0.4713865720718527 0.8819266974366116 0.000004347372762622879
vn -0.4713865720718527 0.8819266974366116 0.000004347372762622879
vn -0.4713865720718527 0.8819266974366116 0.000004347372762622879
vn -0.47140759720069675 0.8819154592707776 8.239844732315743e-7
vn -0.47140759720069675 0.8819154592707776 8.239844732315743e-7
vn -0.47140759720069675 0.8819154592707776 8.239844732315743e-7
vn 0.4714026822498473 -0.8819180864257936 -0.0000016479738435006194
vn 0.4714026822498473 -0.8819180864257936 -0.0000016479738435006194
vn 0.4714026822498473 -0.8819180864257936 -0.0000016479738435006194
vn 0.4714026822498473 -0.8819180864257936 -0.0000016479738435006194
vn 0.4714026822498473 -0.8819180864257936 -0.0000016479738435006194
vn 0.4714026822498473 -0.8819180864257936 -0.0000016479738435006194
vn -0.8819051511895476 -0.4714268811864115 -4.404599060057358e-7
vn -0.8819051511895476 -0.4714268811864115 -4.404599060057358e-7
vn -0.8819051511895476 -0.4714268811864115 -4.404599060057358e-7
vn -0.8819051511895476 -0.4714268811864115 -4.404599060057358e-7
vn -0.8819051511895476 -0.4714268811864115 -4.404599060057358e-7
vn -0.8819051511895476 -0.4714268811864115 -4.404599060057358e-7
vn 0.9569453574190727 0.2902681224559167 0
vn 0.9569453574190727 0.2902681224559167 0
vn 0.9569453574190727 0.2902681224559167 0
vn 0.9569458827520287 0.2902663905516227 2.711994359975202e-7
vn 0.9569458827520287 0.2902663905516227 2.711994359975202e-7
vn 0.9569458827520287 0.2902663905516227 2.711994359975202e-7
vn -0.634418367119622 0.7729898676313625 7.222138819752824e-7
vn -0.634418367119622 0.7729898676313625 7.222138819752824e-7
vn -0.634418367119622 0.7729898676313625 7.222138819752824e-7
vn -0.6343936192898745 0.7730101783123158 0.000005464006677114624
vn -0.6343936192898745 0.7730101783123158 0.000005464006677114624
vn -0.6343936192898745 0.7730101783123158 0.000005464006677114624
vn 0.29029824695887546 0.9569362193006419 0.000001788154310878297
vn 0.29029824695887546 0.9569362193006419 0.000001788154310878297
vn 0.29029824695887546 0.9569362193006419 0.000001788154310878297
vn 0.290278470014163 0.9569422186551337 -0.0000012756029503848317
vn 0.290278470014163 0.9569422186551337 -0.0000012756029503848317
vn 0.290278470014163 0.9569422186551337 -0.0000012756029503848317
vn 0.47138165706163443 0.881929324480449 -0.0000026993438537605664
vn 0.47138165706163443 0.881929324480449 -0.0000026993438537605664
vn 0.47138165706163443 0.881929324480449 -0.0000026993438537605664
vn 0.4714026822503275 0.8819180864266919 8.23986921751149e-7
vn 0.4714026822503275 0.8819180864266919 8.23986921751149e-7
vn 0.4714026822503275 0.8819180864266919 8.23986921751149e-7
vn 0.7729952420039062 0.6344118187785757 -0.000005777751602721485
vn 0.7729952420039062 0.6344118187785757 -0.000005777751602721485
vn 0.7729952420039062 0.6344118187785757 -0.000005777751602721485
vn 0.7730225628322794 0.6343785284448578 5.927076134442874e-7
vn 0.7730225628322794 0.6343785284448578 5.927076134442874e-7
vn 0.7730225628322794 0.6343785284448578 5.927076134442874e-7
vn 0.634393619299179 0.7730101783236535 7.222328541375241e-7
vn 0.634393619299179 0.7730101783236535 7.222328541375241e-7
vn 0.634393619299179 0.7730101783236535 7.222328541375241e-7
vn 0.6343650713186186 0.7730336061701597 -0.000004741560509470972
vn 0.6343650713186186 0.7730336061701597 -0.000004741560509470972
vn 0.6343650713186186 0.7730336061701597 -0.000004741560509470972
vn 0.956945357418932 -0.290268122455874 -5.424021183663444e-7
vn 0.956945357418932 -0.290268122455874 -5.424021183663444e-7
vn 0.956945357418932 -0.290268122455874 -5.424021183663444e-7
vn 0.956945357418932 -0.290268122455874 -5.424021183663444e-7
vn 0.956945357418932 -0.290268122455874 -5.424021183663444e-7
vn 0.956945357418932 -0.290268122455874 -5.424021183663444e-7
vn 0.881905151189291 -0.47142688118627435 -8.809198120112153e-7
vn 0.881905151189291 -0.47142688118627435 -8.809198120112153e-7
vn 0.881905151189291 -0.47142688118627435 -8.809198120112153e-7
vn 0.8819261437261731 -0.4713876079792918 -0.0000074728015782137965
vn 0.8819261437261731 -0.4713876079792918 -0.0000074728015782137965
vn 0.8819261437261731 -0.4713876079792918 -0.0000074728015782137965
vn -0.9951879292507454 0.0979846185562046 9.154822950538527e-8
vn -0.9951879292507454 0.0979846185562046 9.154822950538527e-8
vn -0.9951879292507454 0.0979846185562046 9.154822950538527e-8
vn -0.9951879292507454 0.0979846185562046 9.154822950538527e-8
vn -0.9951879292507454 0.0979846185562046 9.154822950538527e-8
vn -0.9951879292507454 0.0979846185562046 9.154822950538527e-8
vn -0.9569313283397949 0.29031436898948393 2.7124425394895664e-7
vn -0.9569313283397949 0.29031436898948393 2.7124425394895664e-7
vn -0.9569313283397949 0.29031436898948393 2.7124425394895664e-7
vn -0.9569313283397949 0.29031436898948393 2.7124425394895664e-7
vn -0.9569313283397949 0.29031436898948393 2.7124425394895664e-7
vn -0.9569313283397949 0.29031436898948393 2.7124425394895664e-7
vn -0.4714187443086198 -0.8819095007503917 -8.23978847549495e-7
vn -0.4714187443086198 -0.8819095007503917 -8.23978847549495e-7
vn -0.4714187443086198 -0.8819095007503917 -8.23978847549495e-7
vn -0.4714236592112021 -0.8819068735053153 0
vn -0.4714236592112021 -0.8819068735053153 0
vn -0.4714236592112021 -0.8819068735053153 0
vn -0.2902924723591213 -0.9569379710775415 0.0000012757116141434557
vn -0.2902924723591213 -0.9569379710775415 0.0000012757116141434557
vn -0.2902924723591213 -0.9569379710775415 0.0000012757116141434557
vn -0.29027847001428314 -0.9569422186555299 -8.940828761168205e-7
vn -0.29027847001428314 -0.9569422186555299 -8.940828761168205e-7
vn -0.29027847001428314 -0.9569422186555299 -8.940828761168205e-7
vn -0.09800840650378434 -0.9951855868385208 -0.0000018596281915510083
vn -0.09800840650378434 -0.9951855868385208 -0.0000018596281915510083
vn -0.09800840650378434 -0.9951855868385208 -0.0000018596281915510083
vn -0.09801957809724182 -0.9951844865700028 -1.97165861602102e-7
vn -0.09801957809724182 -0.9951844865700028 -1.97165861602102e-7
vn -0.09801957809724182 -0.9951844865700028 -1.97165861602102e-7
vn 0.0980084065039538 -0.9951855868402415 0
vn 0.0980084065039538 -0.9951855868402415 0
vn 0.0980084065039538 -0.9951855868402415 0
vn 0.09802091794494427 -0.9951843546005796 -0.0000018596259541769376
vn 0.09802091794494427 -0.9951843546005796 -0.0000018596259541769376
vn 0.09802091794494427 -0.9951843546005796 -0.0000018596259541769376
vn -0.09802091794507138 0.9951843546018702 9.298129770896746e-7
vn -0.09802091794507138 0.9951843546018702 9.298129770896746e-7
vn -0.09802091794507138 0.9951843546018702 9.298129770896746e-7
vn -0.09802091794507138 0.9951843546018702 9.298129770896746e-7
vn -0.09802091794507138 0.9951843546018702 9.298129770896746e-7
vn -0.09802091794507138 0.9951843546018702 9.298129770896746e-7
vn 0.29028424463998337 -0.9569404669625988 -0.000001788162412041305
vn 0.29028424463998337 -0.9569404669625988 -0.000001788162412041305
vn 0.29028424463998337 -0.9569404669625988 -0.000001788162412041305
vn 0.2902726788208386 -0.9569439753351154 0
vn 0.2902726788208386 -0.9569439753351154 0
vn 0.2902726788208386 -0.9569439753351154 0
vn 0 0 -1
vn 0 0 -1
vn 0 0 -1
vn 0 0 -1
vn 0 0 -1
vn 0 0 -1
vn -0.000001719403485102841 0.000017456719430853887 -0.9999999998461533
vn -0.000001719403485102841 0.000017456719430853887 -0.9999999998461533
vn -0.000001719403485102841 0.000017456719430853887 -0.9999999998461533
vn -0.0000017193932532874476 0.000017456728525800904 -0.9999999998461533
vn -0.0000017193932532874476 0.000017456728525800904 -0.9999999998461533
vn -0.0000017193932532874476 0.000017456728525800904 -0.9999999998461533
vn 0 0 -1
vn 0 0 -1
vn 0 0 -1
vn 0 0 -1
vn 0 0 -1
vn 0 0 -1
vn -0.000025376844851976544 0 -0.999999999678008
vn -0.000025376844851976544 0 -0.999999999678008
vn -0.000025376844851976544 0 -0.999999999678008
vn -0.000040499300631716495 -0.00000974267185548031 -0.9999999991324435
vn -0.000040499300631716495 -0.00000974267185548031 -0.9999999991324435
vn -0.000040499300631716495 -0.00000974267185548031 -0.9999999991324435
vn -0.0000050918224579970126 -0.000016785883414887005 -0.9999999998461537
vn -0.0000050918224579970126 -0.000016785883414887005 -0.9999999998461537
vn -0.0000050918224579970126 -0.000016785883414887005 -0.9999999998461537
vn -0.000005092084847218419 -0.00001678598527829354 -0.9999999998461508
vn -0.000005092084847218419 -0.00001678598527829354 -0.9999999998461508
vn -0.000005092084847218419 -0.00001678598527829354 -0.9999999998461508
vn -0.000008269481439675578 -0.000015469975548860986 -0.9999999998461477
vn -0.000008269481439675578 -0.000015469975548860986 -0.9999999998461477
vn -0.000008269481439675578 -0.000015469975548860986 -0.9999999998461477
vn -0.000008268810232585835 -0.000015469853676571084 -0.9999999998461553
vn -0.000008268810232585835 -0.000015469853676571084 -0.9999999998461553
vn -0.000008268810232585835 -0.000015469853676571084 -0.9999999998461553
vn -0.000016785725162808914 0.00000509246274226696 -0.9999999998461533
vn -0.000016785725162808914 0.00000509246274226696 -0.9999999998461533
vn -0.000016785725162808914 0.00000509246274226696 -0.9999999998461533
vn -0.00001678569423998907 0.000005092383161480572 -0.9999999998461542
vn -0.00001678569423998907 0.000005092383161480572 -0.9999999998461542
vn -0.00001678569423998907 0.000005092383161480572 -0.9999999998461542
vn -0.000017456888596868362 0.0000017187776390612767 -0.9999999998461515
vn -0.000017456888596868362 0.0000017187776390612767 -0.9999999998461515
vn -0.000017456888596868362 0.0000017187776390612767 -0.9999999998461515
vn -0.00001745680674234524 0.0000017186498550557 -0.9999999998461531
vn -0.00001745680674234524 0.0000017186498550557 -0.9999999998461531
vn -0.00001745680674234524 0.0000017186498550557 -0.9999999998461531
vn 0 0 -1
vn 0 0 -1
vn 0 0 -1
vn 0 0 -1
vn 0 0 -1
vn 0 0 -1
vn 0 0 -1
vn 0 0 -1
vn 0 0 -1
vn 0 0 -1
vn 0 0 -1
vn 0 0 -1
vn 0.000011127190189761565 0.000013559529177388373 -0.9999999998461624
vn 0.000011127190189761565 0.000013559529177388373 -0.9999999998461624
vn 0.000011127190189761565 0.000013559529177388373 -0.9999999998461624
vn 0.000011128746335195872 0.0000135595037115365 -0.9999999998461455
vn 0.000011128746335195872 0.0000135595037115365 -0.9999999998461455
vn 0.000011128746335195872 0.0000135595037115365 -0.9999999998461455
vn -0.000004383924531718369 0.00002907140877704074 -0.9999999995678173
vn -0.000004383924531718369 0.00002907140877704074 -0.9999999995678173
vn -0.000004383924531718369 0.00002907140877704074 -0.9999999995678173
vn -0.000021965330216629117 0.00003287466458618644 -0.9999999992183903
vn -0.000021965330216629117 0.00003287466458618644 -0.9999999992183903
vn -0.000021965330216629117 0.00003287466458618644 -0.9999999992183903
vn 0.000008268956661232785 0.000015469879142422707 -0.9999999998461537
vn 0.000008268956661232785 0.000015469879142422707 -0.9999999998461537
vn 0.000008268956661232785 0.000015469879142422707 -0.9999999998461537
vn 0.000008268497366408502 0.000015469797287899635 -0.9999999998461586
vn 0.000008268497366408502 0.000015469797287899635 -0.9999999998461586
vn 0.000008268497366408502 0.000015469797287899635 -0.9999999998461586
vn 0.000005091801084871531 0.000016785812474300297 -0.9999999998461551
vn 0.000005091801084871531 0.000016785812474300297 -0.9999999998461551
vn 0.000005091801084871531 0.000016785812474300297 -0.9999999998461551
vn 0.000005091923411908894 0.000016785859768024762 -0.9999999998461537
vn 0.000005091923411908894 0.000016785859768024762 -0.9999999998461537
vn 0.000005091923411908894 0.000016785859768024762 -0.9999999998461537
vn -0.000011128055119222708 0.000013559562828692198 -0.9999999998461524
vn -0.000011128055119222708 0.000013559562828692198 -0.9999999998461524
vn -0.000011128055119222708 0.000013559562828692198 -0.9999999998461524
vn -0.000011128090589516092 0.00001355939457217242 -0.9999999998461542
vn -0.000011128090589516092 0.00001355939457217242 -0.9999999998461542
vn -0.000011128090589516092 0.00001355939457217242 -0.9999999998461542
vn 0 0 -1
vn 0 0 -1
vn 0 0 -1
vn 0 0 -1
vn 0 0 -1
vn 0 0 -1
vn -0.000015469702700450573 -0.000008269408680099488 -0.9999999998461526
vn -0.000015469702700450573 -0.000008269408680099488 -0.9999999998461526
vn -0.000015469702700450573 -0.000008269408680099488 -0.9999999998461526
vn -0.00001546968996752475 -0.000008269413227572997 -0.9999999998461528
vn -0.00001546968996752475 -0.000008269413227572997 -0.9999999998461528
vn -0.00001546968996752475 -0.000008269413227572997 -0.9999999998461528
vn 0 0 -1
vn 0 0 -1
vn 0 0 -1
vn 0 0 -1
vn 0 0 -1
vn 0 0 -1
vn -0.000008269021235356608 0.000015469793649920764 -0.9999999998461544
vn -0.000008269021235356608 0.000015469793649920764 -0.9999999998461544
vn -0.000008269021235356608 0.000015469793649920764 -0.9999999998461544
vn -0.000008269154931077778 0.000015469484421722266 -0.9999999998461582
vn -0.000008269154931077778 0.000015469484421722266 -0.9999999998461582
vn -0.000008269154931077778 0.000015469484421722266 -0.9999999998461582
vn 0.0000017194045082843804 0.000017456728525800904 -0.9999999998461533
vn 0.0000017194045082843804 0.000017456728525800904 -0.9999999998461533
vn 0.0000017194045082843804 0.000017456728525800904 -0.9999999998461533
vn 0.0000017193003711410458 0.000017456661223193007 -0.9999999998461546
vn 0.0000017193003711410458 0.000017456661223193007 -0.9999999998461546
vn 0.0000017193003711410458 0.000017456661223193007 -0.9999999998461546
vn 0 0 -1
vn 0 0 -1
vn 0 0 -1
vn 0 0 -1
vn 0 0 -1
vn 0 0 -1
vn 0 0 -1
vn 0 0 -1
vn 0 0 -1
vn 0 0 -1
vn 0 0 -1
vn 0 0 -1
vn -0.000005092113041554203 0.000016785588738603736 -0.9999999998461573
vn -0.000005092113041554203 0.000016785588738603736 -0.9999999998461573
vn -0.000005092113041554203 0.000016785588738603736 -0.9999999998461573
vn -0.000005091923866656245 0.000016785861587014166 -0.9999999998461537
vn -0.000005091923866656245 0.000016785861587014166 -0.9999999998461537
vn -0.000005091923866656245 0.000016785861587014166 -0.9999999998461537
vn -0.000011127329342450854 -0.000013559833858113345 -0.9999999998461568
vn -0.000011127329342450854 -0.000013559833858113345 -0.9999999998461568
vn -0.000011127329342450854 -0.000013559833858113345 -0.9999999998461568
vn -0.000011127792275253929 -0.000013559825672660961 -0.9999999998461517
vn -0.000011127792275253929 -0.000013559825672660961 -0.9999999998461517
vn -0.000011127792275253929 -0.000013559825672660961 -0.9999999998461517
vn 0 0 -1
vn 0 0 -1
vn 0 0 -1
vn 0 0 -1
vn 0 0 -1
vn 0 0 -1
vn -0.000017456430211538828 -0.0000017205043147523358 -0.9999999998461566
vn -0.000017456430211538828 -0.0000017205043147523358 -0.9999999998461566
vn -0.000017456430211538828 -0.0000017205043147523358 -0.9999999998461566
vn -0.0000174568740449531 -0.0000017200455883621875 -0.9999999998461495
vn -0.0000174568740449531 -0.0000017200455883621875 -0.9999999998461495
vn -0.0000174568740449531 -0.0000017200455883621875 -0.9999999998461495
vn -0.000013559413671561229 0.000011127581272483238 -0.9999999998461597
vn -0.000013559413671561229 0.000011127581272483238 -0.9999999998461597
vn -0.000013559413671561229 0.000011127581272483238 -0.9999999998461597
vn -0.000013559401848130013 0.000011128228832710722 -0.9999999998461526
vn -0.000013559401848130013 0.000011128228832710722 -0.9999999998461526
vn -0.000013559401848130013 0.000011128228832710722 -0.9999999998461526
vn -0.000015469746356196244 0.000008269372300311419 -0.9999999998461522
vn -0.000015469746356196244 0.000008269372300311419 -0.9999999998461522
vn -0.000015469746356196244 0.000008269372300311419 -0.9999999998461522
vn -0.00001546961175098053 0.000008268635609603164 -0.9999999998461604
vn -0.00001546961175098053 0.000008268635609603164 -0.9999999998461604
vn -0.00001546961175098053 0.000008268635609603164 -0.9999999998461604
vn 0 0 -1
vn 0 0 -1
vn 0 0 -1
vn 0 0 -1
vn 0 0 -1
vn 0 0 -1
vn 0 0 -1
vn 0 0 -1
vn 0 0 -1
vn 0 0 -1
vn 0 0 -1
vn 0 0 -1
vn -0.00001355976382702125 -0.000011127868672808866 -0.9999999998461517
vn -0.00001355976382702125 -0.000011127868672808866 -0.9999999998461517
vn -0.00001355976382702125 -0.000011127868672808866 -0.9999999998461517
vn -0.00001355972653773849 -0.000011127875948766484 -0.9999999998461522
vn -0.00001355972653773849 -0.000011127875948766484 -0.9999999998461522
vn -0.00001355972653773849 -0.000011127875948766484 -0.9999999998461522
vn -0.000016786298144470915 -0.000005090864760076183 -0.9999999998461517
vn -0.000016786298144470915 -0.000005090864760076183 -0.9999999998461517
vn -0.000016786298144470915 -0.000005090864760076183 -0.9999999998461517
vn -0.000016785976183346606 -0.000005091088495772806 -0.999999999846156
vn -0.000016785976183346606 -0.000005091088495772806 -0.999999999846156
vn -0.000016785976183346606 -0.000005091088495772806 -0.999999999846156
vn -0.9569542974212206 -0.29023864774849367 -4.287737156398535e-7
vn -0.9569542974212206 -0.29023864774849367 -4.287737156398535e-7
vn -0.9569542974212206 -0.29023864774849367 -4.287737156398535e-7
vn -0.9569542974212206 -0.29023864774849367 -4.287737156398535e-7
vn -0.9569542974212206 -0.29023864774849367 -4.287737156398535e-7
vn -0.9569542974212206 -0.29023864774849367 -4.287737156398535e-7
vn -0.7730189366289397 -0.6343829471322386 -9.371829937048022e-7
vn -0.7730189366289397 -0.6343829471322386 -9.371829937048022e-7
vn -0.7730189366289397 -0.6343829471322386 -9.371829937048022e-7
vn -0.7730189366289397 -0.6343829471322386 -9.371829937048022e-7
vn -0.7730189366289397 -0.6343829471322386 -9.371829937048022e-7
vn -0.7730189366289397 -0.6343829471322386 -9.371829937048022e-7
vn 0.7730169758606091 -0.6343853363936769 0
vn 0.7730169758606091 -0.6343853363936769 0
vn 0.7730169758606091 -0.6343853363936769 0
vn 0.7730189366289397 -0.6343829471322386 -9.371774798933122e-7
vn 0.7730189366289397 -0.6343829471322386 -9.371774798933122e-7
vn 0.7730189366289397 -0.6343829471322386 -9.371774798933122e-7
vn 0.6344158774821723 -0.7729919109519977 -0.0000011419453128961156
vn 0.6344158774821723 -0.7729919109519977 -0.0000011419453128961156
vn 0.6344158774821723 -0.7729919109519977 -0.0000011419453128961156
vn 0.6344187918003702 -0.7729895190785852 -0.000002283883554494359
vn 0.6344187918003702 -0.7729895190785852 -0.000002283883554494359
vn 0.6344187918003702 -0.7729895190785852 -0.000002283883554494359
vn -0.8819223225459332 0.4713947570717159 6.963982314615664e-7
vn -0.8819223225459332 0.4713947570717159 6.963982314615664e-7
vn -0.8819223225459332 0.4713947570717159 6.963982314615664e-7
vn -0.8819223225459332 0.4713947570717159 6.963982314615664e-7
vn -0.8819223225459332 0.4713947570717159 6.963982314615664e-7
vn -0.8819223225459332 0.4713947570717159 6.963982314615664e-7
vn -0.7730016087570483 0.6344040611929725 9.37214221448508e-7
vn -0.7730016087570483 0.6344040611929725 9.37214221448508e-7
vn -0.7730016087570483 0.6344040611929725 9.37214221448508e-7
vn -0.7730016087570483 0.6344040611929725 9.37214221448508e-7
vn -0.7730016087570483 0.6344040611929725 9.37214221448508e-7
vn -0.7730016087570483 0.6344040611929725 9.37214221448508e-7
vn -0.9951808693582372 -0.0980562963983561 -1.4485997108453327e-7
vn -0.9951808693582372 -0.0980562963983561 -1.4485997108453327e-7
vn -0.9951808693582372 -0.0980562963983561 -1.4485997108453327e-7
vn -0.9951809164627925 -0.09805581832954431 0
vn -0.9951809164627925 -0.09805581832954431 0
vn -0.9951809164627925 -0.09805581832954431 0
vn 0.995184709005462 -0.09801731899710571 -0.000011761536245845473
vn 0.995184709005462 -0.09801731899710571 -0.000011761536245845473
vn 0.995184709005462 -0.09801731899710571 -0.000011761536245845473
vn 0.9951809164627821 -0.09805581832954328 -1.448584060709636e-7
vn 0.9951809164627821 -0.09805581832954328 -1.448584060709636e-7
vn 0.9951809164627821 -0.09805581832954328 -1.448584060709636e-7
vn -0.6343773128036055 -0.7730235604430674 0
vn -0.6343773128036055 -0.7730235604430674 0
vn -0.6343773128036055 -0.7730235604430674 0
vn -0.6343743691255813 -0.7730259761451853 -0.000001142002455030438
vn -0.6343743691255813 -0.7730259761451853 -0.000001142002455030438
vn -0.6343743691255813 -0.7730259761451853 -0.000001142002455030438
vn -0.29028409162773877 0.9569405133788932 0.000001413701939046216
vn -0.29028409162773877 0.9569405133788932 0.000001413701939046216
vn -0.29028409162773877 0.9569405133788932 0.000001413701939046216
vn -0.29028409162773877 0.9569405133788932 0.000001413701939046216
vn -0.29028409162773877 0.9569405133788932 0.000001413701939046216
vn -0.29028409162773877 0.9569405133788932 0.000001413701939046216
vn 0.881938688720265 0.4713641366691939 6.963488715522674e-7
vn 0.881938688720265 0.4713641366691939 6.963488715522674e-7
vn 0.881938688720265 0.4713641366691939 6.963488715522674e-7
vn 0.8819223225044295 0.4713947570495318 -0.000009726556724442578
vn 0.8819223225044295 0.4713947570495318 -0.000009726556724442578
vn 0.8819223225044295 0.4713947570495318 -0.000009726556724442578
vn 0.9951847560929172 0.09801684092712087 -0.000011616735449799834
vn 0.9951847560929172 0.09801684092712087 -0.000011616735449799834
vn 0.9951847560929172 0.09801684092712087 -0.000011616735449799834
vn 0.995184709005462 0.09801731899710571 -0.000011761536245845473
vn 0.995184709005462 0.09801731899710571 -0.000011761536245845473
vn 0.995184709005462 0.09801731899710571 -0.000011761536245845473
vn 0.09801539777919023 0.9951848982962138 -0.0000011583964577742264
vn 0.09801539777919023 0.9951848982962138 -0.0000011583964577742264
vn 0.09801539777919023 0.9951848982962138 -0.0000011583964577742264
vn 0.09801923284911207 0.9951845205747886 0
vn 0.09801923284911207 0.9951845205747886 0
vn 0.09801923284911207 0.9951845205747886 0
vn -0.4714207897207469 0.8819084073855799 0.0000013028559213055973
vn -0.4714207897207469 0.8819084073855799 0.0000013028559213055973
vn -0.4714207897207469 0.8819084073855799 0.0000013028559213055973
vn -0.4714207897207469 0.8819084073855799 0.0000013028559213055973
vn -0.4714207897207469 0.8819084073855799 0.0000013028559213055973
vn -0.4714207897207469 0.8819084073855799 0.0000013028559213055973
vn 0.47138426843927345 -0.8819279287227394 -0.000002605754224580218
vn 0.47138426843927345 -0.8819279287227394 -0.000002605754224580218
vn 0.47138426843927345 -0.8819279287227394 -0.000002605754224580218
vn 0.4713804341024827 -0.8819299781409278 -0.0000013028801275520493
vn 0.4713804341024827 -0.8819299781409278 -0.0000013028801275520493
vn 0.4713804341024827 -0.8819299781409278 -0.0000013028801275520493
vn -0.8819048875650657 -0.4714273743519396 -6.964464674989244e-7
vn -0.8819048875650657 -0.4714273743519396 -6.964464674989244e-7
vn -0.8819048875650657 -0.4714273743519396 -6.964464674989244e-7
vn -0.8819048875650657 -0.4714273743519396 -6.964464674989244e-7
vn -0.8819048875650657 -0.4714273743519396 -6.964464674989244e-7
vn -0.8819048875650657 -0.4714273743519396 -6.964464674989244e-7
vn 0.9569437863667765 0.29027330158942605 -0.000010880765061952447
vn 0.9569437863667765 0.29027330158942605 -0.000010880765061952447
vn 0.9569437863667765 0.29027330158942605 -0.000010880765061952447
vn 0.9569437863667765 0.29027330158942605 -0.000010880765061952447
vn 0.9569437863667765 0.29027330158942605 -0.000010880765061952447
vn 0.9569437863667765 0.29027330158942605 -0.000010880765061952447
vn -0.6343995421422228 0.7730053175292095 0.0000011419719090158388
vn -0.6343995421422228 0.7730053175292095 0.0000011419719090158388
vn -0.6343995421422228 0.7730053175292095 0.0000011419719090158388
vn -0.6343995421422228 0.7730053175292095 0.0000011419719090158388
vn -0.6343995421422228 0.7730053175292095 0.0000011419719090158388
vn -0.6343995421422228 0.7730053175292095 0.0000011419719090158388
vn 0.2902840916280289 0.9569405133798496 0
vn 0.2902840916280289 0.9569405133798496 0
vn 0.2902840916280289 0.9569405133798496 0
vn 0.29028856609646625 0.9569391560552108 0.0000014136999127497156
vn 0.29028856609646625 0.9569391560552108 0.0000014136999127497156
vn 0.29028856609646625 0.9569391560552108 0.0000014136999127497156
vn 0.47138424366121684 0.8819279419693226 0.00000130288477450983
vn 0.47138424366121684 0.8819279419693226 0.00000130288477450983
vn 0.47138424366121684 0.8819279419693226 0.00000130288477450983
vn 0.47138041092262184 0.8819299905312327 0
vn 0.47138041092262184 0.8819299905312327 0
vn 0.47138041092262184 0.8819299905312327 0
vn 0.7729803585015285 0.6344299530845376 0
vn 0.7729803585015285 0.6344299530845376 0
vn 0.7729803585015285 0.6344299530845376 0
vn 0.7729823194081518 0.6344275639358018 9.372434094714467e-7
vn 0.7729823194081518 0.6344275639358018 9.372434094714467e-7
vn 0.7729823194081518 0.6344275639358018 9.372434094714467e-7
vn 0.6344187918020248 0.7729895190806011 0
vn 0.6344187918020248 0.7729895190806011 0
vn 0.6344187918020248 0.7729895190806011 0
vn 0.6344187918020248 0.7729895190806011 0
vn 0.6344187918020248 0.7729895190806011 0
vn 0.6344187918020248 0.7729895190806011 0
vn 0.9569433704629763 -0.2902746728992645 -4.288244113169121e-7
vn 0.9569433704629763 -0.2902746728992645 -4.288244113169121e-7
vn 0.9569433704629763 -0.2902746728992645 -4.288244113169121e-7
vn 0.9569542973553783 -0.2902386477285241 -0.000011738483371016812
vn 0.9569542973553783 -0.2902386477285241 -0.000011738483371016812
vn 0.9569542973553783 -0.2902386477285241 -0.000011738483371016812
vn 0.8819059684999109 -0.47142535209786707 -0.000011119196586336143
vn 0.8819059684999109 -0.47142535209786707 -0.000011119196586336143
vn 0.8819059684999109 -0.47142535209786707 -0.000011119196586336143
vn 0.8818885068035579 -0.47145801676054994 0
vn 0.8818885068035579 -0.47145801676054994 0
vn 0.8818885068035579 -0.47145801676054994 0
vn -0.9951885937582893 0.09797786920217662 0
vn -0.9951885937582893 0.09797786920217662 0
vn -0.9951885937582893 0.09797786920217662 0
vn -0.9951847090037558 0.09801731899693766 0.000011906407836344246
vn -0.9951847090037558 0.09801731899693766 0.000011906407836344246
vn -0.9951847090037558 0.09801731899693766 0.000011906407836344246
vn -0.9569324370596616 0.29031071417580706 0.000011738400786201512
vn -0.9569324370596616 0.29031071417580706 0.000011738400786201512
vn -0.9569324370596616 0.29031071417580706 0.000011738400786201512
vn -0.9569433704629763 0.2902746728992645 4.288269408489925e-7
vn -0.9569433704629763 0.2902746728992645 4.288269408489925e-7
vn -0.9569433704629763 0.2902746728992645 4.288269408489925e-7
vn -0.4713967793347058 -0.8819212416269758 0
vn -0.4713967793347058 -0.8819212416269758 0
vn -0.4713967793347058 -0.8819212416269758 0
vn -0.4713967793347058 -0.8819212416269758 0
vn -0.4713967793347058 -0.8819212416269758 0
vn -0.4713967793347058 -0.8819212416269758 0
vn -0.2902905055831928 -0.9569385677086353 0
vn -0.2902905055831928 -0.9569385677086353 0
vn -0.2902905055831928 -0.9569385677086353 0
vn -0.2902905055831928 -0.9569385677086353 0
vn -0.2902905055831928 -0.9569385677086353 0
vn -0.2902905055831928 -0.9569385677086353 0
vn -0.09801436784875535 -0.995184999733774 -3.118149380497383e-7
vn -0.09801436784875535 -0.995184999733774 -3.118149380497383e-7
vn -0.09801436784875535 -0.995184999733774 -3.118149380497383e-7
vn -0.09801539777925597 -0.9951848982968814 0
vn -0.09801539777925597 -0.9951848982968814 0
vn -0.09801539777925597 -0.9951848982968814 0
vn 0.09801539777915005 -0.9951848982958059 -0.0000014701922735812191
vn 0.09801539777915005 -0.9951848982958059 -0.0000014701922735812191
vn 0.09801539777915005 -0.9951848982958059 -0.0000014701922735812191
vn 0.09801923284877344 -0.9951845205713504 -0.0000026286265359898918
vn 0.09801923284877344 -0.9951845205713504 -0.0000026286265359898918
vn 0.09801923284877344 -0.9951845205713504 -0.0000026286265359898918
vn -0.09802027015808618 0.995184418404938 0.0000014702002271485696
vn -0.09802027015808618 0.995184418404938 0.0000014702002271485696
vn -0.09802027015808618 0.995184418404938 0.0000014702002271485696
vn -0.0980213148461296 0.9951843155086871 0.0000011584662769269216
vn -0.0980213148461296 0.9951843155086871 0.0000011584662769269216
vn -0.0980213148461296 0.9951843155086871 0.0000011584662769269216
vn 0.29027956257056947 -0.9569418872386348 -0.0000014136955769458177
vn 0.29027956257056947 -0.9569418872386348 -0.0000014136955769458177
vn 0.29027956257056947 -0.9569418872386348 -0.0000014136955769458177
vn 0.29027956257056947 -0.9569418872386348 -0.0000014136955769458177
vn 0.29027956257056947 -0.9569418872386348 -0.0000014136955769458177
vn 0.29027956257056947 -0.9569418872386348 -0.0000014136955769458177
vn 0 0 1
vn 0 0 1
vn 0 0 1
vn 0 0 1
vn 0 0 1
vn 0 0 1
vn 0 0 1
vn 0 0 1
vn 0 0 1
vn 0.0000034178572150010764 0.0000018268727899202675 0.9999999999924905
vn 0.0000034178572150010764 0.0000018268727899202675 0.9999999999924905
vn 0.0000034178572150010764 0.0000018268727899202675 0.9999999999924905
vn 0.0000037086019801512326 0.0000011249439921727676 0.9999999999924905
vn 0.0000037086019801512326 0.0000011249439921727676 0.9999999999924905
vn 0.0000037086019801512326 0.0000011249439921727676 0.9999999999924905
vn 0.000003856805506046071 3.7986288247963197e-7 0.9999999999924905
vn 0.000003856805506046071 3.7986288247963197e-7 0.9999999999924905
vn 0.000003856805506046071 3.7986288247963197e-7 0.9999999999924905
vn 0.000003856803687056668 -3.800133470093554e-7 0.9999999999924905
vn 0.000003856803687056668 -3.800133470093554e-7 0.9999999999924905
vn 0.000003856803687056668 -3.800133470093554e-7 0.9999999999924905
vn 0.0000037086520023598297 -0.0000011248124565015247 0.9999999999924905
vn 0.0000037086520023598297 -0.0000011248124565015247 0.9999999999924905
vn 0.0000037086520023598297 -0.0000011248124565015247 0.9999999999924905
vn 0.000003417744210284382 -0.0000018271275621235998 0.9999999999924905
vn 0.000003417744210284382 -0.0000018271275621235998 0.9999999999924905
vn 0.000003417744210284382 -0.0000018271275621235998 0.9999999999924905
vn 0.0000029958350751032987 -0.0000024585513074086516 0.9999999999924902
vn 0.0000029958350751032987 -0.0000024585513074086516 0.9999999999924902
vn 0.0000029958350751032987 -0.0000024585513074086516 0.9999999999924902
vn 0.0000024586770450511713 -0.0000029957047899872714 0.9999999999924905
vn 0.0000024586770450511713 -0.0000029957047899872714 0.9999999999924905
vn 0.0000024586770450511713 -0.0000029957047899872714 0.9999999999924905
vn 0.00000182682379089321 -0.000003417898824383682 0.9999999999924905
vn 0.00000182682379089321 -0.000003417898824383682 0.9999999999924905
vn 0.00000182682379089321 -0.000003417898824383682 0.9999999999924905
vn 0.0000011249738918110881 -0.000003708612894087654 0.9999999999924905
vn 0.0000011249738918110881 -0.000003708612894087654 0.9999999999924905
vn 0.0000011249738918110881 -0.000003708612894087654 0.9999999999924905
vn 3.7987177847468363e-7 -0.000003856819603213949 0.9999999999924905
vn 3.7987177847468363e-7 -0.000003856819603213949 0.9999999999924905
vn 3.7987177847468363e-7 -0.000003856819603213949 0.9999999999924905
vn 0.00001938924105691889 -0.0000038568196024892545 0.9999999998045912
vn 0.00001938924105691889 -0.0000038568196024892545 0.9999999998045912
vn 0.00001938924105691889 -0.0000038568196024892545 0.9999999998045912
vn 0 0 1
vn 0 0 1
vn 0 0 1
vn 0 0 1
vn 0 0 1
vn 0 0 1
vn 0 0 1
vn 0 0 1
vn 0 0 1
vn 0 0 1
vn 0 0 1
vn 0 0 1
vn 0 0 1
vn 0 0 1
vn 0 0 1
vn 0 0 1
vn 0 0 1
vn 0 0 1
vn 0 0 1
vn 0 0 1
vn 0 0 1
vn 0 0 1
vn 0 0 1
vn 0 0 1
vn 0 0 1
vn 0 0 1
vn 0 0 1
vn 0 0 1
vn 0 0 1
vn 0 0 1
vn 0 0 1
vn 0 0 1
vn 0 0 1
vn 0 0 1
vn 0 0 1
vn 0 0 1
vn 0 0 1
vn 0 0 1
vn 0 0 1
vn 0 0 1
vn 0 0 1
vn 0 0 1
vn 0.000013978479725662371 -0.00001397840423760214 0.9999999998046032
vn 0.000013978479725662371 -0.00001397840423760214 0.9999999998046032
vn 0.000013978479725662371 -0.00001397840423760214 0.9999999998046032
vn 0 0 1
vn 0 0 1
vn 0 0 1
vn 0 0 1
vn 0 0 1
vn 0 0 1
vn -0.7730225388453527 -0.6343785576744261 0
vn -0.7730225388453527 -0.6343785576744261 0
vn -0.7730225388453527 -0.6343785576744261 0
vn -0.7730225388453527 -0.6343785576744261 0
vn -0.7730225388453527 -0.6343785576744261 0
vn -0.7730225388453527 -0.6343785576744261 0
vn -0.4714029404270848 -0.8819179484264386 0
vn -0.4714029404270848 -0.8819179484264386 0
vn -0.4714029404270848 -0.8819179484264386 0
vn -0.4714029404270848 -0.8819179484264386 0
vn -0.4714029404270848 -0.8819179484264386 0
vn -0.4714029404270848 -0.8819179484264386 0
vn -0.9569459622775051 -0.29026612837322174 0
vn -0.9569459622775051 -0.29026612837322174 0
vn -0.9569459622775051 -0.29026612837322174 0
vn -0.9569459622775051 -0.29026612837322174 0
vn -0.9569459622775051 -0.29026612837322174 0
vn -0.9569459622775051 -0.29026612837322174 0
vn 0.0980209031871245 -0.995184356055892 0
vn 0.0980209031871245 -0.995184356055892 0
vn 0.0980209031871245 -0.995184356055892 0
vn 0.0980209031871245 -0.995184356055892 0
vn 0.0980209031871245 -0.995184356055892 0
vn 0.0980209031871245 -0.995184356055892 0
vn -0.9951829894937672 0.09803477659610706 0
vn -0.9951829894937672 0.09803477659610706 0
vn -0.9951829894937672 0.09803477659610706 0
vn -0.9951829894937672 0.09803477659610706 0
vn -0.9951829894937672 0.09803477659610706 0
vn -0.9951829894937672 0.09803477659610706 0
vn -0.09802092532410839 -0.9951843538755047 0
vn -0.09802092532410839 -0.9951843538755047 0
vn -0.09802092532410839 -0.9951843538755047 0
vn -0.09802092532410839 -0.9951843538755047 0
vn -0.09802092532410839 -0.9951843538755047 0
vn -0.09802092532410839 -0.9951843538755047 0
vn -0.9569454750798096 0.2902677345560083 0
vn -0.9569454750798096 0.2902677345560083 0
vn -0.9569454750798096 0.2902677345560083 0
vn -0.9569454750798096 0.2902677345560083 0
vn -0.9569454750798096 0.2902677345560083 0
vn -0.9569454750798096 0.2902677345560083 0
vn 0.09802021850522255 0.9951844234935495 0
vn 0.09802021850522255 0.9951844234935495 0
vn 0.09802021850522255 0.9951844234935495 0
vn 0.09802021850522255 0.9951844234935495 0
vn 0.09802021850522255 0.9951844234935495 0
vn 0.09802021850522255 0.9951844234935495 0
vn -0.9951830503989239 -0.09803415832603019 0
vn -0.9951830503989239 -0.09803415832603019 0
vn -0.9951830503989239 -0.09803415832603019 0
vn -0.9951830503989239 -0.09803415832603019 0
vn -0.9951830503989239 -0.09803415832603019 0
vn -0.9951830503989239 -0.09803415832603019 0
vn 0.29027847001439916 0.9569422186559123 0
vn 0.29027847001439916 0.9569422186559123 0
vn 0.29027847001439916 0.9569422186559123 0
vn 0.29027847001439916 0.9569422186559123 0
vn 0.29027847001439916 0.9569422186559123 0
vn 0.29027847001439916 0.9569422186559123 0
vn -0.8819260685578028 -0.47138774867212807 0
vn -0.8819260685578028 -0.47138774867212807 0
vn -0.8819260685578028 -0.47138774867212807 0
vn -0.8819260685578028 -0.47138774867212807 0
vn -0.8819260685578028 -0.47138774867212807 0
vn -0.8819260685578028 -0.47138774867212807 0
vn -0.47140244725348207 0.881918212037504 0
vn -0.47140244725348207 0.881918212037504 0
vn -0.47140244725348207 0.881918212037504 0
vn -0.47140244725348207 0.881918212037504 0
vn -0.47140244725348207 0.881918212037504 0
vn -0.47140244725348207 0.881918212037504 0
vn 1.6198640651049447e-7 -8.143713330352433e-7 -0.9999999999996554
vn 1.6198640651049447e-7 -8.143713330352433e-7 -0.9999999999996554
vn 1.6198640651049447e-7 -8.143713330352433e-7 -0.9999999999996554
vn -0.29027316515049983 0.9569438278151498 0
vn -0.29027316515049983 0.9569438278151498 0
vn -0.29027316515049983 0.9569438278151498 0
vn -0.29027316515049983 0.9569438278151498 0
vn -0.29027316515049983 0.9569438278151498 0
vn -0.29027316515049983 0.9569438278151498 0
vn -0.2902783715840431 -0.9569422485137313 0
vn -0.2902783715840431 -0.9569422485137313 0
vn -0.2902783715840431 -0.9569422485137313 0
vn -0.2902783715840431 -0.9569422485137313 0
vn -0.2902783715840431 -0.9569422485137313 0
vn -0.2902783715840431 -0.9569422485137313 0
vn 0.4714232587606144 0.8819070875662146 0
vn 0.4714232587606144 0.8819070875662146 0
vn 0.4714232587606144 0.8819070875662146 0
vn 0.4714232587606144 0.8819070875662146 0
vn 0.4714232587606144 0.8819070875662146 0
vn 0.4714232587606144 0.8819070875662146 0
vn 0.4714078553765789 -0.8819153212691422 0
vn 0.4714078553765789 -0.8819153212691422 0
vn 0.4714078553765789 -0.8819153212691422 0
vn 0.4714078553765789 -0.8819153212691422 0
vn 0.4714078553765789 -0.8819153212691422 0
vn 0.4714078553765789 -0.8819153212691422 0
vn -0.09802092532410839 0.9951843538755047 0
vn -0.09802092532410839 0.9951843538755047 0
vn -0.09802092532410839 0.9951843538755047 0
vn -0.09802092532410839 0.9951843538755047 0
vn -0.09802092532410839 0.9951843538755047 0
vn -0.09802092532410839 0.9951843538755047 0
vn -0.634364970859287 -0.7730336886233975 0
vn -0.634364970859287 -0.7730336886233975 0
vn -0.634364970859287 -0.7730336886233975 0
vn -0.634364970859287 -0.7730336886233975 0
vn -0.634364970859287 -0.7730336886233975 0
vn -0.634364970859287 -0.7730336886233975 0
vn -0.6343687995929833 0.7730305466816675 0
vn -0.6343687995929833 0.7730305466816675 0
vn -0.6343687995929833 0.7730305466816675 0
vn -0.6343687995929833 0.7730305466816675 0
vn -0.6343687995929833 0.7730305466816675 0
vn -0.6343687995929833 0.7730305466816675 0
vn -0.11652819994396947 -0.9931873834366898 0
vn -0.11652819994396947 -0.9931873834366898 0
vn -0.11652819994396947 -0.9931873834366898 0
vn -0.11652819994396947 -0.9931873834366898 0
vn -0.11652819994396947 -0.9931873834366898 0
vn -0.11652819994396947 -0.9931873834366898 0
vn -0.8819260685578028 0.47138774867212807 0
vn -0.8819260685578028 0.47138774867212807 0
vn -0.8819260685578028 0.47138774867212807 0
vn -0.8819260685578028 0.47138774867212807 0
vn -0.8819260685578028 0.47138774867212807 0
vn -0.8819260685578028 0.47138774867212807 0
vn 0.2902983180989042 -0.9569361977211163 0
vn 0.2902983180989042 -0.9569361977211163 0
vn 0.2902983180989042 -0.9569361977211163 0
vn 0.2902983180989042 -0.9569361977211163 0
vn 0.2902983180989042 -0.9569361977211163 0
vn 0.2902983180989042 -0.9569361977211163 0
vn -0.7730173776099521 0.6343848468501061 0
vn -0.7730173776099521 0.6343848468501061 0
vn -0.7730173776099521 0.6343848468501061 0
vn -0.7730173776099521 0.6343848468501061 0
vn -0.7730173776099521 0.6343848468501061 0
vn -0.7730173776099521 0.6343848468501061 0
f 1//1 2//2 3//3
f 4//4 5//5 6//6
f 7//7 8//8 9//9
f 10//10 11//11 12//12
f 13//13 14//14 15//15
f 16//16 17//17 18//18
f 19//19 20//20 21//21
f 22//22 23//23 24//24
f 25//25 26//26 27//27
f 28//28 29//29 30//30
f 31//31 32//32 33//33
f 34//34 35//35 36//36
f 37//37 38//38 39//39
f 40//40 41//41 42//42
f 43//43 44//44 45//45
f 46//46 47//47 48//48
f 49//49 50//50 51//51
f 52//52 53//53 54//54
f 55//55 56//56 57//57
f 58//58 59//59 60//60
f 61//61 62//62 63//63
f 64//64 65//65 66//66
f 67//67 68//68 69//69
f 70//70 71//71 72//72
f 73//73 74//74 75//75
f 76//76 77//77 78//78
f 79//79 80//80 81//81
f 82//82 83//83 84//84
f 85//85 86//86 87//87
f 88//88 89//89 90//90
f 91//91 92//92 93//93
f 94//94 95//95 96//96
f 97//97 98//98 99//99
f 100//100 101//101 102//102
f 103//103 104//104 105//105
f 106//106 107//107 108//108
f 109//109 110//110 111//111
f 112//112 113//113 114//114
f 115//115 116//116 117//117
f 118//118 119//119 120//120
f 121//121 122//122 123//123
f 124//124 125//125 126//126
f 127//127 128//128 129//129
f 130//130 131//131 132//132
f 133//133 134//134 135//135
f 136//136 137//137 138//138
f 139//139 140//140 141//141
f 142//142 143//143 144//144
f 145//145 146//146 147//147
f 148//148 149//149 150//150
f 151//151 152//152 153//153
f 154//154 155//155 156//156
f 157//157 158//158 159//159
f 160//160 161//161 162//162
f 163//163 164//164 165//165
f 166//166 167//167 168//168
f 169//169 170//170 171//171
f 172//172 173//173 174//174
f 175//175 176//176 177//177
f 178//178 179//179 180//180
f 181//181 182//182 183//183
f 184//184 185//185 186//186
f 187//187 188//188 189//189
f 190//190 191//191 192//192
f 193//193 194//194 195//195
f 196//196 197//197 198//198
f 199//199 200//200 201//201
f 202//202 203//203 204//204
f 205//205 206//206 207//207
f 208//208 209//209 210//210
f 211//211 212//212 213//213
f 214//214 215//215 216//216
f 217//217 218//218 219//219
f 220//220 221//221 222//222
f 223//223 224//224 225//225
f 226//226 227//227 228//228
f 229//229 230//230 231//231
f 232//232 233//233 234//234
f 235//235 236//236 237//237
f 238//238 239//239 240//240
f 241//241 242//242 243//243
f 244//244 245//245 246//246
f 247//247 248//248 249//249
f 250//250 251//251 252//252
f 253//253 254//254 255//255
f 256//256 257//257 258//258
f 259//259 260//260 261//261
f 262//262 263//263 264//264
f 265//265 266//266 267//267
f 268//268 269//269 270//270
f 271//271 272//272 273//273
f 274//274 275//275 276//276
f 277//277 278//278 279//279
f 280//280 281//281 282//282
f 283//283 284//284 285//285
f 286//286 287//287 288//288
f 289//289 290//290 291//291
f 292//292 293//293 294//294
f 295//295 296//296 297//297
f 298//298 299//299 300//300
f 301//301 302//302 303//303
f 304//304 305//305 306//306
f 307//307 308//308 309//309
f 310//310 311//311 312//312
f 313//313 314//314 315//315
f 316//316 317//317 318//318
f 319//319 320//320 321//321
f 322//322 323//323 324//324
f 325//325 326//326 327//327
f 328//328 329//329 330//330
f 331//331 332//332 333//333
f 334//334 335//335 336//336
f 337//337 338//338 339//339
f 340//340 341//341 342//342
f 343//343 344//344 345//345
f 346//346 347//347 348//348
f 349//349 350//350 351//351
f 352//352 353//353 354//354
f 355//355 356//356 357//357
f 358//358 359//359 360//360
f 361//361 362//362 363//363
f 364//364 365//365 366//366
f 367//367 368//368 369//369
f 370//370 371//371 372//372
f 373//373 374//374 375//375
f 376//376 377//377 378//378
f 379//379 380//380 381//381
f 382//382 383//383 384//384
f 385//385 386//386 387//387
f 388//388 389//389 390//390
f 391//391 392//392 393//393
f 394//394 395//395 396//396
f 397//397 398//398 399//399
f 400//400 401//401 402//402
f 403//403 404//404 405//405
f 406//406 407//407 408//408
f 409//409 410//410 411//411
f 412//412 413//413 414//414
f 415//415 416//416 417//417
f 418//418 419//419 420//420
f 421//421 422//422 423//423
f 424//424 425//425 426//426
f 427//427 428//428 429//429
f 430//430 431//431 432//432
f 433//433 434//434 435//435
f 436//436 437//437 438//438
f 439//439 440//440 441//441
f 442//442 443//443 444//444
f 445//445 446//446 447//447
f 448//448 449//449 450//450
f 451//451 452//452 453//453
f 454//454 455//455 456//456
f 457//457 458//458 459//459
f 460//460 461//461 462//462
f 463//463 464//464 465//465
f 466//466 467//467 468//468
f 469//469 470//470 471//471
f 472//472 473//473 474//474
f 475//475 476//476 477//477
f 478//478 479//479 480//480
f 481//481 482//482 483//483
f 484//484 485//485 486//486
f 487//487 488//488 489//489
f 490//490 491//491 492//492
f 493//493 494//494 495//495
f 496//496 497//497 498//498
f 499//499 500//500 501//501
f 502//502 503//503 504//504
f 505//505 506//506 507//507
f 508//508 509//509 510//510
f 511//511 512//512 513//513
f 514//514 515//515 516//516
f 517//517 518//518 519//519
f 520//520 521//521 522//522
f 523//523 524//524 525//525
f 526//526 527//527 528//528
f 529//529 530//530 531//531
f 532//532 533//533 534//534
f 535//535 536//536 537//537
f 538//538 539//539 540//540
f 541//541 542//542 543//543
f 544//544 545//545 546//546
f 547//547 548//548 549//549
f 550//550 551//551 552//552
f 553//553 554//554 555//555
f 556//556 557//557 558//558
f 559//559 560//560 561//561
f 562//562 563//563 564//564
f 565//565 566//566 567//567
f 568//568 569//569 570//570
f 571//571 572//572 573//573
f 574//574 575//575 576//576
f 577//577 578//578 579//579
f 580//580 581//581 582//582
f 583//583 584//584 585//585
f 586//586 587//587 588//588
f 589//589 590//590 591//591
f 592//592 593//593 594//594
f 595//595 596//596 597//597
f 598//598 599//599 600//600
f 601//601 602//602 603//603
f 604//604 605//605 606//606
f 607//607 608//608 609//609
f 610//610 611//611 612//612
f 613//613 614//614 615//615
f 616//616 617//617 618//618
f 619//619 620//620 621//621
f 622//622 623//623 624//624
f 625//625 626//626 627//627
f 628//628 629//629 630//630
f 631//631 632//632 633//633
f 634//634 635//635 636//636
f 637//637 638//638 639//639
f 640//640 641//641 642//642
f 643//643 644//644 645//645
f 646//646 647//647 648//648
f 649//649 650//650 651//651
f 652//652 653//653 654//654
f 655//655 656//656 657//657
f 658//658 659//659 660//660
f 661//661 662//662 663//663
f 664//664 665//665 666//666
f 667//667 668//668 669//669
f 670//670 671//671 672//672
f 673//673 674//674 675//675
f 676//676 677//677 678//678
f 679//679 680//680 681//681
f 682//682 683//683 684//684
f 685//685 686//686 687//687
f 688//688 689//689 690//690
f 691//691 692//692 693//693
f 694//694 695//695 696//696
f 697//697 698//698 699//699
f 700//700 701//701 702//702
f 703//703 704//704 705//705
f 706//706 707//707 708//708
f 709//709 710//710 711//711
f 712//712 713//713 714//714
f 715//715 716//716 717//717
f 718//718 719//719 720//720
f 721//721 722//722 723//723
f 724//724 725//725 726//726
f 727//727 728//728 729//729
f 730//730 731//731 732//732
f 733//733 734//734 735//735
f 736//736 737//737 738//738
f 739//739 740//740 741//741
f 742//742 743//743 744//744
f 745//745 746//746 747//747
f 748//748 749//749 750//750
f 751//751 752//752 753//753
f 754//754 755//755 756//756
f 757//757 758//758 759//759
f 760//760 761//761 762//762
f 763//763 764//764 765//765
f 766//766 767//767 768//768
f 769//769 770//770 771//771
f 772//772 773//773 774//774
f 775//775 776//776 777//777
f 778//778 779//779 780//780
f 781//781 782//782 783//783
f 784//784 785//785 786//786
f 787//787 788//788 789//789
f 790//790 791//791 792//792
f 793//793 794//794 795//795
f 796//796 797//797 798//798
f 799//799 800//800 801//801
f 802//802 803//803 804//804
f 805//805 806//806 807//807
f 808//808 809//809 810//810
f 811//811 812//812 813//813
f 814//814 815//815 816//816
f 817//817 818//818 819//819
f 820//820 821//821 822//822
f 823//823 824//824 825//825
f 826//826 827//827 828//828
f 829//829 830//830 831//831
f 832//832 833//833 834//834
f 835//835 836//836 837//837
f 838//838 839//839 840//840
f 841//841 842//842 843//843
f 844//844 845//845 846//846
f 847//847 848//848 849//849
f 850//850 851//851 852//852
f 853//853 854//854 855//855
f 856//856 857//857 858//858
f 859//859 860//860 861//861
f 862//862 863//863 864//864
f 865//865 866//866 867//867
f 868//868 869//869 870//870
f 871//871 872//872 873//873
f 874//874 875//875 876//876
f 877//877 878//878 879//879
f 880//880 881//881 882//882
f 883//883 884//884 885//885
f 886//886 887//887 888//888
f 889//889 890//890 891//891
f 892//892 893//893 894//894
f 895//895 896//896 897//897
f 898//898 899//899 900//900
f 901//901 902//902 903//903
f 904//904 905//905 906//906
f 907//907 908//908 909//909
f 910//910 911//911 912//912
f 913//913 914//914 915//915
f 916//916 917//917 918//918
f 919//919 920//920 921//921
f 922//922 923//923 924//924
f 925//925 926//926 927//927
f 928//928 929//929 930//930
f 931//931 932//932 933//933
f 934//934 935//935 936//936
f 937//937 938//938 939//939
f 940//940 941//941 942//942
f 943//943 944//944 945//945
f 946//946 947//947 948//948
f 949//949 950//950 951//951
f 952//952 953//953 954//954
f 955//955 956//956 957//957
f 958//958 959//959 960//960
f 961//961 962//962 963//963
f 964//964 965//965 966//966
f 967//967 968//968 969//969
f 970//970 971//971 972//972
f 973//973 974//974 975//975
f 976//976 977//977 978//978
f 979//979 980//980 981//981
f 982//982 983//983 984//984
f 985//985 986//986 987//987
f 988//988 989//989 990//990
f 991//991 992//992 993//993
f 994//994 995//995 996//996
f 997//997 998//998 999//999
f 1000//1000 1001//1001 1002//1002
f 1003//1003 1004//1004 1005//1005
f 1006//1006 1007//1007 1008//1008
f 1009//1009 1010//1010 1011//1011
f 1012//1012 1013//1013 1014//1014
f 1015//1015 1016//1016 1017//1017
f 1018//1018 1019//1019 1020//1020
f 1021//1021 1022//1022 1023//1023
f 1024//1024 1025//1025 1026//1026
f 1027//1027 1028//1028 1029//1029
f 1030//1030 1031//1031 1032//1032
f 1033//1033 1034//1034 1035//1035
f 1036//1036 1037//1037 1038//1038
f 1039//1039 1040//1040 1041//1041
f 1042//1042 1043//1043 1044//1044
f 1045//1045 1046//1046 1047//1047
f 1048//1048 1049//1049 1050//1050
f 1051//1051 1052//1052 1053//1053
f 1054//1054 1055//1055 1056//1056
f 1057//1057 1058//1058 1059//1059
f 1060//1060 1061//1061 1062//1062
f 1063//1063 1064//1064 1065//1065
f 1066//1066 1067//1067 1068//1068
f 1069//1069 1070//1070 1071//1071
f 1072//1072 1073//1073 1074//1074
f 1075//1075 1076//1076 1077//1077
f 1078//1078 1079//1079 1080//1080
f 1081//1081 1082//1082 1083//1083
f 1084//1084 1085//1085 1086//1086
f 1087//1087 1088//1088 1089//1089
f 1090//1090 1091//1091 1092//1092
f 1093//1093 1094//1094 1095//1095
f 1096//1096 1097//1097 1098//1098
f 1099//1099 1100//1100 1101//1101
f 1102//1102 1103//1103 1104//1104
f 1105//1105 1106//1106 1107//1107
f 1108//1108 1109//1109 1110//1110
f 1111//1111 1112//1112 1113//1113
f 1114//1114 1115//1115 1116//1116
f 1117//1117 1118//1118 1119//1119
f 1120//1120 1121//1121 1122//1122
f 1123//1123 1124//1124 1125//1125
f 1126//1126 1127//1127 1128//1128
f 1129//1129 1130//1130 1131//1131
f 1132//1132 1133//1133 1134//1134
f 1135//1135 1136//1136 1137//1137
f 1138//1138 1139//1139 1140//1140
f 1141//1141 1142//1142 1143//1143
f 1144//1144 1145//1145 1146//1146
f 1147//1147 1148//1148 1149//1149
f 1150//1150 1151//1151 1152//1152
f 1153//1153 1154//1154 1155//1155
f 1156//1156 1157//1157 1158//1158
f 1159//1159 1160//1160 1161//1161
f 1162//1162 1163//1163 1164//1164
f 1165//1165 1166//1166 1167//1167
f 1168//1168 1169//1169 1170//1170
f 1171//1171 1172//1172 1173//1173
f 1174//1174 1175//1175 1176//1176
f 1177//1177 1178//1178 1179//1179
f 1180//1180 1181//1181 1182//1182
f 1183//1183 1184//1184 1185//1185
f 1186//1186 1187//1187 1188//1188
f 1189//1189 1190//1190 1191//1191
f 1192//1192 1193//1193 1194//1194
f 1195//1195 1196//1196 1197//1197
f 1198//1198 1199//1199 1200//1200
f 1201//1201 1202//1202 1203//1203
f 1204//1204 1205//1205 1206//1206
f 1207//1207 1208//1208 1209//1209
f 1210//1210 1211//1211 1212//1212
f 1213//1213 1214//1214 1215//1215
f 1216//1216 1217//1217 1218//1218
f 1219//1219 1220//1220 1221//1221
f 1222//1222 1223//1223 1224//1224
f 1225//1225 1226//1226 1227//1227
f 1228//1228 1229//1229 1230//1230
f 1231//1231 1232//1232 1233//1233
f 1234//1234 1235//1235 1236//1236
f 1237//1237 1238//1238 1239//1239
f 1240//1240 1241//1241 1242//1242
f 1243//1243 1244//1244 1245//1245
f 1246//1246 1247//1247 1248//1248
f 1249//1249 1250//1250 1251//1251
f 1252//1252 1253//1253 1254//1254
f 1255//1255 1256//1256 1257//1257
f 1258//1258 1259//1259 1260//1260
f 1261//1261 1262//1262 1263//1263
f 1264//1264 1265//1265 1266//1266
f 1267//1267 1268//1268 1269//1269
f 1270//1270 1271//1271 1272//1272
f 1273//1273 1274//1274 1275//1275
f 1276//1276 1277//1277 1278//1278
f 1279//1279 1280//1280 1281//1281
f 1282//1282 1283//1283 1284//1284
f 1285//1285 1286//1286 1287//1287
f 1288//1288 1289//1289 1290//1290
f 1291//1291 1292//1292 1293//1293
f 1294//1294 1295//1295 1296//1296
f 1297//1297 1298//1298 1299//1299
f 1300//1300 1301//1301 1302//1302
f 1303//1303 1304//1304 1305//1305
f 1306//1306 1307//1307 1308//1308
f 1309//1309 1310//1310 1311//1311
f 1312//1312 1313//1313 1314//1314
f 1315//1315 1316//1316 1317//1317
f 1318//1318 1319//1319 1320//1320
f 1321//1321 1322//1322 1323//1323
f 1324//1324 1325//1325 1326//1326
f 1327//1327 1328//1328 1329//1329
f 1330//1330 1331//1331 1332//1332
f 1333//1333 1334//1334 1335//1335
f 1336//1336 1337//1337 1338//1338
f 1339//1339 1340//1340 1341//1341
f 1342//1342 1343//1343 1344//1344
f 1345//1345 1346//1346 1347//1347
f 1348//1348 1349//1349 1350//1350
f 1351//1351 1352//1352 1353//1353
f 1354//1354 1355//1355 1356//1356
f 1357//1357 1358//1358 1359//1359
f 1360//1360 1361//1361 1362//1362
f 1363//1363 1364//1364 1365//1365
f 1366//1366 1367//1367 1368//1368
f 1369//1369 1370//1370 1371//1371
f 1372//1372 1373//1373 1374//1374
f 1375//1375 1376//1376 1377//1377
f 1378//1378 1379//1379 1380//1380
f 1381//1381 1382//1382 1383//1383
f 1384//1384 1385//1385 1386//1386
f 1387//1387 1388//1388 1389//1389
f 1390//1390 1391//1391 1392//1392
f 1393//1393 1394//1394 1395//1395
f 1396//1396 1397//1397 1398//1398
f 1399//1399 1400//1400 1401//1401
f 1402//1402 1403//1403 1404//1404
f 1405//1405 1406//1406 1407//1407
f 1408//1408 1409//1409 1410//1410
f 1411//1411 1412//1412 1413//1413
f 1414//1414 1415//1415 1416//1416
f 1417//1417 1418//1418 1419//1419
f 1420//1420 1421//1421 1422//1422
f 1423//1423 1424//1424 1425//1425
f 1426//1426 1427//1427 1428//1428
f 1429//1429 1430//1430 1431//1431
f 1432//1432 1433//1433 1434//1434
f 1435//1435 1436//1436 1437//1437
f 1438//1438 1439//1439 1440//1440
f 1441//1441 1442//1442 1443//1443
f 1444//1444 1445//1445 1446//1446
f 1447//1447 1448//1448 1449//1449
f 1450//1450 1451//1451 1452//1452
f 1453//1453 1454//1454 1455//1455
f 1456//1456 1457//1457 1458//1458
f 1459//1459 1460//1460 1461//1461
f 1462//1462 1463//1463 1464//1464
f 1465//1465 1466//1466 1467//1467
f 1468//1468 1469//1469 1470//1470
f 1471//1471 1472//1472 1473//1473
f 1474//1474 1475//1475 1476//1476
f 1477//1477 1478//1478 1479//1479
f 1480//1480 1481//1481 1482//1482
f 1483//1483 1484//1484 1485//1485
f 1486//1486 1487//1487 1488//1488
f 1489//1489 1490//1490 1491//1491
f 1492//1492 1493//1493 1494//1494
f 1495//1495 1496//1496 1497//1497
f 1498//1498 1499//1499 1500//1500
f 1501//1501 1502//1502 1503//1503
f 1504//1504 1505//1505 1506//1506
f 1507//1507 1508//1508 1509//1509
f 1510//1510 1511//1511 1512//1512
f 1513//1513 1514//1514 1515//1515
f 1516//1516 1517//1517 1518//1518
f 1519//1519 1520//1520 1521//1521
f 1522//1522 1523//1523 1524//1524
f 1525//1525 1526//1526 1527//1527
f 1528//1528 1529//1529 1530//1530
f 1531//1531 1532//1532 1533//1533
f 1534//1534 1535//1535 1536//1536
f 1537//1537 1538//1538 1539//1539
f 1540//1540 1541//1541 1542//1542
f 1543//1543 1544//1544 1545//1545
f 1546//1546 1547//1547 1548//1548
f 1549//1549 1550//1550 1551//1551
f 1552//1552 1553//1553 1554//1554
f 1555//1555 1556//1556 1557//1557
f 1558//1558 1559//1559 1560//1560
f 1561//1561 1562//1562 1563//1563
f 1564//1564 1565//1565 1566//1566
f 1567//1567 1568//1568 1569//1569
f 1570//1570 1571//1571 1572//1572
f 1573//1573 1574//1574 1575//1575
f 1576//1576 1577//1577 1578//1578
f 1579//1579 1580//1580 1581//1581
f 1582//1582 1583//1583 1584//1584
f 1585//1585 1586//1586 1587//1587
f 1588//1588 1589//1589 1590//1590
f 1591//1591 1592//1592 1593//1593
f 1594//1594 1595//1595 1596//1596
f 1597//1597 1598//1598 1599//1599
f 1600//1600 1601//1601 1602//1602
f 1603//1603 1604//1604 1605//1605
f 1606//1606 1607//1607 1608//1608
f 1609//1609 1610//1610 1611//1611
f 1612//1612 1613//1613 1614//1614
f 1615//1615 1616//1616 1617//1617
f 1618//1618 1619//1619 1620//1620
f 1621//1621 1622//1622 1623//1623
f 1624//1624 1625//1625 1626//1626
f 1627//1627 1628//1628 1629//1629
f 1630//1630 1631//1631 1632//1632
f 1633//1633 1634//1634 1635//1635
f 1636//1636 1637//1637 1638//1638
f 1639//1639 1640//1640 1641//1641
f 1642//1642 1643//1643 1644//1644
f 1645//1645 1646//1646 1647//1647
f 1648//1648 1649//1649 1650//1650
f 1651//1651 1652//1652 1653//1653
f 1654//1654 1655//1655 1656//1656
f 1657//1657 1658//1658 1659//1659
f 1660//1660 1661//1661 1662//1662
f 1663//1663 1664//1664 1665//1665
f 1666//1666 1667//1667 1668//1668
f 1669//1669 1670//1670 1671//1671
f 1672//1672 1673//1673 1674//1674
f 1675//1675 1676//1676 1677//1677
f 1678//1678 1679//1679 1680//1680
f 1681//1681 1682//1682 1683//1683
f 1684//1684 1685//1685 1686//1686
f 1687//1687 1688//1688 1689//1689
f 1690//1690 1691//1691 1692//1692
f 1693//1693 1694//1694 1695//1695
f 1696//1696 1697//1697 1698//1698
f 1699//1699 1700//1700 1701//1701
f 1702//1702 1703//1703 1704//1704
f 1705//1705 1706//1706 1707//1707
f 1708//1708 1709//1709 1710//1710
f 1711//1711 1712//1712 1713//1713
f 1714//1714 1715//1715 1716//1716
f 1717//1717 1718//1718 1719//1719
f 1720//1720 1721//1721 1722//1722
f 1723//1723 1724//1724 1725//1725
f 1726//1726 1727//1727 1728//1728
f 1729//1729 1730//1730 1731//1731
f 1732//1732 1733//1733 1734//1734
f 1735//1735 1736//1736 1737//1737
f 1738//1738 1739//1739 1740//1740
f 1741//1741 1742//1742 1743//1743
f 1744//1744 1745//1745 1746//1746
f 1747//1747 1748//1748 1749//1749
f 1750//1750 1751//1751 1752//1752
f 1753//1753 1754//1754 1755//1755
f 1756//1756 1757//1757 1758//1758
f 1759//1759 1760//1760 1761//1761
f 1762//1762 1763//1763 1764//1764
f 1765//1765 1766//1766 1767//1767
f 1768//1768 1769//1769 1770//1770
f 1771//1771 1772//1772 1773//1773
f 1774//1774 1775//1775 1776//1776
f 1777//1777 1778//1778 1779//1779
f 1780//1780 1781//1781 1782//1782
f 1783//1783 1784//1784 1785//1785
f 1786//1786 1787//1787 1788//1788
f 1789//1789 1790//1790 1791//1791
f 1792//1792 1793//1793 1794//1794
f 1795//1795 1796//1796 1797//1797
f 1798//1798 1799//1799 1800//1800
f 1801//1801 1802//1802 1803//1803
f 1804//1804 1805//1805 1806//1806
f 1807//1807 1808//1808 1809//1809
f 1810//1810 1811//1811 1812//1812
f 1813//1813 1814//1814 1815//1815
f 1816//1816 1817//1817 1818//1818
f 1819//1819 1820//1820 1821//1821
f 1822//1822 1823//1823 1824//1824
f 1825//1825 1826//1826 1827//1827
f 1828//1828 1829//1829 1830//1830
f 1831//1831 1832//1832 1833//1833
f 1834//1834 1835//1835 1836//1836
f 1837//1837 1838//1838 1839//1839
f 1840//1840 1841//1841 1842//1842
f 1843//1843 1844//1844 1845//1845
f 1846//1846 1847//1847 1848//1848
f 1849//1849 1850//1850 1851//1851
f 1852//1852 1853//1853 1854//1854
f 1855//1855 1856//1856 1857//1857
f 1858//1858 1859//1859 1860//1860
f 1861//1861 1862//1862 1863//1863
f 1864//1864 1865//1865 1866//1866
f 1867//1867 1868//1868 1869//1869
f 1870//1870 1871//1871 1872//1872
f 1873//1873 1874//1874 1875//1875
f 1876//1876 1877//1877 1878//1878
f 1879//1879 1880//1880 1881//1881
f 1882//1882 1883//1883 1884//1884
f 1885//1885 1886//1886 1887//1887
f 1888//1888 1889//1889 1890//1890
f 1891//1891 1892//1892 1893//1893
f 1894//1894 1895//1895 1896//1896
f 1897//1897 1898//1898 1899//1899
f 1900//1900 1901//1901 1902//1902
f 1903//1903 1904//1904 1905//1905
f 1906//1906 1907//1907 1908//1908
f 1909//1909 1910//1910 1911//1911
f 1912//1912 1913//1913 1914//1914
f 1915//1915 1916//1916 1917//1917
f 1918//1918 1919//1919 1920//1920
f 1921//1921 1922//1922 1923//1923
f 1924//1924 1925//1925 1926//1926
f 1927//1927 1928//1928 1929//1929
f 1930//1930 1931//1931 1932//1932
f 1933//1933 1934//1934 1935//1935
f 1936//1936 1937//1937 1938//1938
f 1939//1939 1940//1940 1941//1941
f 1942//1942 1943//1943 1944//1944
f 1945//1945 1946//1946 1947//1947
f 1948//1948 1949//1949 1950//1950
f 1951//1951 1952//1952 1953//1953
f 1954//1954 1955//1955 1956//1956
f 1957//1957 1958//1958 1959//1959
f 1960//1960 1961//1961 1962//1962
f 1963//1963 1964//1964 1965//1965
f 1966//1966 1967//1967 1968//1968
f 1969//1969 1970//1970 1971//1971
f 1972//1972 1973//1973 1974//1974
f 1975//1975 1976//1976 1977//1977
f 1978//1978 1979//1979 1980//1980
f 1981//1981 1982//1982 1983//1983
f 1984//1984 1985//1985 1986//1986
f 1987//1987 1988//1988 1989//1989
f 1990//1990 1991//1991 1992//1992
f 1993//1993 1994//1994 1995//1995
f 1996//1996 1997//1997 1998//1998
f 1999//1999 2000//2000 2001//2001
f 2002//2002 2003//2003 2004//2004
f 2005//2005 2006//2006 2007//2007
f 2008//2008 2009//2009 2010//2010
f 2011//2011 2012//2012 2013//2013
f 2014//2014 2015//2015 2016//2016
f 2017//2017 2018//2018 2019//2019
f 2020//2020 2021//2021 2022//2022
f 2023//2023 2024//2024 2025//2025
f 2026//2026 2027//2027 2028//2028
f 2029//2029 2030//2030 2031//2031
f 2032//2032 2033//2033 2034//2034
f 2035//2035 2036//2036 2037//2037
f 2038//2038 2039//2039 2040//2040
f 2041//2041 2042//2042 2043//2043
f 2044//2044 2045//2045 2046//2046
f 2047//2047 2048//2048 2049//2049
f 2050//2050 2051//2051 2052//2052
f 2053//2053 2054//2054 2055//2055
f 2056//2056 2057//2057 2058//2058
f 2059//2059 2060//2060 2061//2061
f 2062//2062 2063//2063 2064//2064
f 2065//2065 2066//2066 2067//2067
f 2068//2068 2069//2069 2070//2070
f 2071//2071 2072//2072 2073//2073
f 2074//2074 2075//2075 2076//2076
f 2077//2077 2078//2078 2079//2079
f 2080//2080 2081//2081 2082//2082
f 2083//2083 2084//2084 2085//2085
f 2086//2086 2087//2087 2088//2088
f 2089//2089 2090//2090 2091//2091
f 2092//2092 2093//2093 2094//2094
f 2095//2095 2096//2096 2097//2097
f 2098//2098 2099//2099 2100//2100
f 2101//2101 2102//2102 2103//2103
f 2104//2104 2105//2105 2106//2106
f 2107//2107 2108//2108 2109//2109
f 2110//2110 2111//2111 2112//2112
f 2113//2113 2114//2114 2115//2115
f 2116//2116 2117//2117 2118//2118
f 2119//2119 2120//2120 2121//2121
f 2122//2122 2123//2123 2124//2124
f 2125//2125 2126//2126 2127//2127
f 2128//2128 2129//2129 2130//2130
f 2131//2131 2132//2132 2133//2133
f 2134//2134 2135//2135 2136//2136
f 2137//2137 2138//2138 2139//2139
f 2140//2140 2141//2141 2142//2142
f 2143//2143 2144//2144 2145//2145
f 2146//2146 2147//2147 2148//2148
f 2149//2149 2150//2150 2151//2151
f 2152//2152 2153//2153 2154//2154
f 2155//2155 2156//2156 2157//2157
f 2158//2158 2159//2159 2160//2160
f 2161//2161 2162//2162 2163//2163
f 2164//2164 2165//2165 2166//2166
f 2167//2167 2168//2168 2169//2169
f 2170//2170 2171//2171 2172//2172
f 2173//2173 2174//2174 2175//2175
f 2176//2176 2177//2177 2178//2178
f 2179//2179 2180//2180 2181//2181
f 2182//2182 2183//2183 2184//2184
f 2185//2185 2186//2186 2187//2187
f 2188//2188 2189//2189 2190//2190
f 2191//2191 2192//2192 2193//2193
f 2194//2194 2195//2195 2196//2196
f 2197//2197 2198//2198 2199//2199
f 2200//2200 2201//2201 2202//2202
f 2203//2203 2204//2204 2205//2205
f 2206//2206 2207//2207 2208//2208
f 2209//2209 2210//2210 2211//2211
f 2212//2212 2213//2213 2214//2214
f 2215//2215 2216//2216 2217//2217
f 2218//2218 2219//2219 2220//2220
f 2221//2221 2222//2222 2223//2223
f 2224//2224 2225//2225 2226//2226
f 2227//2227 2228//2228 2229//2229
f 2230//2230 2231//2231 2232//2232
f 2233//2233 2234//2234 2235//2235
f 2236//2236 2237//2237 2238//2238
f 2239//2239 2240//2240 2241//2241
f 2242//2242 2243//2243 2244//2244
f 2245//2245 2246//2246 2247//2247
f 2248//2248 2249//2249 2250//2250
f 2251//2251 2252//2252 2253//2253
f 2254//2254 2255//2255 2256//2256
f 2257//2257 2258//2258 2259//2259
f 2260//2260 2261//2261 2262//2262
f 2263//2263 2264//2264 2265//2265
f 2266//2266 2267//2267 2268//2268
f 2269//2269 2270//2270 2271//2271
f 2272//2272 2273//2273 2274//2274
f 2275//2275 2276//2276 2277//2277
f 2278//2278 2279//2279 2280//2280
f 2281//2281 2282//2282 2283//2283
f 2284//2284 2285//2285 2286//2286
f 2287//2287 2288//2288 2289//2289
f 2290//2290 2291//2291 2292//2292
f 2293//2293 2294//2294 2295//2295
f 2296//2296 2297//2297 2298//2298
f 2299//2299 2300//2300 2301//2301
f 2302//2302 2303//2303 2304//2304
f 2305//2305 2306//2306 2307//2307
f 2308//2308 2309//2309 2310//2310
f 2311//2311 2312//2312 2313//2313
f 2314//2314 2315//2315 2316//2316
f 2317//2317 2318//2318 2319//2319
f 2320//2320 2321//2321 2322//2322
f 2323//2323 2324//2324 2325//2325
f 2326//2326 2327//2327 2328//2328
f 2329//2329 2330//2330 2331//2331
f 2332//2332 2333//2333 2334//2334
f 2335//2335 2336//2336 2337//2337
f 2338//2338 2339//2339 2340//2340
f 2341//2341 2342//2342 2343//2343
f 2344//2344 2345//2345 2346//2346
f 2347//2347 2348//2348 2349//2349
f 2350//2350 2351//2351 2352//2352
f 2353//2353 2354//2354 2355//2355
f 2356//2356 2357//2357 2358//2358
f 2359//2359 2360//2360 2361//2361
f 2362//2362 2363//2363 2364//2364
f 2365//2365 2366//2366 2367//2367
f 2368//2368 2369//2369 2370//2370
f 2371//2371 2372//2372 2373//2373
f 2374//2374 2375//2375 2376//2376
f 2377//2377 2378//2378 2379//2379
f 2380//2380 2381//2381 2382//2382
f 2383//2383 2384//2384 2385//2385
f 2386//2386 2387//2387 2388//2388
f 2389//2389 2390//2390 2391//2391
f 2392//2392 2393//2393 2394//2394
f 2395//2395 2396//2396 2397//2397
f 2398//2398 2399//2399 2400//2400
f 2401//2401 2402//2402 2403//2403
f 2404//2404 2405//2405 2406//2406
f 2407//2407 2408//2408 2409//2409
f 2410//2410 2411//2411 2412//2412
f 2413//2413 2414//2414 2415//2415
f 2416//2416 2417//2417 2418//2418
f 2419//2419 2420//2420 2421//2421
f 2422//2422 2423//2423 2424//2424
f 2425//2425 2426//2426 2427//2427
f 2428//2428 2429//2429 2430//2430
f 2431//2431 2432//2432 2433//2433
f 2434//2434 2435//2435 2436//2436
f 2437//2437 2438//2438 2439//2439
f 2440//2440 2441//2441 2442//2442
f 2443//2443 2444//2444 2445//2445
f 2446//2446 2447//2447 2448//2448
f 2449//2449 2450//2450 2451//2451
f 2452//2452 2453//2453 2454//2454
f 2455//2455 2456//2456 2457//2457
f 2458//2458 2459//2459 2460//2460
f 2461//2461 2462//2462 2463//2463
f 2464//2464 2465//2465 2466//2466
f 2467//2467 2468//2468 2469//2469
f 2470//2470 2471//2471 2472//2472
f 2473//2473 2474//2474 2475//2475
f 2476//2476 2477//2477 2478//2478
f 2479//2479 2480//2480 2481//2481
f 2482//2482 2483//2483 2484//2484
f 2485//2485 2486//2486 2487//2487
f 2488//2488 2489//2489 2490//2490
f 2491//2491 2492//2492 2493//2493
f 2494//2494 2495//2495 2496//2496
f 2497//2497 2498//2498 2499//2499
f 2500//2500 2501//2501 2502//2502
f 2503//2503 2504//2504 2505//2505
f 2506//2506 2507//2507 2508//2508
f 2509//2509 2510//2510 2511//2511
f 2512//2512 2513//2513 2514//2514
f 2515//2515 2516//2516 2517//2517
f 2518//2518 2519//2519 2520//2520
f 2521//2521 2522//2522 2523//2523
f 2524//2524 2525//2525 2526//2526
f 2527//2527 2528//2528 2529//2529
f 2530//2530 2531//2531 2532//2532
f 2533//2533 2534//2534 2535//2535
f 2536//2536 2537//2537 2538//2538
f 2539//2539 2540//2540 2541//2541
f 2542//2542 2543//2543 2544//2544
f 2545//2545 2546//2546 2547//2547
f 2548//2548 2549//2549 2550//2550
f 2551//2551 2552//2552 2553//2553
f 2554//2554 2555//2555 2556//2556
f 2557//2557 2558//2558 2559//2559
f 2560//2560 2561//2561 2562//2562
f 2563//2563 2564//2564 2565//2565
f 2566//2566 2567//2567 2568//2568
f 2569//2569 2570//2570 2571//2571
f 2572//2572 2573//2573 2574//2574
f 2575//2575 2576//2576 2577//2577
f 2578//2578 2579//2579 2580//2580
f 2581//2581 2582//2582 2583//2583
f 2584//2584 2585//2585 2586//2586
f 2587//2587 2588//2588 2589//2589
f 2590//2590 2591//2591 2592//2592
f 2593//2593 2594//2594 2595//2595
f 2596//2596 2597//2597 2598//2598
f 2599//2599 2600//2600 2601//2601
f 2602//2602 2603//2603 2604//2604
f 2605//2605 2606//2606 2607//2607
f 2608//2608 2609//2609 2610//2610
f 2611//2611 2612//2612 2613//2613
f 2614//2614 2615//2615 2616//2616
f 2617//2617 2618//2618 2619//2619
f 2620//2620 2621//2621 2622//2622
f 2623//2623 2624//2624 2625//2625
f 2626//2626 2627//2627 2628//2628
f 2629//2629 2630//2630 2631//2631
f 2632//2632 2633//2633 2634//2634
f 2635//2635 2636//2636 2637//2637
f 2638//2638 2639//2639 2640//2640
f 2641//2641 2642//2642 2643//2643
f 2644//2644 2645//2645 2646//2646
f 2647//2647 2648//2648 2649//2649
f 2650//2650 2651//2651 2652//2652
f 2653//2653 2654//2654 2655//2655
f 2656//2656 2657//2657 2658//2658
f 2659//2659 2660//2660 2661//2661
f 2662//2662 2663//2663 2664//2664
f 2665//2665 2666//2666 2667//2667
f 2668//2668 2669//2669 2670//2670
f 2671//2671 2672//2672 2673//2673
f 2674//2674 2675//2675 2676//2676
f 2677//2677 2678//2678 2679//2679
f 2680//2680 2681//2681 2682//2682
f 2683//2683 2684//2684 2685//2685
f 2686//2686 2687//2687 2688//2688
f 2689//2689 2690//2690 2691//2691
f 2692//2692 2693//2693 2694//2694
f 2695//2695 2696//2696 2697//2697
f 2698//2698 2699//2699 2700//2700
f 2701//2701 2702//2702 2703//2703
f 2704//2704 2705//2705 2706//2706
f 2707//2707 2708//2708 2709//2709
f 2710//2710 2711//2711 2712//2712
f 2713//2713 2714//2714 2715//2715
f 2716//2716 2717//2717 2718//2718
f 2719//2719 2720//2720 2721//2721
f 2722//2722 2723//2723 2724//2724
f 2725//2725 2726//2726 2727//2727
f 2728//2728 2729//2729 2730//2730
f 2731//2731 2732//2732 2733//2733
f 2734//2734 2735//2735 2736//2736
f 2737//2737 2738//2738 2739//2739
f 2740//2740 2741//2741 2742//2742
f 2743//2743 2744//2744 2745//2745
f 2746//2746 2747//2747 2748//2748
f 2749//2749 2750//2750 2751//2751
f 2752//2752 2753//2753 2754//2754
f 2755//2755 2756//2756 2757//2757
f 2758//2758 2759//2759 2760//2760
f 2761//2761 2762//2762 2763//2763
f 2764//2764 2765//2765 2766//2766
f 2767//2767 2768//2768 2769//2769
f 2770//2770 2771//2771 2772//2772
f 2773//2773 2774//2774 2775//2775
f 2776//2776 2777//2777 2778//2778
f 2779//2779 2780//2780 2781//2781
f 2782//2782 2783//2783 2784//2784
f 2785//2785 2786//2786 2787//2787
f 2788//2788 2789//2789 2790//2790
f 2791//2791 2792//2792 2793//2793
f 2794//2794 2795//2795 2796//2796
f 2797//2797 2798//2798 2799//2799
f 2800//2800 2801//2801 2802//2802
f 2803//2803 2804//2804 2805//2805
f 2806//2806 2807//2807 2808//2808
f 2809//2809 2810//2810 2811//2811
f 2812//2812 2813//2813 2814//2814
f 2815//2815 2816//2816 2817//2817
f 2818//2818 2819//2819 2820//2820
f 2821//2821 2822//2822 2823//2823
f 2824//2824 2825//2825 2826//2826
f 2827//2827 2828//2828 2829//2829
f 2830//2830 2831//2831 2832//2832
f 2833//2833 2834//2834 2835//2835
f 2836//2836 2837//2837 2838//2838
f 2839//2839 2840//2840 2841//2841
f 2842//2842 2843//2843 2844//2844
f 2845//2845 2846//2846 2847//2847
f 2848//2848 2849//2849 2850//2850
f 2851//2851 2852//2852 2853//2853
f 2854//2854 2855//2855 2856//2856
f 2857//2857 2858//2858 2859//2859
f 2860//2860 2861//2861 2862//2862
f 2863//2863 2864//2864 2865//2865
f 2866//2866 2867//2867 2868//2868
f 2869//2869 2870//2870 2871//2871
f 2872//2872 2873//2873 2874//2874
f 2875//2875 2876//2876 2877//2877
f 2878//2878 2879//2879 2880//2880
f 2881//2881 2882//2882 2883//2883
f 2884//2884 2885//2885 2886//2886
f 2887//2887 2888//2888 2889//2889
f 2890//2890 2891//2891 2892//2892
f 2893//2893 2894//2894 2895//2895
f 2896//2896 2897//2897 2898//2898
f 2899//2899 2900//2900 2901//2901
f 2902//2902 2903//2903 2904//2904
f 2905//2905 2906//2906 2907//2907
f 2908//2908 2909//2909 2910//2910
f 2911//2911 2912//2912 2913//2913
f 2914//2914 2915//2915 2916//2916
f 2917//2917 2918//2918 2919//2919
f 2920//2920 2921//2921 2922//2922
f 2923//2923 2924//2924 2925//2925
f 2926//2926 2927//2927 2928//2928
f 2929//2929 2930//2930 2931//2931
f 2932//2932 2933//2933 2934//2934
f 2935//2935 2936//2936 2937//2937
f 2938//2938 2939//2939 2940//2940
f 2941//2941 2942//2942 2943//2943
f 2944//2944 2945//2945 2946//2946
f 2947//2947 2948//2948 2949//2949
f 2950//2950 2951//2951 2952//2952
f 2953//2953 2954//2954 2955//2955
f 2956//2956 2957//2957 2958//2958
f 2959//2959 2960//2960 2961//2961
f 2962//2962 2963//2963 2964//2964
f 2965//2965 2966//2966 2967//2967
f 2968//2968 2969//2969 2970//2970
f 2971//2971 2972//2972 2973//2973
f 2974//2974 2975//2975 2976//2976
f 2977//2977 2978//2978 2979//2979
f 2980//2980 2981//2981 2982//2982
f 2983//2983 2984//2984 2985//2985
f 2986//2986 2987//2987 2988//2988
f 2989//2989 2990//2990 2991//2991
f 2992//2992 2993//2993 2994//2994
f 2995//2995 2996//2996 2997//2997
f 2998//2998 2999//2999 3000//3000
f 3001//3001 3002//3002 3003//3003
f 3004//3004 3005//3005 3006//3006
f 3007//3007 3008//3008 3009//3009
f 3010//3010 3011//3011 3012//3012
f 3013//3013 3014//3014 3015//3015
f 3016//3016 3017//3017 3018//3018
f 3019//3019 3020//3020 3021//3021
f 3022//3022 3023//3023 3024//3024
f 3025//3025 3026//3026 3027//3027
f 3028//3028 3029//3029 3030//3030
f 3031//3031 3032//3032 3033//3033
f 3034//3034 3035//3035 3036//3036
f 3037//3037 3038//3038 3039//3039
f 3040//3040 3041//3041 3042//3042
f 3043//3043 3044//3044 3045//3045
f 3046//3046 3047//3047 3048//3048
f 3049//3049 3050//3050 3051//3051
f 3052//3052 3053//3053 3054//3054
f 3055//3055 3056//3056 3057//3057
f 3058//3058 3059//3059 3060//3060
f 3061//3061 3062//3062 3063//3063
f 3064//3064 3065//3065 3066//3066
f 3067//3067 3068//3068 3069//3069
f 3070//3070 3071//3071 3072//3072
f 3073//3073 3074//3074 3075//3075
f 3076//3076 3077//3077 3078//3078
f 3079//3079 3080//3080 3081//3081
f 3082//3082 3083//3083 3084//3084
f 3085//3085 3086//3086 3087//3087
f 3088//3088 3089//3089 3090//3090
f 3091//3091 3092//3092 3093//3093
f 3094//3094 3095//3095 3096//3096
f 3097//3097 3098//3098 3099//3099
f 3100//3100 3101//3101 3102//3102
f 3103//3103 3104//3104 3105//3105
f 3106//3106 3107//3107 3108//3108
f 3109//3109 3110//3110 3111//3111
f 3112//3112 3113//3113 3114//3114
f 3115//3115 3116//3116 3117//3117
f 3118//3118 3119//3119 3120//3120
f 3121//3121 3122//3122 3123//3123
f 3124//3124 3125//3125 3126//3126
f 3127//3127 3128//3128 3129//3129
f 3130//3130 3131//3131 3132//3132
f 3133//3133 3134//3134 3135//3135
f 3136//3136 3137//3137 3138//3138
f 3139//3139 3140//3140 3141//3141
f 3142//3142 3143//3143 3144//3144
f 3145//3145 3146//3146 3147//3147
f 3148//3148 3149//3149 3150//3150
f 3151//3151 3152//3152 3153//3153
f 3154//3154 3155//3155 3156//3156
f 3157//3157 3158//3158 3159//3159
f 3160//3160 3161//3161 3162//3162
f 3163//3163 3164//3164 3165//3165
f 3166//3166 3167//3167 3168//3168
f 3169//3169 3170//3170 3171//3171
f 3172//3172 3173//3173 3174//3174
f 3175//3175 3176//3176 3177//3177
f 3178//3178 3179//3179 3180//3180
f 3181//3181 3182//3182 3183//3183
f 3184//3184 3185//3185 3186//3186
f 3187//3187 3188//3188 3189//3189
f 3190//3190 3191//3191 3192//3192
f 3193//3193 3194//3194 3195//3195
f 3196//3196 3197//3197 3198//3198
f 3199//3199 3200//3200 3201//3201
f 3202//3202 3203//3203 3204//3204
f 3205//3205 3206//3206 3207//3207
f 3208//3208 3209//3209 3210//3210
f 3211//3211 3212//3212 3213//3213
f 3214//3214 3215//3215 3216//3216
f 3217//3217 3218//3218 3219//3219
f 3220//3220 3221//3221 3222//3222
f 3223//3223 3224//3224 3225//3225
f 3226//3226 3227//3227 3228//3228
f 3229//3229 3230//3230 3231//3231
f 3232//3232 3233//3233 3234//3234
f 3235//3235 3236//3236 3237//3237
f 3238//3238 3239//3239 3240//3240
f 3241//3241 3242//3242 3243//3243
f 3244//3244 3245//3245 3246//3246
f 3247//3247 3248//3248 3249//3249
f 3250//3250 3251//3251 3252//3252
f 3253//3253 3254//3254 3255//3255
f 3256//3256 3257//3257 3258//3258
f 3259//3259 3260//3260 3261//3261
f 3262//3262 3263//3263 3264//3264
f 3265//3265 3266//3266 3267//3267
f 3268//3268 3269//3269 3270//3270
f 3271//3271 3272//3272 3273//3273
f 3274//3274 3275//3275 3276//3276
f 3277//3277 3278//3278 3279//3279
f 3280//3280 3281//3281 3282//3282
f 3283//3283 3284//3284 3285//3285
f 3286//3286 3287//3287 3288//3288
f 3289//3289 3290//3290 3291//3291
f 3292//3292 3293//3293 3294//3294
f 3295//3295 3296//3296 3297//3297
f 3298//3298 3299//3299 3300//3300
f 3301//3301 3302//3302 3303//3303
f 3304//3304 3305//3305 3306//3306
f 3307//3307 3308//3308 3309//3309
f 3310//3310 3311//3311 3312//3312
f 3313//3313 3314//3314 3315//3315
f 3316//3316 3317//3317 3318//3318
f 3319//3319 3320//3320 3321//3321
f 3322//3322 3323//3323 3324//3324
f 3325//3325 3326//3326 3327//3327
f 3328//3328 3329//3329 3330//3330
f 3331//3331 3332//3332 3333//3333
f 3334//3334 3335//3335 3336//3336
f 3337//3337 3338//3338 3339//3339
f 3340//3340 3341//3341 3342//3342
f 3343//3343 3344//3344 3345//3345
f 3346//3346 3347//3347 3348//3348
f 3349//3349 3350//3350 3351//3351
f 3352//3352 3353//3353 3354//3354
f 3355//3355 3356//3356 3357//3357
f 3358//3358 3359//3359 3360//3360
f 3361//3361 3362//3362 3363//3363
f 3364//3364 3365//3365 3366//3366
f 3367//3367 3368//3368 3369//3369
f 3370//3370 3371//3371 3372//3372
f 3373//3373 3374//3374 3375//3375
f 3376//3376 3377//3377 3378//3378
f 3379//3379 3380//3380 3381//3381
f 3382//3382 3383//3383 3384//3384
f 3385//3385 3386//3386 3387//3387
f 3388//3388 3389//3389 3390//3390
f 3391//3391 3392//3392 3393//3393
f 3394//3394 3395//3395 3396//3396
f 3397//3397 3398//3398 3399//3399
f 3400//3400 3401//3401 3402//3402
f 3403//3403 3404//3404 3405//3405
f 3406//3406 3407//3407 3408//3408
f 3409//3409 3410//3410 3411//3411
f 3412//3412 3413//3413 3414//3414
f 3415//3415 3416//3416 3417//3417
f 3418//3418 3419//3419 3420//3420
f 3421//3421 3422//3422 3423//3423
f 3424//3424 3425//3425 3426//3426
f 3427//3427 3428//3428 3429//3429
f 3430//3430 3431//3431 3432//3432
f 3433//3433 3434//3434 3435//3435
f 3436//3436 3437//3437 3438//3438
f 3439//3439 3440//3440 3441//3441
f 3442//3442 3443//3443 3444//3444
f 3445//3445 3446//3446 3447//3447
f 3448//3448 3449//3449 3450//3450
f 3451//3451 3452//3452 3453//3453
f 3454//3454 3455//3455 3456//3456
f 3457//3457 3458//3458 3459//3459
f 3460//3460 3461//3461 3462//3462
f 3463//3463 3464//3464 3465//3465
f 3466//3466 3467//3467 3468//3468
f 3469//3469 3470//3470 3471//3471
f 3472//3472 3473//3473 3474//3474
f 3475//3475 3476//3476 3477//3477
f 3478//3478 3479//3479 3480//3480
f 3481//3481 3482//3482 3483//3483
f 3484//3484 3485//3485 3486//3486
f 3487//3487 3488//3488 3489//3489
f 3490//3490 3491//3491 3492//3492
f 3493//3493 3494//3494 3495//3495
f 3496//3496 3497//3497 3498//3498
f 3499//3499 3500//3500 3501//3501
f 3502//3502 3503//3503 3504//3504
f 3505//3505 3506//3506 3507//3507
f 3508//3508 3509//3509 3510//3510
f 3511//3511 3512//3512 3513//3513
f 3514//3514 3515//3515 3516//3516
f 3517//3517 3518//3518 3519//3519
f 3520//3520 3521//3521 3522//3522
f 3523//3523 3524//3524 3525//3525
f 3526//3526 3527//3527 3528//3528
f 3529//3529 3530//3530 3531//3531
f 3532//3532 3533//3533 3534//3534
f 3535//3535 3536//3536 3537//3537
f 3538//3538 3539//3539 3540//3540
f 3541//3541 3542//3542 3543//3543
f 3544//3544 3545//3545 3546//3546
f 3547//3547 3548//3548 3549//3549
f 3550//3550 3551//3551 3552//3552
f 3553//3553 3554//3554 3555//3555
f 3556//3556 3557//3557 3558//3558
f 3559//3559 3560//3560 3561//3561
f 3562//3562 3563//3563 3564//3564
f 3565//3565 3566//3566 3567//3567
f 3568//3568 3569//3569 3570//3570
f 3571//3571 3572//3572 3573//3573
f 3574//3574 3575//3575 3576//3576
f 3577//3577 3578//3578 3579//3579
f 3580//3580 3581//3581 3582//3582
f 3583//3583 3584//3584 3585//3585
f 3586//3586 3587//3587 3588//3588
f 3589//3589 3590//3590 3591//3591
f 3592//3592 3593//3593 3594//3594
f 3595//3595 3596//3596 3597//3597
f 3598//3598 3599//3599 3600//3600
f 3601//3601 3602//3602 3603//3603
f 3604//3604 3605//3605 3606//3606
f 3607//3607 3608//3608 3609//3609
f 3610//3610 3611//3611 3612//3612
f 3613//3613 3614//3614 3615//3615
f 3616//3616 3617//3617 3618//3618
f 3619//3619 3620//3620 3621//3621
f 3622//3622 3623//3623 3624//3624
f 3625//3625 3626//3626 3627//3627
f 3628//3628 3629//3629 3630//3630
f 3631//3631 3632//3632 3633//3633
f 3634//3634 3635//3635 3636//3636
f 3637//3637 3638//3638 3639//3639
f 3640//3640 3641//3641 3642//3642
f 3643//3643 3644//3644 3645//3645
f 3646//3646 3647//3647 3648//3648
f 3649//3649 3650//3650 3651//3651
f 3652//3652 3653//3653 3654//3654
f 3655//3655 3656//3656 3657//3657
f 3658//3658 3659//3659 3660//3660
f 3661//3661 3662//3662 3663//3663
f 3664//3664 3665//3665 3666//3666
f 3667//3667 3668//3668 3669//3669
f 3670//3670 3671//3671 3672//3672
f 3673//3673 3674//3674 3675//3675
f 3676//3676 3677//3677 3678//3678
f 3679//3679 3680//3680 3681//3681
f 3682//3682 3683//3683 3684//3684
f 3685//3685 3686//3686 3687//3687
f 3688//3688 3689//3689 3690//3690
f 3691//3691 3692//3692 3693//3693
f 3694//3694 3695//3695 3696//3696
f 3697//3697 3698//3698 3699//3699
f 3700//3700 3701//3701 3702//3702
f 3703//3703 3704//3704 3705//3705
f 3706//3706 3707//3707 3708//3708
f 3709//3709 3710//3710 3711//3711
f 3712//3712 3713//3713 3714//3714
f 3715//3715 3716//3716 3717//3717
f 3718//3718 3719//3719 3720//3720
f 3721//3721 3722//3722 3723//3723
f 3724//3724 3725//3725 3726//3726
f 3727//3727 3728//3728 3729//3729
f 3730//3730 3731//3731 3732//3732
f 3733//3733 3734//3734 3735//3735
f 3736//3736 3737//3737 3738//3738
f 3739//3739 3740//3740 3741//3741
f 3742//3742 3743//3743 3744//3744
f 3745//3745 3746//3746 3747//3747
f 3748//3748 3749//3749 3750//3750
f 3751//3751 3752//3752 3753//3753
f 3754//3754 3755//3755 3756//3756
f 3757//3757 3758//3758 3759//3759
f 3760//3760 3761//3761 3762//3762
f 3763//3763 3764//3764 3765//3765
f 3766//3766 3767//3767 3768//3768
f 3769//3769 3770//3770 3771//3771
f 3772//3772 3773//3773 3774//3774
f 3775//3775 3776//3776 3777//3777
f 3778//3778 3779//3779 3780//3780
f 3781//3781 3782//3782 3783//3783
f 3784//3784 3785//3785 3786//3786
f 3787//3787 3788//3788 3789//3789
f 3790//3790 3791//3791 3792//3792
f 3793//3793 3794//3794 3795//3795
f 3796//3796 3797//3797 3798//3798
f 3799//3799 3800//3800 3801//3801
f 3802//3802 3803//3803 3804//3804
f 3805//3805 3806//3806 3807//3807
f 3808//3808 3809//3809 3810//3810
f 3811//3811 3812//3812 3813//3813
f 3814//3814 3815//3815 3816//3816
f 3817//3817 3818//3818 3819//3819
f 3820//3820 3821//3821 3822//3822
f 3823//3823 3824//3824 3825//3825
f 3826//3826 3827//3827 3828//3828
f 3829//3829 3830//3830 3831//3831
f 3832//3832 3833//3833 3834//3834
f 3835//3835 3836//3836 3837//3837
f 3838//3838 3839//3839 3840//3840
f 3841//3841 3842//3842 3843//3843
f 3844//3844 3845//3845 3846//3846
f 3847//3847 3848//3848 3849//3849
f 3850//3850 3851//3851 3852//3852
f 3853//3853 3854//3854 3855//3855
f 3856//3856 3857//3857 3858//3858
f 3859//3859 3860//3860 3861//3861
f 3862//3862 3863//3863 3864//3864
f 3865//3865 3866//3866 3867//3867
f 3868//3868 3869//3869 3870//3870
f 3871//3871 3872//3872 3873//3873
f 3874//3874 3875//3875 3876//3876
f 3877//3877 3878//3878 3879//3879
f 3880//3880 3881//3881 3882//3882
f 3883//3883 3884//3884 3885//3885
f 3886//3886 3887//3887 3888//3888
f 3889//3889 3890//3890 3891//3891
f 3892//3892 3893//3893 3894//3894
f 3895//3895 3896//3896 3897//3897
f 3898//3898 3899//3899 3900//3900
f 3901//3901 3902//3902 3903//3903
f 3904//3904 3905//3905 3906//3906
f 3907//3907 3908//3908 3909//3909
f 3910//3910 3911//3911 3912//3912
f 3913//3913 3914//3914 3915//3915
f 3916//3916 3917//3917 3918//3918
f 3919//3919 3920//3920 3921//3921
f 3922//3922 3923//3923 3924//3924
f 3925//3925 3926//3926 3927//3927
f 3928//3928 3929//3929 3930//3930
f 3931//3931 3932//3932 3933//3933
f 3934//3934 3935//3935 3936//3936
f 3937//3937 3938//3938 3939//3939
f 3940//3940 3941//3941 3942//3942
f 3943//3943 3944//3944 3945//3945
f 3946//3946 3947//3947 3948//3948
f 3949//3949 3950//3950 3951//3951
f 3952//3952 3953//3953 3954//3954
f 3955//3955 3956//3956 3957//3957
f 3958//3958 3959//3959 3960//3960
f 3961//3961 3962//3962 3963//3963
f 3964//3964 3965//3965 3966//3966
f 3967//3967 3968//3968 3969//3969
f 3970//3970 3971//3971 3972//3972
f 3973//3973 3974//3974 3975//3975
f 3976//3976 3977//3977 3978//3978
f 3979//3979 3980//3980 3981//3981
f 3982//3982 3983//3983 3984//3984
f 3985//3985 3986//3986 3987//3987
f 3988//3988 3989//3989 3990//3990
f 3991//3991 3992//3992 3993//3993
f 3994//3994 3995//3995 3996//3996
f 3997//3997 3998//3998 3999//3999
f 4000//4000 4001//4001 4002//4002
f 4003//4003 4004//4004 4005//4005
f 4006//4006 4007//4007 4008//4008
f 4009//4009 4010//4010 4011//4011
f 4012//4012 4013//4013 4014//4014
f 4015//4015 4016//4016 4017//4017
f 4018//4018 4019//4019 4020//4020
f 4021//4021 4022//4022 4023//4023
f 4024//4024 4025//4025 4026//4026
f 4027//4027 4028//4028 4029//4029
f 4030//4030 4031//4031 4032//4032
f 4033//4033 4034//4034 4035//4035
f 4036//4036 4037//4037 4038//4038
f 4039//4039 4040//4040 4041//4041
f 4042//4042 4043//4043 4044//4044
f 4045//4045 4046//4046 4047//4047
f 4048//4048 4049//4049 4050//4050
f 4051//4051 4052//4052 4053//4053
f 4054//4054 4055//4055 4056//4056
f 4057//4057 4058//4058 4059//4059
f 4060//4060 4061//4061 4062//4062
f 4063//4063 4064//4064 4065//4065
f 4066//4066 4067//4067 4068//4068
f 4069//4069 4070//4070 4071//4071
f 4072//4072 4073//4073 4074//4074
f 4075//4075 4076//4076 4077//4077
f 4078//4078 4079//4079 4080//4080
f 4081//4081 4082//4082 4083//4083
f 4084//4084 4085//4085 4086//4086
f 4087//4087 4088//4088 4089//4089
f 4090//4090 4091//4091 4092//4092
f 4093//4093 4094//4094 4095//4095
f 4096//4096 4097//4097 4098//4098
f 4099//4099 4100//4100 4101//4101
f 4102//4102 4103//4103 4104//4104
f 4105//4105 4106//4106 4107//4107
f 4108//4108 4109//4109 4110//4110
f 4111//4111 4112//4112 4113//4113
f 4114//4114 4115//4115 4116//4116
f 4117//4117 4118//4118 4119//4119
f 4120//4120 4121//4121 4122//4122
f 4123//4123 4124//4124 4125//4125
f 4126//4126 4127//4127 4128//4128
f 4129//4129 4130//4130 4131//4131
f 4132//4132 4133//4133 4134//4134
f 4135//4135 4136//4136 4137//4137
f 4138//4138 4139//4139 4140//4140
f 4141//4141 4142//4142 4143//4143
f 4144//4144 4145//4145 4146//4146
f 4147//4147 4148//4148 4149//4149
f 4150//4150 4151//4151 4152//4152
f 4153//4153 4154//4154 4155//4155
f 4156//4156 4157//4157 4158//4158
f 4159//4159 4160//4160 4161//4161
f 4162//4162 4163//4163 4164//4164
f 4165//4165 4166//4166 4167//4167
f 4168//4168 4169//4169 4170//4170
f 4171//4171 4172//4172 4173//4173
f 4174//4174 4175//4175 4176//4176
f 4177//4177 4178//4178 4179//4179
f 4180//4180 4181//4181 4182//4182
f 4183//4183 4184//4184 4185//4185
f 4186//4186 4187//4187 4188//4188
f 4189//4189 4190//4190 4191//4191
f 4192//4192 4193//4193 4194//4194
f 4195//4195 4196//4196 4197//4197
f 4198//4198 4199//4199 4200//4200
f 4201//4201 4202//4202 4203//4203
f 4204//4204 4205//4205 4206//4206
f 4207//4207 4208//4208 4209//4209
f 4210//4210 4211//4211 4212//4212
f 4213//4213 4214//4214 4215//4215
f 4216//4216 4217//4217 4218//4218
f 4219//4219 4220//4220 4221//4221
f 4222//4222 4223//4223 4224//4224
f 4225//4225 4226//4226 4227//4227
f 4228//4228 4229//4229 4230//4230
f 4231//4231 4232//4232 4233//4233
f 4234//4234 4235//4235 4236//4236
f 4237//4237 4238//4238 4239//4239
f 4240//4240 4241//4241 4242//4242
f 4243//4243 4244//4244 4245//4245
f 4246//4246 4247//4247 4248//4248
f 4249//4249 4250//4250 4251//4251
f 4252//4252 4253//4253 4254//4254
f 4255//4255 4256//4256 4257//4257
f 4258//4258 4259//4259 4260//4260
f 4261//4261 4262//4262 4263//4263
f 4264//4264 4265//4265 4266//4266
f 4267//4267 4268//4268 4269//4269
f 4270//4270 4271//4271 4272//4272
f 4273//4273 4274//4274 4275//4275
f 4276//4276 4277//4277 4278//4278
f 4279//4279 4280//4280 4281//4281
f 4282//4282 4283//4283 4284//4284
f 4285//4285 4286//4286 4287//4287
f 4288//4288 4289//4289 4290//4290
f 4291//4291 4292//4292 4293//4293
f 4294//4294 4295//4295 4296//4296
f 4297//4297 4298//4298 4299//4299
f 4300//4300 4301//4301 4302//4302
f 4303//4303 4304//4304 4305//4305
f 4306//4306 4307//4307 4308//4308
f 4309//4309 4310//4310 4311//4311
f 4312//4312 4313//4313 4314//4314
f 4315//4315 4316//4316 4317//4317
f 4318//4318 4319//4319 4320//4320
f 4321//4321 4322//4322 4323//4323
f 4324//4324 4325//4325 4326//4326
f 4327//4327 4328//4328 4329//4329
f 4330//4330 4331//4331 4332//4332
f 4333//4333 4334//4334 4335//4335
f 4336//4336 4337//4337 4338//4338
f 4339//4339 4340//4340 4341//4341
f 4342//4342 4343//4343 4344//4344
f 4345//4345 4346//4346 4347//4347
f 4348//4348 4349//4349 4350//4350
f 4351//4351 4352//4352 4353//4353
f 4354//4354 4355//4355 4356//4356
f 4357//4357 4358//4358 4359//4359
f 4360//4360 4361//4361 4362//4362
f 4363//4363 4364//4364 4365//4365
f 4366//4366 4367//4367 4368//4368
f 4369//4369 4370//4370 4371//4371
f 4372//4372 4373//4373 4374//4374
f 4375//4375 4376//4376 4377//4377
f 4378//4378 4379//4379 4380//4380
f 4381//4381 4382//4382 4383//4383
f 4384//4384 4385//4385 4386//4386
f 4387//4387 4388//4388 4389//4389
f 4390//4390 4391//4391 4392//4392
f 4393//4393 4394//4394 4395//4395
f 4396//4396 4397//4397 4398//4398
f 4399//4399 4400//4400 4401//4401
f 4402//4402 4403//4403 4404//4404
f 4405//4405 4406//4406 4407//4407
f 4408//4408 4409//4409 4410//4410
f 4411//4411 4412//4412 4413//4413
f 4414//4414 4415//4415 4416//4416
f 4417//4417 4418//4418 4419//4419
f 4420//4420 4421//4421 4422//4422
f 4423//4423 4424//4424 4425//4425
f 4426//4426 4427//4427 4428//4428
f 4429//4429 4430//4430 4431//4431
f 4432//4432 4433//4433 4434//4434
f 4435//4435 4436//4436 4437//4437
f 4438//4438 4439//4439 4440//4440
f 4441//4441 4442//4442 4443//4443
f 4444//4444 4445//4445 4446//4446
f 4447//4447 4448//4448 4449//4449
f 4450//4450 4451//4451 4452//4452
f 4453//4453 4454//4454 4455//4455
f 4456//4456 4457//4457 4458//4458
f 4459//4459 4460//4460 4461//4461
f 4462//4462 4463//4463 4464//4464
f 4465//4465 4466//4466 4467//4467
f 4468//4468 4469//4469 4470//4470
f 4471//4471 4472//4472 4473//4473
f 4474//4474 4475//4475 4476//4476
f 4477//4477 4478//4478 4479//4479
f 4480//4480 4481//4481 4482//4482
f 4483//4483 4484//4484 4485//4485
f 4486//4486 4487//4487 4488//4488
f 4489//4489 4490//4490 4491//4491
f 4492//4492 4493//4493 4494//4494
f 4495//4495 4496//4496 4497//4497
f 4498//4498 4499//4499 4500//4500
f 4501//4501 4502//4502 4503//4503
f 4504//4504 4505//4505 4506//4506
f 4507//4507 4508//4508 4509//4509
f 4510//4510 4511//4511 4512//4512
f 4513//4513 4514//4514 4515//4515
f 4516//4516 4517//4517 4518//4518
f 4519//4519 4520//4520 4521//4521
f 4522//4522 4523//4523 4524//4524
f 4525//4525 4526//4526 4527//4527
f 4528//4528 4529//4529 4530//4530
f 4531//4531 4532//4532 4533//4533
f 4534//4534 4535//4535 4536//4536
f 4537//4537 4538//4538 4539//4539
f 4540//4540 4541//4541 4542//4542
f 4543//4543 4544//4544 4545//4545
f 4546//4546 4547//4547 4548//4548
f 4549//4549 4550//4550 4551//4551
f 4552//4552 4553//4553 4554//4554
f 4555//4555 4556//4556 4557//4557
f 4558//4558 4559//4559 4560//4560
f 4561//4561 4562//4562 4563//4563
f 4564//4564 4565//4565 4566//4566
f 4567//4567 4568//4568 4569//4569
f 4570//4570 4571//4571 4572//4572
f 4573//4573 4574//4574 4575//4575
f 4576//4576 4577//4577 4578//4578
f 4579//4579 4580//4580 4581//4581
f 4582//4582 4583//4583 4584//4584
f 4585//4585 4586//4586 4587//4587
f 4588//4588 4589//4589 4590//4590
f 4591//4591 4592//4592 4593//4593
f 4594//4594 4595//4595 4596//4596
f 4597//4597 4598//4598 4599//4599
f 4600//4600 4601//4601 4602//4602
f 4603//4603 4604//4604 4605//4605
f 4606//4606 4607//4607 4608//4608
f 4609//4609 4610//4610 4611//4611
f 4612//4612 4613//4613 4614//4614
f 4615//4615 4616//4616 4617//4617
f 4618//4618 4619//4619 4620//4620
f 4621//4621 4622//4622 4623//4623
f 4624//4624 4625//4625 4626//4626
f 4627//4627 4628//4628 4629//4629
f 4630//4630 4631//4631 4632//4632
f 4633//4633 4634//4634 4635//4635
f 4636//4636 4637//4637 4638//4638
f 4639//4639 4640//4640 4641//4641
f 4642//4642 4643//4643 4644//4644
f 4645//4645 4646//4646 4647//4647
f 4648//4648 4649//4649 4650//4650
f 4651//4651 4652//4652 4653//4653
f 4654//4654 4655//4655 4656//4656
f 4657//4657 4658//4658 4659//4659
f 4660//4660 4661//4661 4662//4662
f 4663//4663 4664//4664 4665//4665
f 4666//4666 4667//4667 4668//4668
f 4669//4669 4670//4670 4671//4671
f 4672//4672 4673//4673 4674//4674
f 4675//4675 4676//4676 4677//4677
f 4678//4678 4679//4679 4680//4680
f 4681//4681 4682//4682 4683//4683
f 4684//4684 4685//4685 4686//4686
f 4687//4687 4688//4688 4689//4689
f 4690//4690 4691//4691 4692//4692
f 4693//4693 4694//4694 4695//4695
f 4696//4696 4697//4697 4698//4698
f 4699//4699 4700//4700 4701//4701
f 4702//4702 4703//4703 4704//4704
f 4705//4705 4706//4706 4707//4707
f 4708//4708 4709//4709 4710//4710
f 4711//4711 4712//4712 4713//4713
f 4714//4714 4715//4715 4716//4716
f 4717//4717 4718//4718 4719//4719
f 4720//4720 4721//4721 4722//4722
f 4723//4723 4724//4724 4725//4725
f 4726//4726 4727//4727 4728//4728
f 4729//4729 4730//4730 4731//4731
f 4732//4732 4733//4733 4734//4734
f 4735//4735 4736//4736 4737//4737
f 4738//4738 4739//4739 4740//4740
f 4741//4741 4742//4742 4743//4743
f 4744//4744 4745//4745 4746//4746
f 4747//4747 4748//4748 4749//4749
f 4750//4750 4751//4751 4752//4752
f 4753//4753 4754//4754 4755//4755
f 4756//4756 4757//4757 4758//4758
f 4759//4759 4760//4760 4761//4761
f 4762//4762 4763//4763 4764//4764
f 4765//4765 4766//4766 4767//4767
f 4768//4768 4769//4769 4770//4770
f 4771//4771 4772//4772 4773//4773
f 4774//4774 4775//4775 4776//4776
f 4777//4777 4778//4778 4779//4779
f 4780//4780 4781//4781 4782//4782
f 4783//4783 4784//4784 4785//4785
f 4786//4786 4787//4787 4788//4788
f 4789//4789 4790//4790 4791//4791
f 4792//4792 4793//4793 4794//4794
f 4795//4795 4796//4796 4797//4797
f 4798//4798 4799//4799 4800//4800
f 4801//4801 4802//4802 4803//4803
f 4804//4804 4805//4805 4806//4806
f 4807//4807 4808//4808 4809//4809
f 4810//4810 4811//4811 4812//4812
f 4813//4813 4814//4814 4815//4815
f 4816//4816 4817//4817 4818//4818
f 4819//4819 4820//4820 4821//4821
f 4822//4822 4823//4823 4824//4824
f 4825//4825 4826//4826 4827//4827
f 4828//4828 4829//4829 4830//4830
f 4831//4831 4832//4832 4833//4833
f 4834//4834 4835//4835 4836//4836
f 4837//4837 4838//4838 4839//4839
f 4840//4840 4841//4841 4842//4842
