o 
v 1.0699520111083984 -38.23073959350586 5.336517333984375
v 1.0600757598876953 -37.43476486206055 0
v 9.222641944885254 -36.68217468261719 0
v 9.222641944885254 -36.68217468261719 0
v 9.403833389282227 -37.383140563964844 5.336517333984375
v 1.0699520111083984 -38.23073959350586 5.336517333984375
v 9.403833389282227 -37.383140563964844 5.336517333984375
v 9.222641944885254 -36.68217468261719 0
v 16.228858947753906 -33.582008361816406 0
v 16.228858947753906 -33.582008361816406 0
v 16.557050704956055 -34.292362213134766 5.336517333984375
v 9.403833389282227 -37.383140563964844 5.336517333984375
v 16.557050704956055 -34.292362213134766 5.336517333984375
v 16.228858947753906 -33.582008361816406 0
v 20.622360229492188 -26.925792694091797 0
v 20.622360229492188 -26.925792694091797 0
v 21.406673431396484 -27.903480529785156 5.336517333984375
v 16.557050704956055 -34.292362213134766 5.336517333984375
v 21.406673431396484 -27.903480529785156 5.336517333984375
v 20.622360229492188 -26.925792694091797 0
v 26.48853302001953 -21.727317810058594 0
v 26.48853302001953 -21.727317810058594 0
v 27.442827224731445 -22.648334503173828 5.336517333984375
v 21.406673431396484 -27.903480529785156 5.336517333984375
v 27.442827224731445 -22.648334503173828 5.336517333984375
v 26.48853302001953 -21.727317810058594 0
v 34.71436309814453 -19.430461883544922 0
v 34.71436309814453 -19.430461883544922 0
v 35.47736358642578 -19.896289825439453 5.336517333984375
v 27.442827224731445 -22.648334503173828 5.336517333984375
v 35.47736358642578 -19.896289825439453 5.336517333984375
v 34.71436309814453 -19.430461883544922 0
v 39.76283264160156 -14.284384727478027 0
v 39.76283264160156 -14.284384727478027 0
v 40.584930419921875 -14.589810371398926 5.336517333984375
v 35.47736358642578 -19.896289825439453 5.336517333984375
v 40.584930419921875 -14.589810371398926 5.336517333984375
v 39.76283264160156 -14.284384727478027 0
v 41.99073791503906 -7.10286808013916 0
v 41.99073791503906 -7.10286808013916 0
v 42.859588623046875 -7.257613182067871 5.336517333984375
v 40.584930419921875 -14.589810371398926 5.336517333984375
v 42.859588623046875 -7.257613182067871 5.336517333984375
v 41.99073791503906 -7.10286808013916 0
v 42.76593017578125 0.2125406265258789 0
v 42.76593017578125 0.2125406265258789 0
v 43.65107727050781 0.2113027572631836 5.336517333984375
v 42.859588623046875 -7.257613182067871 5.336517333984375
v 43.65107727050781 0.2113027572631836 5.336517333984375
v 42.76593017578125 0.2125406265258789 0
v 41.93265914916992 7.521526336669922 0
v 41.93265914916992 7.521526336669922 0
v 42.80034637451172 7.673690319061279 5.336517333984375
v 43.65107727050781 0.2113027572631836 5.336517333984375
v 17.131004333496094 35.46133804321289 5.336517333984375
v 16.790943145751953 34.737972259521484 0
v 8.930839538574219 36.839698791503906 0
v 8.930839538574219 36.839698791503906 0
v 9.105945587158203 37.607173919677734 5.336517333984375
v 17.131004333496094 35.46133804321289 5.336517333984375
v 9.105945587158203 37.607173919677734 5.336517333984375
v 8.930839538574219 36.839698791503906 0
v 0.7625598907470703 37.527488708496094 0
v 0.7625598907470703 37.527488708496094 0
v 0.7662239074707031 38.309383392333984 5.336517333984375
v 9.105945587158203 37.607173919677734 5.336517333984375
v 0.7662239074707031 38.309383392333984 5.336517333984375
v 0.7625598907470703 37.527488708496094 0
v -7.399988174438477 36.774925231933594 0
v -7.399988174438477 36.774925231933594 0
v -7.567634582519531 37.54100799560547 5.336517333984375
v 0.7662239074707031 38.309383392333984 5.336517333984375
v -7.567634582519531 37.54100799560547 5.336517333984375
v -7.399988174438477 36.774925231933594 0
v -15.243167877197266 34.610877990722656 0
v -15.243167877197266 34.610877990722656 0
v -15.57541275024414 35.33153533935547 5.336517333984375
v -7.567634582519531 37.54100799560547 5.336517333984375
v -15.57541275024414 35.33153533935547 5.336517333984375
v -15.243167877197266 34.610877990722656 0
v -22.465530395507812 31.11855697631836 0
v -22.465530395507812 31.11855697631836 0
v -22.949356079101562 31.765899658203125 5.336517333984375
v -15.57541275024414 35.33153533935547 5.336517333984375
v -22.949356079101562 31.765899658203125 5.336517333984375
v -22.465530395507812 31.11855697631836 0
v -28.78955078125 26.432147979736328 0
v -28.78955078125 26.432147979736328 0
v -29.40607452392578 26.981121063232422 5.336517333984375
v -22.949356079101562 31.765899658203125 5.336517333984375
v -34.69745635986328 21.161075592041016 5.336517333984375
v -33.97217559814453 20.73175811767578 0
v -37.81425857543945 14.236442565917969 0
v -37.81425857543945 14.236442565917969 0
v -38.6201286315918 14.529440879821777 5.336517333984375
v -34.69745635986328 21.161075592041016 5.336517333984375
v -38.6201286315918 14.529440879821777 5.336517333984375
v -37.81425857543945 14.236442565917969 0
v -40.16816711425781 7.195799827575684 0
v -40.16816711425781 7.195799827575684 0
v -41.02339553833008 7.341034889221191 5.336517333984375
v -38.6201286315918 14.529440879821777 5.336517333984375
v -41.02339553833008 7.341034889221191 5.336517333984375
v -40.16816711425781 7.195799827575684 0
v -40.94339370727539 -0.11956787109375 0
v -40.94339370727539 -0.11956787109375 0
v -41.81486892700195 -0.12789249420166016 5.336517333984375
v -41.02339553833008 7.341034889221191 5.336517333984375
v -41.81486892700195 -0.12789249420166016 5.336517333984375
v -40.94339370727539 -0.11956787109375 0
v -40.11018753051758 -7.428574562072754 0
v -40.11018753051758 -7.428574562072754 0
v -40.964141845703125 -7.590285301208496 5.336517333984375
v -41.81486892700195 -0.12789249420166016 5.336517333984375
v -40.964141845703125 -7.590285301208496 5.336517333984375
v -40.11018753051758 -7.428574562072754 0
v -37.700565338134766 -14.450325965881348 0
v -37.700565338134766 -14.450325965881348 0
v -38.50387954711914 -14.75937557220459 5.336517333984375
v -40.964141845703125 -7.590285301208496 5.336517333984375
v 1.0600757598876953 -37.43476486206055 0
v 1.0699520111083984 -38.23073959350586 5.336517333984375
v -7.269693374633789 -37.52373123168945 5.336517333984375
v -7.269693374633789 -37.52373123168945 5.336517333984375
v -7.108573913574219 -36.746925354003906 0
v 1.0600757598876953 -37.43476486206055 0
v -7.269693374633789 -37.52373123168945 5.336517333984375
v 1.0699520111083984 -38.23073959350586 5.336517333984375
v 1.057973861694336 -35.20817184448242 5.336517333984375
v 1.057973861694336 -35.20817184448242 5.336517333984375
v -6.254779815673828 -34.821895599365234 5.336517333984375
v -7.269693374633789 -37.52373123168945 5.336517333984375
v -15.294742584228516 -35.377899169921875 5.336517333984375
v -7.269693374633789 -37.52373123168945 5.336517333984375
v -6.254779815673828 -34.821895599365234 5.336517333984375
v -6.254779815673828 -34.821895599365234 5.336517333984375
v -14.016197204589844 -32.584720611572266 5.336517333984375
v -15.294742584228516 -35.377899169921875 5.336517333984375
v -22.696746826171875 -31.87090301513672 5.336517333984375
v -15.294742584228516 -35.377899169921875 5.336517333984375
v -14.016197204589844 -32.584720611572266 5.336517333984375
v -14.016197204589844 -32.584720611572266 5.336517333984375
v -20.834491729736328 -29.354293823242188 5.336517333984375
v -22.696746826171875 -31.87090301513672 5.336517333984375
v -29.191261291503906 -27.137542724609375 5.336517333984375
v -22.696746826171875 -31.87090301513672 5.336517333984375
v -20.834491729736328 -29.354293823242188 5.336517333984375
v -20.834491729736328 -29.354293823242188 5.336517333984375
v -26.816852569580078 -24.99420166015625 5.336517333984375
v -29.191261291503906 -27.137542724609375 5.336517333984375
v -34.5286750793457 -21.35968780517578 5.336517333984375
v -29.191261291503906 -27.137542724609375 5.336517333984375
v -26.816852569580078 -24.99420166015625 5.336517333984375
v -26.816852569580078 -24.99420166015625 5.336517333984375
v -31.73336410522461 -19.671985626220703 5.336517333984375
v -34.5286750793457 -21.35968780517578 5.336517333984375
v -38.50387954711914 -14.75937557220459 5.336517333984375
v -34.5286750793457 -21.35968780517578 5.336517333984375
v -31.73336410522461 -19.671985626220703 5.336517333984375
v -31.73336410522461 -19.671985626220703 5.336517333984375
v -35.39509201049805 -13.592179298400879 5.336517333984375
v -38.50387954711914 -14.75937557220459 5.336517333984375
v -40.964141845703125 -7.590285301208496 5.336517333984375
v -38.50387954711914 -14.75937557220459 5.336517333984375
v -35.39509201049805 -13.592179298400879 5.336517333984375
v -35.39509201049805 -13.592179298400879 5.336517333984375
v -37.66132736206055 -6.98842716217041 5.336517333984375
v -40.964141845703125 -7.590285301208496 5.336517333984375
v -41.81486892700195 -0.12789249420166016 5.336517333984375
v -40.964141845703125 -7.590285301208496 5.336517333984375
v -37.66132736206055 -6.98842716217041 5.336517333984375
v -37.66132736206055 -6.98842716217041 5.336517333984375
v -38.44496154785156 -0.11451148986816406 5.336517333984375
v -41.81486892700195 -0.12789249420166016 5.336517333984375
v -41.02339553833008 7.341034889221191 5.336517333984375
v -41.81486892700195 -0.12789249420166016 5.336517333984375
v -38.44496154785156 -0.11451148986816406 5.336517333984375
v -38.44496154785156 -0.11451148986816406 5.336517333984375
v -37.715919494628906 6.765401840209961 5.336517333984375
v -41.02339553833008 7.341034889221191 5.336517333984375
v -38.6201286315918 14.529440879821777 5.336517333984375
v -41.02339553833008 7.341034889221191 5.336517333984375
v -37.715919494628906 6.765401840209961 5.336517333984375
v -37.715919494628906 6.765401840209961 5.336517333984375
v -35.50218200683594 13.386927604675293 5.336517333984375
v -38.6201286315918 14.529440879821777 5.336517333984375
v -34.69745635986328 21.161075592041016 5.336517333984375
v -38.6201286315918 14.529440879821777 5.336517333984375
v -35.50218200683594 13.386927604675293 5.336517333984375
v -35.50218200683594 13.386927604675293 5.336517333984375
v -31.888809204101562 19.495628356933594 5.336517333984375
v -34.69745635986328 21.161075592041016 5.336517333984375
v -22.949356079101562 31.765899658203125 5.336517333984375
v -29.40607452392578 26.981121063232422 5.336517333984375
v -27.014720916748047 24.8566951751709 5.336517333984375
v -27.014720916748047 24.8566951751709 5.336517333984375
v -21.067169189453125 29.264148712158203 5.336517333984375
v -22.949356079101562 31.765899658203125 5.336517333984375
v -15.57541275024414 35.33153533935547 5.336517333984375
v -22.949356079101562 31.765899658203125 5.336517333984375
v -21.067169189453125 29.264148712158203 5.336517333984375
v -21.067169189453125 29.264148712158203 5.336517333984375
v -14.274734497070312 32.54860305786133 5.336517333984375
v -15.57541275024414 35.33153533935547 5.336517333984375
v -7.567634582519531 37.54100799560547 5.336517333984375
v -15.57541275024414 35.33153533935547 5.336517333984375
v -14.274734497070312 32.54860305786133 5.336517333984375
v -14.274734497070312 32.54860305786133 5.336517333984375
v -6.898460388183594 34.58382797241211 5.336517333984375
v -7.567634582519531 37.54100799560547 5.336517333984375
v 0.7662239074707031 38.309383392333984 5.336517333984375
v -7.567634582519531 37.54100799560547 5.336517333984375
v -6.898460388183594 34.58382797241211 5.336517333984375
v -6.898460388183594 34.58382797241211 5.336517333984375
v 0.7782039642333984 35.29161071777344 5.336517333984375
v 0.7662239074707031 38.309383392333984 5.336517333984375
v 9.105945587158203 37.607173919677734 5.336517333984375
v 0.7662239074707031 38.309383392333984 5.336517333984375
v 0.7782039642333984 35.29161071777344 5.336517333984375
v 0.7782039642333984 35.29161071777344 5.336517333984375
v 8.460250854492188 34.644775390625 5.336517333984375
v 9.105945587158203 37.607173919677734 5.336517333984375
v 17.131004333496094 35.46133804321289 5.336517333984375
v 9.105945587158203 37.607173919677734 5.336517333984375
v 8.460250854492188 34.644775390625 5.336517333984375
v 8.460250854492188 34.644775390625 5.336517333984375
v 15.852457046508789 32.66815948486328 5.336517333984375
v 17.131004333496094 35.46133804321289 5.336517333984375
v 24.53300666809082 31.954341888427734 5.336517333984375
v 17.131004333496094 35.46133804321289 5.336517333984375
v 15.852457046508789 32.66815948486328 5.336517333984375
v 15.852457046508789 32.66815948486328 5.336517333984375
v 22.670751571655273 29.437732696533203 5.336517333984375
v 24.53300666809082 31.954341888427734 5.336517333984375
v 31.027496337890625 27.220958709716797 5.336517333984375
v 24.53300666809082 31.954341888427734 5.336517333984375
v 22.670751571655273 29.437732696533203 5.336517333984375
v 22.670751571655273 29.437732696533203 5.336517333984375
v 28.653087615966797 25.077621459960938 5.336517333984375
v 31.027496337890625 27.220958709716797 5.336517333984375
v 36.36491394042969 21.443103790283203 5.336517333984375
v 31.027496337890625 27.220958709716797 5.336517333984375
v 28.653087615966797 25.077621459960938 5.336517333984375
v 28.653087615966797 25.077621459960938 5.336517333984375
v 33.569576263427734 19.75538444519043 5.336517333984375
v 36.36491394042969 21.443103790283203 5.336517333984375
v 40.34011459350586 14.842793464660645 5.336517333984375
v 36.36491394042969 21.443103790283203 5.336517333984375
v 33.569576263427734 19.75538444519043 5.336517333984375
v 33.569576263427734 19.75538444519043 5.336517333984375
v 37.23130416870117 13.675577163696289 5.336517333984375
v 40.34011459350586 14.842793464660645 5.336517333984375
v 42.80034637451172 7.673690319061279 5.336517333984375
v 40.34011459350586 14.842793464660645 5.336517333984375
v 37.23130416870117 13.675577163696289 5.336517333984375
v 37.23130416870117 13.675577163696289 5.336517333984375
v 39.49753189086914 7.071834564208984 5.336517333984375
v 42.80034637451172 7.673690319061279 5.336517333984375
v 43.65107727050781 0.2113027572631836 5.336517333984375
v 42.80034637451172 7.673690319061279 5.336517333984375
v 39.49753189086914 7.071834564208984 5.336517333984375
v 39.49753189086914 7.071834564208984 5.336517333984375
v 40.281166076660156 0.1979207992553711 5.336517333984375
v 43.65107727050781 0.2113027572631836 5.336517333984375
v 42.859588623046875 -7.257613182067871 5.336517333984375
v 43.65107727050781 0.2113027572631836 5.336517333984375
v 40.281166076660156 0.1979207992553711 5.336517333984375
v 40.281166076660156 0.1979207992553711 5.336517333984375
v 39.55211639404297 -6.68198299407959 5.336517333984375
v 42.859588623046875 -7.257613182067871 5.336517333984375
v 40.584930419921875 -14.589810371398926 5.336517333984375
v 42.859588623046875 -7.257613182067871 5.336517333984375
v 39.55211639404297 -6.68198299407959 5.336517333984375
v 39.55211639404297 -6.68198299407959 5.336517333984375
v 37.06972122192383 -13.003037452697754 5.336517333984375
v 40.584930419921875 -14.589810371398926 5.336517333984375
v 35.47736358642578 -19.896289825439453 5.336517333984375
v 40.584930419921875 -14.589810371398926 5.336517333984375
v 37.06972122192383 -13.003037452697754 5.336517333984375
v 37.06972122192383 -13.003037452697754 5.336517333984375
v 30.41910743713379 -15.7147855758667 5.336517333984375
v 35.47736358642578 -19.896289825439453 5.336517333984375
v 27.442827224731445 -22.648334503173828 5.336517333984375
v 35.47736358642578 -19.896289825439453 5.336517333984375
v 30.41910743713379 -15.7147855758667 5.336517333984375
v 30.41910743713379 -15.7147855758667 5.336517333984375
v 24.844348907470703 -20.292255401611328 5.336517333984375
v 27.442827224731445 -22.648334503173828 5.336517333984375
v 21.406673431396484 -27.903480529785156 5.336517333984375
v 27.442827224731445 -22.648334503173828 5.336517333984375
v 24.844348907470703 -20.292255401611328 5.336517333984375
v 24.844348907470703 -20.292255401611328 5.336517333984375
v 18.834659576416016 -24.630210876464844 5.336517333984375
v 21.406673431396484 -27.903480529785156 5.336517333984375
v 16.557050704956055 -34.292362213134766 5.336517333984375
v 21.406673431396484 -27.903480529785156 5.336517333984375
v 18.834659576416016 -24.630210876464844 5.336517333984375
v 18.834659576416016 -24.630210876464844 5.336517333984375
v 13.498468399047852 -29.543315887451172 5.336517333984375
v 16.557050704956055 -34.292362213134766 5.336517333984375
v 9.403833389282227 -37.383140563964844 5.336517333984375
v 16.557050704956055 -34.292362213134766 5.336517333984375
v 13.498468399047852 -29.543315887451172 5.336517333984375
v 13.498468399047852 -29.543315887451172 5.336517333984375
v 8.734658241271973 -34.5003662109375 5.336517333984375
v 9.403833389282227 -37.383140563964844 5.336517333984375
v 1.0699520111083984 -38.23073959350586 5.336517333984375
v 9.403833389282227 -37.383140563964844 5.336517333984375
v 8.734658241271973 -34.5003662109375 5.336517333984375
v 8.734658241271973 -34.5003662109375 5.336517333984375
v 1.057973861694336 -35.20817184448242 5.336517333984375
v 1.0699520111083984 -38.23073959350586 5.336517333984375
v 1.057973861694336 -35.20817184448242 5.336517333984375
v 8.734658241271973 -34.5003662109375 5.336517333984375
v 8.734658241271973 -34.5003662109375 7.7694854736328125
v 8.734658241271973 -34.5003662109375 5.336517333984375
v 13.498468399047852 -29.543315887451172 5.336517333984375
v 13.498468399047852 -29.543315887451172 7.7694854736328125
v 13.498468399047852 -29.543315887451172 7.7694854736328125
v 8.734658241271973 -34.5003662109375 7.7694854736328125
v 8.734658241271973 -34.5003662109375 5.336517333984375
v 13.498468399047852 -29.543315887451172 5.336517333984375
v 18.834659576416016 -24.630210876464844 5.336517333984375
v 18.834659576416016 -24.630210876464844 7.7694854736328125
v 18.834659576416016 -24.630210876464844 7.7694854736328125
v 13.498468399047852 -29.543315887451172 7.7694854736328125
v 13.498468399047852 -29.543315887451172 5.336517333984375
v 18.834659576416016 -24.630210876464844 5.336517333984375
v 24.844348907470703 -20.292255401611328 5.336517333984375
v 24.844348907470703 -20.292255401611328 7.7694854736328125
v 24.844348907470703 -20.292255401611328 7.7694854736328125
v 18.834659576416016 -24.630210876464844 7.7694854736328125
v 18.834659576416016 -24.630210876464844 5.336517333984375
v 24.844348907470703 -20.292255401611328 5.336517333984375
v 30.41910743713379 -15.7147855758667 5.336517333984375
v 30.41910743713379 -15.7147855758667 7.7694854736328125
v 30.41910743713379 -15.7147855758667 7.7694854736328125
v 24.844348907470703 -20.292255401611328 7.7694854736328125
v 24.844348907470703 -20.292255401611328 5.336517333984375
v 30.41910743713379 -15.7147855758667 5.336517333984375
v 37.06972122192383 -13.003037452697754 5.336517333984375
v 37.06972122192383 -13.003037452697754 7.7694854736328125
v 37.06972122192383 -13.003037452697754 7.7694854736328125
v 30.41910743713379 -15.7147855758667 7.7694854736328125
v 30.41910743713379 -15.7147855758667 5.336517333984375
v 37.06972122192383 -13.003037452697754 5.336517333984375
v 39.55211639404297 -6.68198299407959 5.336517333984375
v 39.5521125793457 -6.681981086730957 7.7694854736328125
v 39.5521125793457 -6.681981086730957 7.7694854736328125
v 37.06972122192383 -13.003037452697754 7.7694854736328125
v 37.06972122192383 -13.003037452697754 5.336517333984375
v 39.49753189086914 7.071834564208984 5.336517333984375
v 37.23130416870117 13.675577163696289 5.336517333984375
v 39.69664001464844 14.938325881958008 16.173294067382812
v 39.69664001464844 14.938325881958008 16.173294067382812
v 41.962867736816406 8.334580421447754 16.173294067382812
v 39.49753189086914 7.071834564208984 5.336517333984375
v 37.23130416870117 13.675577163696289 5.336517333984375
v 33.569576263427734 19.75538444519043 5.336517333984375
v 36.034912109375 21.018131256103516 16.173294067382812
v 36.034912109375 21.018131256103516 16.173294067382812
v 39.69664001464844 14.938325881958008 16.173294067382812
v 37.23130416870117 13.675577163696289 5.336517333984375
v 33.569576263427734 19.75538444519043 5.336517333984375
v 28.653087615966797 25.077621459960938 5.336517333984375
v 28.65308952331543 25.077621459960938 7.7694854736328125
v 28.65308952331543 25.077621459960938 7.7694854736328125
v 36.034912109375 21.018131256103516 16.173294067382812
v 33.569576263427734 19.75538444519043 5.336517333984375
v 15.852457046508789 32.66815948486328 5.336517333984375
v 8.460250854492188 34.644775390625 5.336517333984375
v 8.460250854492188 34.644775390625 7.7694854736328125
v 8.460250854492188 34.644775390625 7.7694854736328125
v 15.852457046508789 32.66815948486328 7.7694854736328125
v 15.852457046508789 32.66815948486328 5.336517333984375
v 8.460250854492188 34.644775390625 5.336517333984375
v 0.7782039642333984 35.29161071777344 5.336517333984375
v 0.7782039642333984 35.29161071777344 7.7694854736328125
v 0.7782039642333984 35.29161071777344 7.7694854736328125
v 8.460250854492188 34.644775390625 7.7694854736328125
v 8.460250854492188 34.644775390625 5.336517333984375
v -6.898460388183594 34.58382797241211 5.336517333984375
v -14.274734497070312 32.54860305786133 5.336517333984375
v -14.274734497070312 32.54860305786133 7.7694854736328125
v -14.274734497070312 32.54860305786133 7.7694854736328125
v -6.898460388183594 34.58382797241211 7.7694854736328125
v -6.898460388183594 34.58382797241211 5.336517333984375
v -14.274734497070312 32.54860305786133 5.336517333984375
v -21.067169189453125 29.264148712158203 5.336517333984375
v -21.067169189453125 29.264148712158203 7.7694854736328125
v -21.067169189453125 29.264148712158203 7.7694854736328125
v -14.274734497070312 32.54860305786133 7.7694854736328125
v -14.274734497070312 32.54860305786133 5.336517333984375
v -21.067169189453125 29.264148712158203 5.336517333984375
v -27.014720916748047 24.8566951751709 5.336517333984375
v -27.014720916748047 24.8566951751709 7.7694854736328125
v -27.014720916748047 24.8566951751709 7.7694854736328125
v -21.067169189453125 29.264148712158203 7.7694854736328125
v -21.067169189453125 29.264148712158203 5.336517333984375
v -31.888809204101562 19.495628356933594 5.336517333984375
v -35.50218200683594 13.386927604675293 5.336517333984375
v -36.94700241088867 15.022479057312012 16.173294067382812
v -36.94700241088867 15.022479057312012 16.173294067382812
v -33.33365249633789 21.131162643432617 16.173294067382812
v -31.888809204101562 19.495628356933594 5.336517333984375
v -35.50218200683594 13.386927604675293 5.336517333984375
v -37.715919494628906 6.765401840209961 5.336517333984375
v -37.715919494628906 6.765401363372803 7.7694854736328125
v -37.715919494628906 6.765401363372803 7.7694854736328125
v -36.94700241088867 15.022479057312012 16.173294067382812
v -35.50218200683594 13.386927604675293 5.336517333984375
v -37.66132736206055 -6.98842716217041 5.336517333984375
v -35.39509201049805 -13.592179298400879 5.336517333984375
v -38.92822265625 -14.41137981414795 16.173294067382812
v -38.92822265625 -14.41137981414795 16.173294067382812
v -41.194454193115234 -7.807629585266113 16.173294067382812
v -37.66132736206055 -6.98842716217041 5.336517333984375
v -35.39509201049805 -13.592179298400879 5.336517333984375
v -31.73336410522461 -19.671985626220703 5.336517333984375
v -35.26649856567383 -20.49118423461914 16.173294067382812
v -31.73336410522461 -19.671985626220703 5.336517333984375
v -26.816852569580078 -24.99420166015625 5.336517333984375
v -26.816852569580078 -24.99420166015625 7.7694854736328125
v -26.816852569580078 -24.99420166015625 7.7694854736328125
v -35.26649856567383 -20.49118423461914 16.173294067382812
v -31.73336410522461 -19.671985626220703 5.336517333984375
v -26.816852569580078 -24.99420166015625 5.336517333984375
v -20.834491729736328 -29.354293823242188 5.336517333984375
v -20.834495544433594 -29.354290008544922 7.7694854736328125
v -20.834495544433594 -29.354290008544922 7.7694854736328125
v -26.816852569580078 -24.99420166015625 7.7694854736328125
v -26.816852569580078 -24.99420166015625 5.336517333984375
v -20.834491729736328 -29.354293823242188 5.336517333984375
v -14.016197204589844 -32.584720611572266 5.336517333984375
v -14.016197204589844 -32.584720611572266 7.7694854736328125
v -14.016197204589844 -32.584720611572266 7.7694854736328125
v -20.834495544433594 -29.354290008544922 7.7694854736328125
v -20.834491729736328 -29.354293823242188 5.336517333984375
v 0.8647918701171875 -36.89805603027344 16.173294067382812
v -5.765522003173828 -36.25297164916992 16.173294067382812
v -6.254779815673828 -34.821895599365234 5.336517333984375
v -5.765522003173828 -36.25297164916992 16.173294067382812
v 0.8647918701171875 -36.89805603027344 16.173294067382812
v 0.8784122467041016 -29.392948150634766 16.173294067382812
v 0.8784122467041016 -29.392948150634766 16.173294067382812
v -6.392053604125977 -28.78076934814453 16.173294067382812
v -5.765522003173828 -36.25297164916992 16.173294067382812
v -20.834495544433594 -29.354290008544922 7.7694854736328125
v -14.016197204589844 -32.584720611572266 7.7694854736328125
v -13.216178894042969 -30.83694076538086 7.7694854736328125
v -13.216178894042969 -30.83694076538086 7.7694854736328125
v -19.669212341308594 -27.779556274414062 7.7694854736328125
v -20.834495544433594 -29.354290008544922 7.7694854736328125
v -26.816852569580078 -24.99420166015625 7.7694854736328125
v -20.834495544433594 -29.354290008544922 7.7694854736328125
v -19.669212341308594 -27.779556274414062 7.7694854736328125
v -19.669212341308594 -27.779556274414062 7.7694854736328125
v -20.548267364501953 -20.705291748046875 7.7694854736328125
v -26.816852569580078 -24.99420166015625 7.7694854736328125
v -35.26649856567383 -20.49118423461914 16.173294067382812
v -26.816852569580078 -24.99420166015625 7.7694854736328125
v -20.548267364501953 -20.705291748046875 7.7694854736328125
v -20.548267364501953 -20.705291748046875 7.7694854736328125
v -28.734546661376953 -16.48739242553711 16.173294067382812
v -35.26649856567383 -20.49118423461914 16.173294067382812
v -38.92822265625 -14.41137981414795 16.173294067382812
v -35.26649856567383 -20.49118423461914 16.173294067382812
v -28.734546661376953 -16.48739242553711 16.173294067382812
v -31.313945770263672 -12.183825492858887 16.173294067382812
v -32.20011901855469 -10.733283042907715 16.173294067382812
v -38.92822265625 -14.41137981414795 16.173294067382812
v -41.194454193115234 -7.807629585266113 16.173294067382812
v -38.92822265625 -14.41137981414795 16.173294067382812
v -32.20011901855469 -10.733283042907715 16.173294067382812
v -32.20011901855469 -10.733283042907715 16.173294067382812
v -34.34495162963867 -4.483294486999512 16.173294067382812
v -41.194454193115234 -7.807629585266113 16.173294067382812
v -36.94700241088867 15.022479057312012 16.173294067382812
v -37.715919494628906 6.765401363372803 7.7694854736328125
v -35.64630126953125 6.405221939086914 7.7694854736328125
v -35.64630126953125 6.405221939086914 7.7694854736328125
v -33.14982223510742 13.286911010742188 16.173294067382812
v -36.94700241088867 15.022479057312012 16.173294067382812
v -33.33365249633789 21.131162643432617 16.173294067382812
v -36.94700241088867 15.022479057312012 16.173294067382812
v -33.14982223510742 13.286911010742188 16.173294067382812
v -33.14982223510742 13.286911010742188 16.173294067382812
v -29.73004913330078 19.068347930908203 16.173294067382812
v -33.33365249633789 21.131162643432617 16.173294067382812
v -21.067169189453125 29.264148712158203 7.7694854736328125
v -27.014720916748047 24.8566951751709 7.7694854736328125
v -25.518375396728516 23.52736473083496 7.7694854736328125
v -25.518375396728516 23.52736473083496 7.7694854736328125
v -19.889415740966797 27.69872283935547 7.7694854736328125
v -21.067169189453125 29.264148712158203 7.7694854736328125
v -14.274734497070312 32.54860305786133 7.7694854736328125
v -21.067169189453125 29.264148712158203 7.7694854736328125
v -19.889415740966797 27.69872283935547 7.7694854736328125
v -19.889415740966797 27.69872283935547 7.7694854736328125
v -13.460861206054688 30.80721664428711 7.7694854736328125
v -14.274734497070312 32.54860305786133 7.7694854736328125
v -6.898460388183594 34.58382797241211 7.7694854736328125
v -14.274734497070312 32.54860305786133 7.7694854736328125
v -13.460861206054688 30.80721664428711 7.7694854736328125
v -13.460861206054688 30.80721664428711 7.7694854736328125
v -6.479719161987305 32.733428955078125 7.7694854736328125
v -6.898460388183594 34.58382797241211 7.7694854736328125
v 8.460250854492188 34.644775390625 7.7694854736328125
v 0.7782039642333984 35.29161071777344 7.7694854736328125
v 0.7857017517089844 33.403289794921875 7.7694854736328125
v 0.7857017517089844 33.403289794921875 7.7694854736328125
v 8.0562162399292 32.791099548339844 7.7694854736328125
v 8.460250854492188 34.644775390625 7.7694854736328125
v 15.852457046508789 32.66815948486328 7.7694854736328125
v 8.460250854492188 34.644775390625 7.7694854736328125
v 8.0562162399292 32.791099548339844 7.7694854736328125
v 8.0562162399292 32.791099548339844 7.7694854736328125
v 15.052437782287598 30.92038345336914 7.7694854736328125
v 15.852457046508789 32.66815948486328 7.7694854736328125
v 36.034912109375 21.018131256103516 16.173294067382812
v 28.65308952331543 25.077621459960938 7.7694854736328125
v 23.91334342956543 20.826995849609375 7.7694854736328125
v 23.91334342956543 20.826995849609375 7.7694854736328125
v 31.031803131103516 17.052627563476562 16.173294067382812
v 36.034912109375 21.018131256103516 16.173294067382812
v 39.69664001464844 14.938325881958008 16.173294067382812
v 36.034912109375 21.018131256103516 16.173294067382812
v 31.031803131103516 17.052627563476562 16.173294067382812
v 31.031803131103516 17.052627563476562 16.173294067382812
v 34.497352600097656 11.298497200012207 16.173294067382812
v 39.69664001464844 14.938325881958008 16.173294067382812
v 41.962867736816406 8.334580421447754 16.173294067382812
v 39.69664001464844 14.938325881958008 16.173294067382812
v 34.497352600097656 11.298497200012207 16.173294067382812
v 34.497352600097656 11.298497200012207 16.173294067382812
v 36.64217758178711 5.048515796661377 16.173294067382812
v 41.962867736816406 8.334580421447754 16.173294067382812
v 37.06972122192383 -13.003037452697754 7.7694854736328125
v 39.5521125793457 -6.681981086730957 7.7694854736328125
v 37.48249816894531 -6.321803092956543 7.7694854736328125
v 37.48249816894531 -6.321803092956543 7.7694854736328125
v 35.11868667602539 -12.288147926330566 7.7694854736328125
v 37.06972122192383 -13.003037452697754 7.7694854736328125
v 30.41910743713379 -15.7147855758667 7.7694854736328125
v 37.06972122192383 -13.003037452697754 7.7694854736328125
v 35.11868667602539 -12.288147926330566 7.7694854736328125
v 35.11868667602539 -12.288147926330566 7.7694854736328125
v 28.66164779663086 -14.672650337219238 7.7694854736328125
v 30.41910743713379 -15.7147855758667 7.7694854736328125
v 24.844348907470703 -20.292255401611328 7.7694854736328125
v 30.41910743713379 -15.7147855758667 7.7694854736328125
v 28.66164779663086 -14.672650337219238 7.7694854736328125
v 28.66164779663086 -14.672650337219238 7.7694854736328125
v 23.347999572753906 -18.96292495727539 7.7694854736328125
v 24.844348907470703 -20.292255401611328 7.7694854736328125
v 18.834659576416016 -24.630210876464844 7.7694854736328125
v 24.844348907470703 -20.292255401611328 7.7694854736328125
v 23.347999572753906 -18.96292495727539 7.7694854736328125
v 23.347999572753906 -18.96292495727539 7.7694854736328125
v 17.65692710876465 -23.06476593017578 7.7694854736328125
v 18.834659576416016 -24.630210876464844 7.7694854736328125
v 13.498468399047852 -29.543315887451172 7.7694854736328125
v 18.834659576416016 -24.630210876464844 7.7694854736328125
v 17.65692710876465 -23.06476593017578 7.7694854736328125
v 17.65692710876465 -23.06476593017578 7.7694854736328125
v 12.684598922729492 -27.801929473876953 7.7694854736328125
v 13.498468399047852 -29.543315887451172 7.7694854736328125
v 8.734658241271973 -34.5003662109375 7.7694854736328125
v 13.498468399047852 -29.543315887451172 7.7694854736328125
v 12.684598922729492 -27.801929473876953 7.7694854736328125
v 12.684598922729492 -27.801929473876953 7.7694854736328125
v 6.410520553588867 -30.518936157226562 7.7694854736328125
v 8.734658241271973 -34.5003662109375 7.7694854736328125
v -1.9038257598876953 -29.91079330444336 9.982437133789062
v -1.9038257598876953 -29.91079330444336 13.082443237304688
v -0.569580078125 -29.909473419189453 11.425384521484375
v 0.780853271484375 -29.91079330444336 8.43243408203125
v 0.8406810760498047 -29.909473419189453 10.231658935546875
v 1.0955142974853516 -29.909473419189453 10.275360107421875
v -0.295257568359375 -29.909473419189453 10.724700927734375
v -0.11730194091796875 -29.909473419189453 10.541183471679688
v -1.9038257598876953 -29.91079330444336 9.982437133789062
v 6.410520553588867 -30.518936157226562 7.7694854736328125
v 12.684598922729492 -27.801929473876953 7.7694854736328125
v 12.684598922729492 -27.801929473876953 5.336517333984375
v 12.684598922729492 -27.801929473876953 5.336517333984375
v 6.4105224609375 -30.518939971923828 5.336517333984375
v 6.410520553588867 -30.518936157226562 7.7694854736328125
v 12.684598922729492 -27.801929473876953 7.7694854736328125
v 17.65692710876465 -23.06476593017578 7.7694854736328125
v 17.65692710876465 -23.06476593017578 5.336517333984375
v 17.65692710876465 -23.06476593017578 5.336517333984375
v 12.684598922729492 -27.801929473876953 5.336517333984375
v 12.684598922729492 -27.801929473876953 7.7694854736328125
v 17.65692710876465 -23.06476593017578 7.7694854736328125
v 23.347999572753906 -18.96292495727539 7.7694854736328125
v 23.347999572753906 -18.96292495727539 5.336517333984375
v 23.347999572753906 -18.96292495727539 5.336517333984375
v 17.65692710876465 -23.06476593017578 5.336517333984375
v 17.65692710876465 -23.06476593017578 7.7694854736328125
v 23.347999572753906 -18.96292495727539 7.7694854736328125
v 28.66164779663086 -14.672650337219238 7.7694854736328125
v 28.66164779663086 -14.672650337219238 5.336517333984375
v 28.66164779663086 -14.672650337219238 5.336517333984375
v 23.347999572753906 -18.96292495727539 5.336517333984375
v 23.347999572753906 -18.96292495727539 7.7694854736328125
v 28.66164779663086 -14.672650337219238 7.7694854736328125
v 35.11868667602539 -12.288147926330566 7.7694854736328125
v 35.11868667602539 -12.288147926330566 5.336517333984375
v 35.11868667602539 -12.288147926330566 5.336517333984375
v 28.66164779663086 -14.672650337219238 5.336517333984375
v 28.66164779663086 -14.672650337219238 7.7694854736328125
v 35.11868667602539 -12.288147926330566 7.7694854736328125
v 37.48249816894531 -6.321803092956543 7.7694854736328125
v 37.48249816894531 -6.321803092956543 5.336517333984375
v 37.48249816894531 -6.321803092956543 5.336517333984375
v 35.11868667602539 -12.288147926330566 5.336517333984375
v 35.11868667602539 -12.288147926330566 7.7694854736328125
v 15.052437782287598 30.92038345336914 7.7694854736328125
v 8.0562162399292 32.791099548339844 7.7694854736328125
v 8.0562162399292 32.791099548339844 5.336517333984375
v 8.0562162399292 32.791099548339844 5.336517333984375
v 15.052436828613281 30.92038345336914 5.336517333984375
v 15.052437782287598 30.92038345336914 7.7694854736328125
v 8.0562162399292 32.791099548339844 7.7694854736328125
v 0.7857017517089844 33.403289794921875 7.7694854736328125
v 0.7857017517089844 33.403289794921875 5.336517333984375
v 0.7857017517089844 33.403289794921875 5.336517333984375
v 8.0562162399292 32.791099548339844 5.336517333984375
v 8.0562162399292 32.791099548339844 7.7694854736328125
v -6.479719161987305 32.733428955078125 7.7694854736328125
v -13.460861206054688 30.80721664428711 7.7694854736328125
v -13.460861206054688 30.80721664428711 5.336517333984375
v -13.460861206054688 30.80721664428711 5.336517333984375
v -6.479719161987305 32.733428955078125 5.336517333984375
v -6.479719161987305 32.733428955078125 7.7694854736328125
v -13.460861206054688 30.80721664428711 7.7694854736328125
v -19.889415740966797 27.69872283935547 7.7694854736328125
v -19.88941192626953 27.69872283935547 5.336517333984375
v -19.88941192626953 27.69872283935547 5.336517333984375
v -13.460861206054688 30.80721664428711 5.336517333984375
v -13.460861206054688 30.80721664428711 7.7694854736328125
v -19.889415740966797 27.69872283935547 7.7694854736328125
v -25.518375396728516 23.52736473083496 7.7694854736328125
v -25.51837158203125 23.527362823486328 5.336517333984375
v -25.51837158203125 23.527362823486328 5.336517333984375
v -19.88941192626953 27.69872283935547 5.336517333984375
v -19.889415740966797 27.69872283935547 7.7694854736328125
v -29.73004913330078 19.068347930908203 16.173294067382812
v -33.14982223510742 13.286911010742188 16.173294067382812
v -31.70498275756836 11.651381492614746 5.336517333984375
v -31.70498275756836 11.651381492614746 5.336517333984375
v -28.28520965576172 17.432817459106445 5.336517333984375
v -29.73004913330078 19.068347930908203 16.173294067382812
v -33.14982223510742 13.286911010742188 16.173294067382812
v -35.64630126953125 6.405221939086914 7.7694854736328125
v -35.64630126953125 6.405221939086914 5.336517333984375
v -35.64630126953125 6.405221939086914 5.336517333984375
v -31.70498275756836 11.651381492614746 5.336517333984375
v -33.14982223510742 13.286911010742188 16.173294067382812
v -31.313945770263672 -12.183825492858887 16.173294067382812
v -38.92822265625 -14.41137981414795 16.173294067382812
v -28.734546661376953 -16.48739242553711 16.173294067382812
v -25.201393127441406 -15.668173789978027 5.336517333984375
v -26.767913818359375 -16.026535034179688 10.029251098632812
v -22.874828338623047 -18.18673324584961 5.336517333984375
v -0.11730194091796875 -29.909473419189453 10.541183471679688
v 0.09383392333984375 -29.909473419189453 10.395355224609375
v -1.9038257598876953 -29.91079330444336 9.982437133789062
v 25.502065658569336 -4.443010330200195 0.0000152587890625
v 25.61587905883789 -4.818195343017578 0.0000152587890625
v 16.877653121948242 -4.058781623840332 0
v 2.0873794555664062 -17.33832550048828 0
v -11.470386505126953 3.901625156402588 0
v 16.877653121948242 -4.058781623840332 0
v -11.9039306640625 3.2527785301208496 0
v 2.0873794555664062 -17.33832550048828 0
v -12.20700454711914 3.0040526390075684 0
v 23.437332153320312 -11.333436012268066 0
v 28.229000091552734 -5.900589942932129 0.0000152587890625
v 39.76283264160156 -14.284384727478027 0
v 27.85381317138672 -6.014401435852051 0.0000152587890625
v 23.437332153320312 -11.333436012268066 0
v 27.46363639831543 -6.052830696105957 0.0000152587890625
v -14.016197204589844 -32.584720611572266 5.336517333984375
v -13.216182708740234 -30.83694076538086 5.336517333984375
v -13.216178894042969 -30.83694076538086 7.7694854736328125
v -13.216178894042969 -30.83694076538086 7.7694854736328125
v -14.016197204589844 -32.584720611572266 7.7694854736328125
v -14.016197204589844 -32.584720611572266 5.336517333984375
v -5.765522003173828 -36.25297164916992 16.173294067382812
v -6.392053604125977 -28.78076934814453 16.173294067382812
v -6.198873519897461 -27.09088134765625 5.336517333984375
v -6.198873519897461 -27.09088134765625 5.336517333984375
v -6.254779815673828 -34.821895599365234 5.336517333984375
v -5.765522003173828 -36.25297164916992 16.173294067382812
v 39.55211639404297 -6.68198299407959 5.336517333984375
v 37.48249816894531 -6.321803092956543 5.336517333984375
v 37.48249816894531 -6.321803092956543 7.7694854736328125
v 37.48249816894531 -6.321803092956543 7.7694854736328125
v 39.5521125793457 -6.681981086730957 7.7694854736328125
v 39.55211639404297 -6.68198299407959 5.336517333984375
v 39.49753189086914 7.071834564208984 5.336517333984375
v 41.962867736816406 8.334580421447754 16.173294067382812
v 36.64217758178711 5.048515796661377 16.173294067382812
v 36.64217758178711 5.048515796661377 16.173294067382812
v 34.17686462402344 3.785785675048828 5.336517333984375
v 39.49753189086914 7.071834564208984 5.336517333984375
v 39.49753189086914 7.071834564208984 5.336517333984375
v 34.17686462402344 3.785785675048828 5.336517333984375
v 38.17250442504883 0.1895608901977539 5.336517333984375
v 38.17250442504883 0.1895608901977539 5.336517333984375
v 40.281166076660156 0.1979207992553711 5.336517333984375
v 39.49753189086914 7.071834564208984 5.336517333984375
v 39.55211639404297 -6.68198299407959 5.336517333984375
v 40.281166076660156 0.1979207992553711 5.336517333984375
v 38.17250442504883 0.1895608901977539 5.336517333984375
v 38.17250442504883 0.1895608901977539 5.336517333984375
v 37.48249816894531 -6.321803092956543 5.336517333984375
v 39.55211639404297 -6.68198299407959 5.336517333984375
v -6.898460388183594 34.58382797241211 5.336517333984375
v -6.479719161987305 32.733428955078125 5.336517333984375
v 0.7857017517089844 33.403289794921875 5.336517333984375
v 0.7857017517089844 33.403289794921875 5.336517333984375
v 0.7782039642333984 35.29161071777344 5.336517333984375
v -6.898460388183594 34.58382797241211 5.336517333984375
v -6.898460388183594 34.58382797241211 5.336517333984375
v -6.898460388183594 34.58382797241211 7.7694854736328125
v -6.479719161987305 32.733428955078125 7.7694854736328125
v -6.479719161987305 32.733428955078125 7.7694854736328125
v -6.479719161987305 32.733428955078125 5.336517333984375
v -6.898460388183594 34.58382797241211 5.336517333984375
v 0.7782039642333984 35.29161071777344 5.336517333984375
v 0.7857017517089844 33.403289794921875 5.336517333984375
v 0.7857017517089844 33.403289794921875 7.7694854736328125
v 0.7857017517089844 33.403289794921875 7.7694854736328125
v 0.7782039642333984 35.29161071777344 7.7694854736328125
v 0.7782039642333984 35.29161071777344 5.336517333984375
v 28.653087615966797 25.077621459960938 5.336517333984375
v 23.913341522216797 20.826995849609375 5.336517333984375
v 23.91334342956543 20.826995849609375 7.7694854736328125
v 23.91334342956543 20.826995849609375 7.7694854736328125
v 28.65308952331543 25.077621459960938 7.7694854736328125
v 28.653087615966797 25.077621459960938 5.336517333984375
v 15.852457046508789 32.66815948486328 5.336517333984375
v 15.852457046508789 32.66815948486328 7.7694854736328125
v 15.052437782287598 30.92038345336914 7.7694854736328125
v 15.052437782287598 30.92038345336914 7.7694854736328125
v 15.052436828613281 30.92038345336914 5.336517333984375
v 15.852457046508789 32.66815948486328 5.336517333984375
v -18.005226135253906 10.607775688171387 0
v -5.150352478027344 10.65886116027832 5.336517333984375
v -5.150352478027344 10.65886116027832 0
v -5.150352478027344 10.65886116027832 5.336517333984375
v -18.005226135253906 10.607775688171387 0
v -18.005226135253906 10.60777473449707 5.336517333984375
v -5.150352478027344 10.65886116027832 0
v -5.201377868652344 23.51364517211914 5.336517333984375
v -5.201379776000977 23.513648986816406 0
v -5.201377868652344 23.51364517211914 5.336517333984375
v -5.150352478027344 10.65886116027832 0
v -5.150352478027344 10.65886116027832 5.336517333984375
v -5.201379776000977 23.513648986816406 0
v -18.056236267089844 23.46263313293457 5.336517333984375
v -18.056236267089844 23.462635040283203 0
v -18.056236267089844 23.46263313293457 5.336517333984375
v -5.201379776000977 23.513648986816406 0
v -5.201377868652344 23.51364517211914 5.336517333984375
v 8.603017807006836 -24.652416229248047 5.336517333984375
v 2.0873794555664062 -17.33832550048828 0
v 2.0873775482177734 -17.33832550048828 5.336517333984375
v 2.0873794555664062 -17.33832550048828 0
v 8.603017807006836 -24.652416229248047 5.336517333984375
v 8.603015899658203 -24.65241241455078 0
v 23.43733024597168 -11.333436012268066 5.336517333984375
v 8.603015899658203 -24.65241241455078 0
v 8.603017807006836 -24.652416229248047 5.336517333984375
v 8.603015899658203 -24.65241241455078 0
v 23.43733024597168 -11.333436012268066 5.336517333984375
v 23.437332153320312 -11.333436012268066 0
v 16.877653121948242 -4.058781623840332 5.336517333984375
v 23.437332153320312 -11.333436012268066 0
v 23.43733024597168 -11.333436012268066 5.336517333984375
v 23.437332153320312 -11.333436012268066 0
v 16.877653121948242 -4.058781623840332 5.336517333984375
v 16.877653121948242 -4.058781623840332 0
v 2.0873775482177734 -17.33832550048828 5.336517333984375
v 16.877653121948242 -4.058781623840332 0
v 16.877653121948242 -4.058781623840332 5.336517333984375
v 16.877653121948242 -4.058781623840332 0
v 2.0873775482177734 -17.33832550048828 5.336517333984375
v 2.0873794555664062 -17.33832550048828 0
v 0.7857017517089844 33.403289794921875 5.336517333984375
v -6.479719161987305 32.733428955078125 5.336517333984375
v -5.201377868652344 23.51364517211914 5.336517333984375
v 16.228858947753906 -33.582008361816406 0
v 8.603015899658203 -24.65241241455078 0
v 20.622360229492188 -26.925792694091797 0
v -15.243167877197266 34.610877990722656 0
v -5.201379776000977 23.513648986816406 0
v -18.056236267089844 23.462635040283203 0
v -18.056236267089844 23.462635040283203 0
v -22.465530395507812 31.11855697631836 0
v -15.243167877197266 34.610877990722656 0
v -7.399988174438477 36.774925231933594 0
v -5.201379776000977 23.513648986816406 0
v -15.243167877197266 34.610877990722656 0
v -22.465530395507812 31.11855697631836 0
v -18.056236267089844 23.462635040283203 0
v -28.78955078125 26.432147979736328 0
v -33.97217559814453 20.73175811767578 0
v -18.005226135253906 10.607775688171387 0
v -37.81425857543945 14.236442565917969 0
v -19.88941192626953 27.69872283935547 5.336517333984375
v -25.51837158203125 23.527362823486328 5.336517333984375
v -18.056236267089844 23.46263313293457 5.336517333984375
v -13.460861206054688 30.80721664428711 5.336517333984375
v -19.88941192626953 27.69872283935547 5.336517333984375
v -18.056236267089844 23.46263313293457 5.336517333984375
v -18.056236267089844 23.46263313293457 5.336517333984375
v -5.201377868652344 23.51364517211914 5.336517333984375
v -13.460861206054688 30.80721664428711 5.336517333984375
v -6.479719161987305 32.733428955078125 5.336517333984375
v -13.460861206054688 30.80721664428711 5.336517333984375
v -5.201377868652344 23.51364517211914 5.336517333984375
v 25.800695419311523 -5.163969993591309 0.0000152587890625
v 23.437332153320312 -11.333436012268066 0
v 25.61587905883789 -4.818195343017578 0.0000152587890625
v 41.93265914916992 7.521526336669922 0
v 28.877851486206055 -2.6386184692382812 0.0000152587890625
v 28.574779510498047 -2.389889717102051 0.0000152587890625
v -28.28520965576172 17.432817459106445 5.336517333984375
v -31.70498275756836 11.651381492614746 5.336517333984375
v -18.005226135253906 10.60777473449707 5.336517333984375
v -18.005226135253906 10.607775688171387 0
v -13.31814193725586 6.666993618011475 0
v -13.708324432373047 6.628564834594727 0
v 25.463638305664062 -4.052829742431641 0.0000152587890625
v 25.502065658569336 -4.443010330200195 0.0000152587890625
v 16.877653121948242 -4.058781623840332 0
v -35.75383758544922 -17.68265151977539 0
v -34.5286750793457 -21.35968780517578 5.336517333984375
v -38.50387954711914 -14.75937557220459 5.336517333984375
v -37.700565338134766 -14.450325965881348 0
v -35.75383758544922 -17.68265151977539 0
v -38.50387954711914 -14.75937557220459 5.336517333984375
v -35.75383758544922 -17.68265151977539 0
v -33.80711364746094 -20.91497802734375 0
v -34.5286750793457 -21.35968780517578 5.336517333984375
v -31.19327163696289 -23.74453353881836 0
v -29.191261291503906 -27.137542724609375 5.336517333984375
v -34.5286750793457 -21.35968780517578 5.336517333984375
v -33.80711364746094 -20.91497802734375 0
v -31.19327163696289 -23.74453353881836 0
v -34.5286750793457 -21.35968780517578 5.336517333984375
v -31.19327163696289 -23.74453353881836 0
v -28.579456329345703 -26.57410430908203 0
v -29.191261291503906 -27.137542724609375 5.336517333984375
v -25.39896011352539 -28.892147064208984 0
v -22.696746826171875 -31.87090301513672 5.336517333984375
v -29.191261291503906 -27.137542724609375 5.336517333984375
v -28.579456329345703 -26.57410430908203 0
v -25.39896011352539 -28.892147064208984 0
v -29.191261291503906 -27.137542724609375 5.336517333984375
v -25.39896011352539 -28.892147064208984 0
v -22.218486785888672 -31.21021270751953 0
v -22.696746826171875 -31.87090301513672 5.336517333984375
v -18.59357452392578 -32.92768859863281 0
v -15.294742584228516 -35.377899169921875 5.336517333984375
v -22.696746826171875 -31.87090301513672 5.336517333984375
v -22.218486785888672 -31.21021270751953 0
v -18.59357452392578 -32.92768859863281 0
v -22.696746826171875 -31.87090301513672 5.336517333984375
v -18.59357452392578 -32.92768859863281 0
v -14.968666076660156 -34.64516830444336 0
v -15.294742584228516 -35.377899169921875 5.336517333984375
v -11.038619995117188 -35.696044921875 0
v -7.269693374633789 -37.52373123168945 5.336517333984375
v -15.294742584228516 -35.377899169921875 5.336517333984375
v -14.968666076660156 -34.64516830444336 0
v -11.038619995117188 -35.696044921875 0
v -15.294742584228516 -35.377899169921875 5.336517333984375
v -11.038619995117188 -35.696044921875 0
v -7.108573913574219 -36.746925354003906 0
v -7.269693374633789 -37.52373123168945 5.336517333984375
v 40.72783660888672 11.032411575317383 0
v 27.853816986083984 -2.0912609100341797 0.0000152587890625
v 39.52299499511719 14.54327392578125 0
v -5.150352478027344 10.65886116027832 0
v -11.356575012207031 4.276811599731445 0
v -11.318145751953125 4.666991710662842 0
v -31.19327163696289 -23.74453353881836 0
v -13.708324432373047 2.705423355102539 0
v -28.579456329345703 -26.57410430908203 0
v 33.015628814697266 23.837430953979492 0
v 26.69826889038086 -2.2050704956054688 0.0000152587890625
v 30.40178871154785 26.66698455810547 0
v -12.20700454711914 3.0040526390075684 0
v 2.0873794555664062 -17.33832550048828 0
v -12.552780151367188 2.8192338943481445 0
v -12.927967071533203 2.705423355102539 0
v 2.0873794555664062 -17.33832550048828 0
v -13.318145751953125 2.666994094848633 0
v -14.981082916259766 3.5558533668518066 0
v -40.11018753051758 -7.428574562072754 0
v -15.165901184082031 3.901628017425537 0
v -13.708324432373047 2.705423355102539 0
v -31.19327163696289 -23.74453353881836 0
v -14.083511352539062 2.8192358016967773 0
v -18.59357452392578 -32.92768859863281 0
v -22.218486785888672 -31.21021270751953 0
v -5.963422775268555 -28.79433822631836 0
v -37.700565338134766 -14.450325965881348 0
v -14.42928695678711 3.004054546356201 0
v -35.75383758544922 -17.68265151977539 0
v 40.72783660888672 11.032411575317383 0
v 28.22900390625 -2.2050724029541016 0.0000152587890625
v 27.853816986083984 -2.0912609100341797 0.0000152587890625
v -13.708324432373047 2.705423355102539 0
v -25.39896011352539 -28.892147064208984 0
v -28.579456329345703 -26.57410430908203 0
v -11.655204772949219 3.555851459503174 0
v -11.470386505126953 3.901625156402588 0
v 2.0873794555664062 -17.33832550048828 0
v 16.877653121948242 -4.058781623840332 0
v -11.470386505126953 3.901625156402588 0
v -5.150352478027344 10.65886116027832 0
v 29.126571655273438 -5.163971900939941 0.0000152587890625
v 39.76283264160156 -14.284384727478027 0
v 28.87784767150879 -5.467043876647949 0.0000152587890625
v 20.415870666503906 33.0205192565918 0
v 16.877653121948242 -4.058781623840332 0
v -5.150352478027344 10.65886116027832 0
v -15.165901184082031 3.901628017425537 0
v -40.94339370727539 -0.11956787109375 0
v -15.279712677001953 4.27681303024292 0
v 41.99073791503906 -7.10286808013916 0
v 29.425209045410156 -3.6626501083374023 0.0000152587890625
v 42.76593017578125 0.2125406265258789 0
v 25.463638305664062 -4.052829742431641 0.0000152587890625
v 16.877653121948242 -4.058781623840332 0
v 25.502063751220703 -3.662649154663086 0.0000152587890625
v -11.356571197509766 5.057173252105713 0
v -5.150352478027344 10.65886116027832 0
v -11.318145751953125 4.666991710662842 0
v 26.049423217773438 -2.638615608215332 0.0000152587890625
v 16.877653121948242 -4.058781623840332 0
v 26.352497100830078 -2.389890670776367 0.0000152587890625
v -5.963422775268555 -28.79433822631836 0
v -7.108573913574219 -36.746925354003906 0
v -11.038619995117188 -35.696044921875 0
v -7.108573913574219 -36.746925354003906 0
v -5.963422775268555 -28.79433822631836 0
v 1.0600757598876953 -37.43476486206055 0
v -13.708324432373047 2.705423355102539 0
v -5.963422775268555 -28.79433822631836 0
v -25.39896011352539 -28.892147064208984 0
v 27.073455810546875 -6.014401435852051 0.0000152587890625
v 23.437332153320312 -11.333436012268066 0
v 26.698270797729492 -5.900588035583496 0.0000152587890625
v -32.20011901855469 -10.733283042907715 16.173294067382812
v -31.313945770263672 -12.183825492858887 16.173294067382812
v -32.42240524291992 -7.731280326843262 13.786972045898438
v -22.874828338623047 -18.18673324584961 5.336517333984375
v -28.734546661376953 -16.48739242553711 16.173294067382812
v -20.548267364501953 -20.705291748046875 7.7694854736328125
v -20.548267364501953 -20.705291748046875 5.336517333984375
v -22.874828338623047 -18.18673324584961 5.336517333984375
v -20.548267364501953 -20.705291748046875 7.7694854736328125
v -28.734546661376953 -16.48739242553711 16.173294067382812
v -28.57608413696289 -16.19589614868164 15.226852416992188
v -31.313945770263672 -12.183825492858887 16.173294067382812
v -23.51996612548828 -26.628128051757812 5.336517333984375
v -20.548267364501953 -20.705291748046875 7.7694854736328125
v -19.669212341308594 -27.779556274414062 7.7694854736328125
v -19.669212341308594 -27.779560089111328 5.336517333984375
v -23.51996612548828 -26.628128051757812 5.336517333984375
v -19.669212341308594 -27.779556274414062 7.7694854736328125
v -23.51996612548828 -26.628128051757812 5.336517333984375
v -20.548267364501953 -20.705291748046875 5.336517333984375
v -20.548267364501953 -20.705291748046875 7.7694854736328125
v -16.442684173583984 -29.308238983154297 5.336517333984375
v -19.669212341308594 -27.779556274414062 7.7694854736328125
v -13.216178894042969 -30.83694076538086 7.7694854736328125
v -13.216182708740234 -30.83694076538086 5.336517333984375
v -16.442684173583984 -29.308238983154297 5.336517333984375
v -13.216178894042969 -30.83694076538086 7.7694854736328125
v -16.442684173583984 -29.308238983154297 5.336517333984375
v -19.669212341308594 -27.779560089111328 5.336517333984375
v -19.669212341308594 -27.779556274414062 7.7694854736328125
v -9.718070983886719 -31.772296905517578 5.336517333984375
v -14.016197204589844 -32.584720611572266 5.336517333984375
v -6.254779815673828 -34.821895599365234 5.336517333984375
v -6.198873519897461 -27.09088134765625 5.336517333984375
v -9.718070983886719 -31.772296905517578 5.336517333984375
v -6.254779815673828 -34.821895599365234 5.336517333984375
v -9.718070983886719 -31.772296905517578 5.336517333984375
v -13.216182708740234 -30.83694076538086 5.336517333984375
v -14.016197204589844 -32.584720611572266 5.336517333984375
v -5.150352478027344 10.65886116027832 0
v -11.9039306640625 6.081206321716309 0
v -12.207000732421875 6.329932689666748 0
v -14.732357025146484 3.2527809143066406 0
v -14.42928695678711 3.004054546356201 0
v -37.700565338134766 -14.450325965881348 0
v 26.352493286132812 -5.715767860412598 0.0000152587890625
v 23.437332153320312 -11.333436012268066 0
v 26.049423217773438 -5.467041969299316 0.0000152587890625
v -14.083511352539062 2.8192358016967773 0
v -31.19327163696289 -23.74453353881836 0
v -33.80711364746094 -20.91497802734375 0
v 20.415870666503906 33.0205192565918 0
v -5.201379776000977 23.513648986816406 0
v 16.790943145751953 34.737972259521484 0
v 27.46363639831543 -6.052830696105957 0.0000152587890625
v 23.437332153320312 -11.333436012268066 0
v 27.073455810546875 -6.014401435852051 0.0000152587890625
v -14.981082916259766 5.778134346008301 0
v -18.005226135253906 10.607775688171387 0
v -14.732357025146484 6.081207275390625 0
v -14.429283142089844 6.3299336433410645 0
v -14.732357025146484 6.081207275390625 0
v -18.005226135253906 10.607775688171387 0
v -12.552780151367188 2.8192338943481445 0
v 2.0873794555664062 -17.33832550048828 0
v -12.927967071533203 2.705423355102539 0
v -5.150352478027344 10.65886116027832 0
v -12.552776336669922 6.51475191116333 0
v -12.927963256835938 6.628564357757568 0
v 29.42520523071289 -4.443011283874512 0.0000152587890625
v 29.46363639831543 -4.05283260345459 0.0000152587890625
v 41.99073791503906 -7.10286808013916 0
v 41.93265914916992 7.521526336669922 0
v 28.22900390625 -2.2050724029541016 0.0000152587890625
v 40.72783660888672 11.032411575317383 0
v -40.11018753051758 -7.428574562072754 0
v -40.94339370727539 -0.11956787109375 0
v -15.165901184082031 3.901628017425537 0
v -15.279712677001953 4.27681303024292 0
v -18.005226135253906 10.607775688171387 0
v -15.31814193725586 4.666994571685791 0
v -18.005226135253906 10.607775688171387 0
v -12.927963256835938 6.628564357757568 0
v -13.31814193725586 6.666993618011475 0
v -13.318145751953125 2.666994094848633 0
v -5.963422775268555 -28.79433822631836 0
v -13.708324432373047 2.705423355102539 0
v 41.93265914916992 7.521526336669922 0
v 28.574779510498047 -2.389889717102051 0.0000152587890625
v 28.22900390625 -2.2050724029541016 0.0000152587890625
v 29.126577377319336 -2.941690444946289 0.0000152587890625
v 28.877851486206055 -2.6386184692382812 0.0000152587890625
v 42.76593017578125 0.2125406265258789 0
v -13.935314178466797 7.769722938537598 5.336517333984375
v -18.005226135253906 10.60777473449707 5.336517333984375
v -14.528770446777344 7.5897016525268555 5.336517333984375
v 21.505470275878906 27.862998962402344 5.336517333984375
v 18.278942108154297 29.391681671142578 5.336517333984375
v 23.913341522216797 20.826995849609375 5.336517333984375
v -37.700565338134766 -14.450325965881348 0
v -40.11018753051758 -7.428574562072754 0
v -14.732357025146484 3.2527809143066406 0
v 16.790943145751953 34.737972259521484 0
v -5.201379776000977 23.513648986816406 0
v 8.930839538574219 36.839698791503906 0
v 26.69826889038086 -2.2050704956054688 0.0000152587890625
v 16.877653121948242 -4.058781623840332 0
v 30.40178871154785 26.66698455810547 0
v 28.771099090576172 -7.209345817565918 5.336517333984375
v 28.13017463684082 -7.403769493103027 5.336517333984375
v 35.11868667602539 -12.288147926330566 5.336517333984375
v -30.811798095703125 -3.6640748977661133 5.336517333984375
v -16.240848541259766 3.456371307373047 5.336517333984375
v -16.42087173461914 4.049824237823486 5.336517333984375
v 29.36178207397461 -6.893618583679199 5.336517333984375
v 28.771099090576172 -7.209345817565918 5.336517333984375
v 35.11868667602539 -12.288147926330566 5.336517333984375
v 29.87952423095703 -6.468722343444824 5.336517333984375
v 29.36178207397461 -6.893618583679199 5.336517333984375
v 35.11868667602539 -12.288147926330566 5.336517333984375
v -5.150352478027344 10.65886116027832 0
v -11.655204772949219 5.778133392333984 0
v -11.9039306640625 6.081206321716309 0
v 28.13017463684082 -7.403769493103027 5.336517333984375
v 23.43733024597168 -11.333436012268066 5.336517333984375
v 35.11868667602539 -12.288147926330566 5.336517333984375
v 9.222641944885254 -36.68217468261719 0
v 2.0873794555664062 -17.33832550048828 0
v 8.603015899658203 -24.65241241455078 0
v 8.603015899658203 -24.65241241455078 0
v 16.228858947753906 -33.582008361816406 0
v 9.222641944885254 -36.68217468261719 0
v 6.4105224609375 -30.518939971923828 5.336517333984375
v 12.684598922729492 -27.801929473876953 5.336517333984375
v 8.603017807006836 -24.652416229248047 5.336517333984375
v 8.603017807006836 -24.652416229248047 5.336517333984375
v 2.0873775482177734 -17.33832550048828 5.336517333984375
v 6.4105224609375 -30.518939971923828 5.336517333984375
v -16.240848541259766 5.877617359161377 5.336517333984375
v -18.005226135253906 10.60777473449707 5.336517333984375
v -16.42087173461914 5.284163951873779 5.336517333984375
v 34.71436309814453 -19.430461883544922 0
v 23.437332153320312 -11.333436012268066 0
v 39.76283264160156 -14.284384727478027 0
v 26.48853302001953 -21.727317810058594 0
v 23.437332153320312 -11.333436012268066 0
v 34.71436309814453 -19.430461883544922 0
v 20.622360229492188 -26.925792694091797 0
v 23.437332153320312 -11.333436012268066 0
v 26.48853302001953 -21.727317810058594 0
v 23.437332153320312 -11.333436012268066 0
v 20.622360229492188 -26.925792694091797 0
v 8.603015899658203 -24.65241241455078 0
v 12.684598922729492 -27.801929473876953 5.336517333984375
v 17.65692710876465 -23.06476593017578 5.336517333984375
v 23.43733024597168 -11.333436012268066 5.336517333984375
v 23.43733024597168 -11.333436012268066 5.336517333984375
v 8.603017807006836 -24.652416229248047 5.336517333984375
v 12.684598922729492 -27.801929473876953 5.336517333984375
v 17.65692710876465 -23.06476593017578 5.336517333984375
v 23.347999572753906 -18.96292495727539 5.336517333984375
v 23.43733024597168 -11.333436012268066 5.336517333984375
v 23.347999572753906 -18.96292495727539 5.336517333984375
v 28.66164779663086 -14.672650337219238 5.336517333984375
v 23.43733024597168 -11.333436012268066 5.336517333984375
v 28.66164779663086 -14.672650337219238 5.336517333984375
v 35.11868667602539 -12.288147926330566 5.336517333984375
v 23.43733024597168 -11.333436012268066 5.336517333984375
v 8.0562162399292 32.791099548339844 5.336517333984375
v 0.7857017517089844 33.403289794921875 5.336517333984375
v -5.201377868652344 23.51364517211914 5.336517333984375
v -16.442684173583984 -29.308238983154297 5.336517333984375
v -6.198873519897461 -27.09088134765625 5.336517333984375
v -20.548267364501953 -20.705291748046875 5.336517333984375
v -18.005226135253906 10.60777473449707 5.336517333984375
v -15.948509216308594 6.424549102783203 5.336517333984375
v -15.555084228515625 6.903936386108398 5.336517333984375
v 40.72783660888672 11.032411575317383 0
v 40.34011459350586 14.842793464660645 5.336517333984375
v 42.80034637451172 7.673690319061279 5.336517333984375
v 41.93265914916992 7.521526336669922 0
v 40.72783660888672 11.032411575317383 0
v 42.80034637451172 7.673690319061279 5.336517333984375
v 40.72783660888672 11.032411575317383 0
v 39.52299499511719 14.54327392578125 0
v 40.34011459350586 14.842793464660645 5.336517333984375
v 37.57624435424805 17.77558708190918 0
v 36.36491394042969 21.443103790283203 5.336517333984375
v 40.34011459350586 14.842793464660645 5.336517333984375
v 39.52299499511719 14.54327392578125 0
v 37.57624435424805 17.77558708190918 0
v 40.34011459350586 14.842793464660645 5.336517333984375
v 37.57624435424805 17.77558708190918 0
v 35.62948989868164 21.007898330688477 0
v 36.36491394042969 21.443103790283203 5.336517333984375
v 33.015628814697266 23.837430953979492 0
v 31.027496337890625 27.220958709716797 5.336517333984375
v 36.36491394042969 21.443103790283203 5.336517333984375
v 35.62948989868164 21.007898330688477 0
v 33.015628814697266 23.837430953979492 0
v 36.36491394042969 21.443103790283203 5.336517333984375
v 33.015628814697266 23.837430953979492 0
v 30.40178871154785 26.66698455810547 0
v 31.027496337890625 27.220958709716797 5.336517333984375
v 27.221290588378906 28.985027313232422 0
v 24.53300666809082 31.954341888427734 5.336517333984375
v 31.027496337890625 27.220958709716797 5.336517333984375
v 30.40178871154785 26.66698455810547 0
v 27.221290588378906 28.985027313232422 0
v 31.027496337890625 27.220958709716797 5.336517333984375
v 27.221290588378906 28.985027313232422 0
v 24.04079818725586 31.303070068359375 0
v 24.53300666809082 31.954341888427734 5.336517333984375
v 20.415870666503906 33.0205192565918 0
v 17.131004333496094 35.46133804321289 5.336517333984375
v 24.53300666809082 31.954341888427734 5.336517333984375
v 24.04079818725586 31.303070068359375 0
v 20.415870666503906 33.0205192565918 0
v 24.53300666809082 31.954341888427734 5.336517333984375
v 20.415870666503906 33.0205192565918 0
v 16.790943145751953 34.737972259521484 0
v 17.131004333496094 35.46133804321289 5.336517333984375
v -30.811798095703125 -3.6640748977661133 5.336517333984375
v -16.42087173461914 4.049824237823486 5.336517333984375
v -16.48165512084961 4.666995525360107 5.336517333984375
v 23.43733024597168 -11.333436012268066 5.336517333984375
v 24.307125091552734 -5.360299110412598 5.336517333984375
v 16.877653121948242 -4.058781623840332 5.336517333984375
v 34.17686462402344 3.785785675048828 5.336517333984375
v 28.771108627319336 -0.8963203430175781 5.336517333984375
v 29.361793518066406 -1.2120418548583984 5.336517333984375
v 1.0715904235839844 -27.703060150146484 5.336517333984375
v 2.0873775482177734 -17.33832550048828 5.336517333984375
v -6.198873519897461 -27.09088134765625 5.336517333984375
v 24.04705238342285 -4.05283260345459 5.336517333984375
v 16.877653121948242 -4.058781623840332 5.336517333984375
v 24.112699508666992 -4.719374656677246 5.336517333984375
v 24.62285041809082 -2.1546802520751953 5.336517333984375
v 16.877653121948242 -4.058781623840332 5.336517333984375
v 24.30712127685547 -2.7453603744506836 5.336517333984375
v 24.30712127685547 -2.7453603744506836 5.336517333984375
v 16.877653121948242 -4.058781623840332 5.336517333984375
v 24.112695693969727 -3.3862876892089844 5.336517333984375
v 25.047744750976562 -1.6369400024414062 5.336517333984375
v 16.877653121948242 -4.058781623840332 5.336517333984375
v 24.62285041809082 -2.1546802520751953 5.336517333984375
v -23.51996612548828 -26.628128051757812 5.336517333984375
v -19.669212341308594 -27.779560089111328 5.336517333984375
v -20.548267364501953 -20.705291748046875 5.336517333984375
v -6.198873519897461 -27.09088134765625 5.336517333984375
v -13.216182708740234 -30.83694076538086 5.336517333984375
v -9.718070983886719 -31.772296905517578 5.336517333984375
v -13.216182708740234 -30.83694076538086 5.336517333984375
v -6.198873519897461 -27.09088134765625 5.336517333984375
v -16.442684173583984 -29.308238983154297 5.336517333984375
v 26.239904403686523 18.30843734741211 5.336517333984375
v 23.913341522216797 20.826995849609375 5.336517333984375
v 16.877653121948242 -4.058781623840332 5.336517333984375
v -11.08120346069336 2.430048942565918 5.336517333984375
v 2.0873775482177734 -17.33832550048828 5.336517333984375
v -10.687782287597656 2.9094362258911133 5.336517333984375
v -19.669212341308594 -27.779560089111328 5.336517333984375
v -16.442684173583984 -29.308238983154297 5.336517333984375
v -20.548267364501953 -20.705291748046875 5.336517333984375
v 16.877653121948242 -4.058781623840332 5.336517333984375
v -5.150352478027344 10.65886116027832 5.336517333984375
v -10.395439147949219 3.456366539001465 5.336517333984375
v -18.005226135253906 10.60777473449707 5.336517333984375
v -12.700973510742188 7.769721984863281 5.336517333984375
v -5.150352478027344 10.65886116027832 5.336517333984375
v -20.548267364501953 -20.705291748046875 5.336517333984375
v -6.198873519897461 -27.09088134765625 5.336517333984375
v 2.0873775482177734 -17.33832550048828 5.336517333984375
v 26.239904403686523 18.30843734741211 5.336517333984375
v 16.877653121948242 -4.058781623840332 5.336517333984375
v 25.56548500061035 -1.2120447158813477 5.336517333984375
v 30.299240112304688 12.91281509399414 5.336517333984375
v 28.566465377807617 15.789880752563477 5.336517333984375
v 25.56548500061035 -1.2120447158813477 5.336517333984375
v -20.548267364501953 -20.705291748046875 5.336517333984375
v 2.0873775482177734 -17.33832550048828 5.336517333984375
v -12.700977325439453 1.564265251159668 5.336517333984375
v 28.566465377807617 15.789880752563477 5.336517333984375
v 26.239904403686523 18.30843734741211 5.336517333984375
v 25.56548500061035 -1.2120447158813477 5.336517333984375
v -12.107524871826172 1.7442855834960938 5.336517333984375
v 2.0873775482177734 -17.33832550048828 5.336517333984375
v -11.560592651367188 2.0366249084472656 5.336517333984375
v -10.215415954589844 5.284162521362305 5.336517333984375
v -5.150352478027344 10.65886116027832 5.336517333984375
v -10.395435333251953 5.877616882324219 5.336517333984375
v -12.700977325439453 1.564265251159668 5.336517333984375
v 2.0873775482177734 -17.33832550048828 5.336517333984375
v -12.107524871826172 1.7442855834960938 5.336517333984375
v -40.16816711425781 7.195799827575684 0
v -18.005226135253906 10.607775688171387 0
v -15.279712677001953 4.27681303024292 0
v 33.104454040527344 6.910777568817139 5.336517333984375
v 36.64217758178711 5.048515796661377 16.173294067382812
v 34.497352600097656 11.298497200012207 16.173294067382812
v 32.032039642333984 10.035768508911133 5.336517333984375
v 33.104454040527344 6.910777568817139 5.336517333984375
v 34.497352600097656 11.298497200012207 16.173294067382812
v 33.104454040527344 6.910777568817139 5.336517333984375
v 34.17686462402344 3.785785675048828 5.336517333984375
v 36.64217758178711 5.048515796661377 16.173294067382812
v 30.299240112304688 12.91281509399414 5.336517333984375
v 34.497352600097656 11.298497200012207 16.173294067382812
v 31.031803131103516 17.052627563476562 16.173294067382812
v 28.566465377807617 15.789880752563477 5.336517333984375
v 30.299240112304688 12.91281509399414 5.336517333984375
v 31.031803131103516 17.052627563476562 16.173294067382812
v 30.299240112304688 12.91281509399414 5.336517333984375
v 32.032039642333984 10.035768508911133 5.336517333984375
v 34.497352600097656 11.298497200012207 16.173294067382812
v 26.239904403686523 18.30843734741211 5.336517333984375
v 31.031803131103516 17.052627563476562 16.173294067382812
v 23.91334342956543 20.826995849609375 7.7694854736328125
v 23.913341522216797 20.826995849609375 5.336517333984375
v 26.239904403686523 18.30843734741211 5.336517333984375
v 23.91334342956543 20.826995849609375 7.7694854736328125
v 26.239904403686523 18.30843734741211 5.336517333984375
v 28.566465377807617 15.789880752563477 5.336517333984375
v 31.031803131103516 17.052627563476562 16.173294067382812
v 24.336389541625977 25.79971694946289 5.336517333984375
v 28.653087615966797 25.077621459960938 5.336517333984375
v 22.670751571655273 29.437732696533203 5.336517333984375
v 21.505470275878906 27.862998962402344 5.336517333984375
v 24.336389541625977 25.79971694946289 5.336517333984375
v 22.670751571655273 29.437732696533203 5.336517333984375
v 24.336389541625977 25.79971694946289 5.336517333984375
v 23.913341522216797 20.826995849609375 5.336517333984375
v 28.653087615966797 25.077621459960938 5.336517333984375
v 18.278942108154297 29.391681671142578 5.336517333984375
v 22.670751571655273 29.437732696533203 5.336517333984375
v 15.852457046508789 32.66815948486328 5.336517333984375
v 15.052436828613281 30.92038345336914 5.336517333984375
v 18.278942108154297 29.391681671142578 5.336517333984375
v 15.852457046508789 32.66815948486328 5.336517333984375
v 18.278942108154297 29.391681671142578 5.336517333984375
v 21.505470275878906 27.862998962402344 5.336517333984375
v 22.670751571655273 29.437732696533203 5.336517333984375
v 29.126571655273438 -5.163971900939941 0.0000152587890625
v 29.3113956451416 -4.818197250366211 0.0000152587890625
v 41.99073791503906 -7.10286808013916 0
v 29.46363639831543 -4.05283260345459 0.0000152587890625
v 29.425209045410156 -3.6626501083374023 0.0000152587890625
v 41.99073791503906 -7.10286808013916 0
v -12.700977325439453 1.564265251159668 5.336517333984375
v -13.31814193725586 1.5034799575805664 5.336517333984375
v -20.548267364501953 -20.705291748046875 5.336517333984375
v -13.935314178466797 1.5642642974853516 5.336517333984375
v -14.528766632080078 1.744288444519043 5.336517333984375
v -25.201393127441406 -15.668173789978027 5.336517333984375
v -10.215415954589844 5.284162521362305 5.336517333984375
v -10.15462875366211 4.666990280151367 5.336517333984375
v -5.150352478027344 10.65886116027832 5.336517333984375
v 37.48249816894531 -6.321803092956543 5.336517333984375
v 30.620149612426758 -5.3603010177612305 5.336517333984375
v 30.304420471191406 -5.950987815856934 5.336517333984375
v 29.3113956451416 -4.818197250366211 0.0000152587890625
v 29.42520523071289 -4.443011283874512 0.0000152587890625
v 41.99073791503906 -7.10286808013916 0
v 28.229000091552734 -5.900589942932129 0.0000152587890625
v 23.437332153320312 -11.333436012268066 0
v 27.85381317138672 -6.014401435852051 0.0000152587890625
v -27.54074478149414 -11.808754920959473 5.336517333984375
v -15.555084228515625 2.430051803588867 5.336517333984375
v -30.811798095703125 -3.6640748977661133 5.336517333984375
v -5.150352478027344 10.65886116027832 5.336517333984375
v -11.560588836669922 7.297358512878418 5.336517333984375
v -11.081199645996094 6.903935432434082 5.336517333984375
v -10.15462875366211 4.666990280151367 5.336517333984375
v -10.215415954589844 4.049820899963379 5.336517333984375
v -5.150352478027344 10.65886116027832 5.336517333984375
v -13.31814193725586 1.5034799575805664 5.336517333984375
v -13.935314178466797 1.5642642974853516 5.336517333984375
v -22.874828338623047 -18.18673324584961 5.336517333984375
v 26.049423217773438 -5.467041969299316 0.0000152587890625
v 23.437332153320312 -11.333436012268066 0
v 25.800695419311523 -5.163969993591309 0.0000152587890625
v 26.698270797729492 -5.900588035583496 0.0000152587890625
v 23.437332153320312 -11.333436012268066 0
v 26.352493286132812 -5.715767860412598 0.0000152587890625
v 15.052436828613281 30.92038345336914 5.336517333984375
v -5.201377868652344 23.51364517211914 5.336517333984375
v -5.150352478027344 10.65886116027832 5.336517333984375
v -13.935314178466797 7.769722938537598 5.336517333984375
v -13.31814193725586 7.830507278442383 5.336517333984375
v -18.005226135253906 10.60777473449707 5.336517333984375
v 18.278942108154297 29.391681671142578 5.336517333984375
v 15.052436828613281 30.92038345336914 5.336517333984375
v 23.913341522216797 20.826995849609375 5.336517333984375
v -5.150352478027344 10.65886116027832 5.336517333984375
v -11.081199645996094 6.903935432434082 5.336517333984375
v -10.687774658203125 6.42454719543457 5.336517333984375
v 29.425209045410156 -3.6626501083374023 0.0000152587890625
v 29.3113956451416 -3.287464141845703 0.0000152587890625
v 42.76593017578125 0.2125406265258789 0
v 29.3113956451416 -3.287464141845703 0.0000152587890625
v 29.126577377319336 -2.941690444946289 0.0000152587890625
v 42.76593017578125 0.2125406265258789 0
v 30.299240112304688 12.91281509399414 5.336517333984375
v 26.797096252441406 -0.7018928527832031 5.336517333984375
v 32.032039642333984 10.035768508911133 5.336517333984375
v 25.56548500061035 -1.2120447158813477 5.336517333984375
v 26.156166076660156 -0.8963165283203125 5.336517333984375
v 30.299240112304688 12.91281509399414 5.336517333984375
v -5.150352478027344 10.65886116027832 5.336517333984375
v -12.700973510742188 7.769721984863281 5.336517333984375
v -12.10751724243164 7.589698791503906 5.336517333984375
v -16.48165512084961 4.666995525360107 5.336517333984375
v -18.005226135253906 10.60777473449707 5.336517333984375
v -31.70498275756836 11.651381492614746 5.336517333984375
v 39.76283264160156 -14.284384727478027 0
v 28.57477378845215 -5.7157697677612305 0.0000152587890625
v 28.87784767150879 -5.467043876647949 0.0000152587890625
v -13.318145751953125 2.666994094848633 0
v 2.0873794555664062 -17.33832550048828 0
v -5.963422775268555 -28.79433822631836 0
v -14.528770446777344 7.5897016525268555 5.336517333984375
v -18.005226135253906 10.60777473449707 5.336517333984375
v -15.075695037841797 7.297361373901367 5.336517333984375
v 8.0562162399292 32.791099548339844 5.336517333984375
v -5.201377868652344 23.51364517211914 5.336517333984375
v 15.052436828613281 30.92038345336914 5.336517333984375
v -15.948509216308594 6.424549102783203 5.336517333984375
v -18.005226135253906 10.60777473449707 5.336517333984375
v -16.240848541259766 5.877617359161377 5.336517333984375
v 33.104454040527344 6.910777568817139 5.336517333984375
v 28.130176544189453 -0.7018957138061523 5.336517333984375
v 34.17686462402344 3.785785675048828 5.336517333984375
v 16.877653121948242 -4.058781623840332 5.336517333984375
v -10.395439147949219 3.456366539001465 5.336517333984375
v 2.0873775482177734 -17.33832550048828 5.336517333984375
v 37.48249816894531 -6.321803092956543 5.336517333984375
v 30.88022232055664 -4.052837371826172 5.336517333984375
v 30.814573287963867 -4.719374656677246 5.336517333984375
v 24.336389541625977 25.79971694946289 5.336517333984375
v 21.505470275878906 27.862998962402344 5.336517333984375
v 23.913341522216797 20.826995849609375 5.336517333984375
v -30.811798095703125 -3.6640748977661133 5.336517333984375
v -31.70498275756836 11.651381492614746 5.336517333984375
v -35.64630126953125 6.405221939086914 5.336517333984375
v -20.548267364501953 -20.705291748046875 5.336517333984375
v -13.31814193725586 1.5034799575805664 5.336517333984375
v -22.874828338623047 -18.18673324584961 5.336517333984375
v 25.04774284362793 -6.468720436096191 5.336517333984375
v 24.622848510742188 -5.950984001159668 5.336517333984375
v 23.43733024597168 -11.333436012268066 5.336517333984375
v 1.0600757598876953 -37.43476486206055 0
v 2.0873794555664062 -17.33832550048828 0
v 9.222641944885254 -36.68217468261719 0
v -5.150352478027344 10.65886116027832 0
v -11.470386505126953 3.901625156402588 0
v -11.356575012207031 4.276811599731445 0
v 1.0715904235839844 -27.703060150146484 5.336517333984375
v 6.4105224609375 -30.518939971923828 5.336517333984375
v 2.0873775482177734 -17.33832550048828 5.336517333984375
v -38.44496154785156 -0.11451148986816406 5.336517333984375
v -36.3363037109375 -0.10614967346191406 5.336517333984375
v -35.64630126953125 6.405221939086914 5.336517333984375
v -35.64630126953125 6.405221939086914 5.336517333984375
v -37.715919494628906 6.765401840209961 5.336517333984375
v -38.44496154785156 -0.11451148986816406 5.336517333984375
v -37.66132736206055 -6.98842716217041 5.336517333984375
v -30.811798095703125 -3.6640748977661133 5.336517333984375
v -36.3363037109375 -0.10614967346191406 5.336517333984375
v -36.3363037109375 -0.10614967346191406 5.336517333984375
v -38.44496154785156 -0.11451148986816406 5.336517333984375
v -37.66132736206055 -6.98842716217041 5.336517333984375
v -37.715919494628906 6.765401840209961 5.336517333984375
v -35.64630126953125 6.405221939086914 5.336517333984375
v -35.64630126953125 6.405221939086914 7.7694854736328125
v -35.64630126953125 6.405221939086914 7.7694854736328125
v -37.715919494628906 6.765401363372803 7.7694854736328125
v -37.715919494628906 6.765401840209961 5.336517333984375
v -37.66132736206055 -6.98842716217041 5.336517333984375
v -41.194454193115234 -7.807629585266113 16.173294067382812
v -34.34495162963867 -4.483294486999512 16.173294067382812
v -34.34495162963867 -4.483294486999512 16.173294067382812
v -30.811798095703125 -3.6640748977661133 5.336517333984375
v -37.66132736206055 -6.98842716217041 5.336517333984375
v -28.78955078125 26.432147979736328 0
v -31.380863189697266 23.581953048706055 0
v -32.05176544189453 24.07110023498535 5.336517333984375
v -32.05176544189453 24.07110023498535 5.336517333984375
v -29.40607452392578 26.981121063232422 5.336517333984375
v -28.78955078125 26.432147979736328 0
v -31.380863189697266 23.581953048706055 0
v -33.97217559814453 20.73175811767578 0
v -34.69745635986328 21.161075592041016 5.336517333984375
v -34.69745635986328 21.161075592041016 5.336517333984375
v -32.05176544189453 24.07110023498535 5.336517333984375
v -31.380863189697266 23.581953048706055 0
v -29.40607452392578 26.981121063232422 5.336517333984375
v -32.05176544189453 24.07110023498535 5.336517333984375
v -29.451766967773438 22.176162719726562 5.336517333984375
v -29.451766967773438 22.176162719726562 5.336517333984375
v -27.014720916748047 24.8566951751709 5.336517333984375
v -29.40607452392578 26.981121063232422 5.336517333984375
v -32.05176544189453 24.07110023498535 5.336517333984375
v -34.69745635986328 21.161075592041016 5.336517333984375
v -31.888809204101562 19.495628356933594 5.336517333984375
v -31.888809204101562 19.495628356933594 5.336517333984375
v -29.451766967773438 22.176162719726562 5.336517333984375
v -32.05176544189453 24.07110023498535 5.336517333984375
v -27.014720916748047 24.8566951751709 5.336517333984375
v -29.451766967773438 22.176162719726562 5.336517333984375
v -31.62281036376953 20.362445831298828 7.6274261474609375
v -31.62281036376953 20.362445831298828 7.6274261474609375
v -27.014720916748047 24.8566951751709 7.7694854736328125
v -27.014720916748047 24.8566951751709 5.336517333984375
v -27.014720916748047 24.8566951751709 7.7694854736328125
v -31.62281036376953 20.362445831298828 7.6274261474609375
v -29.07282257080078 18.6663818359375 7.6274261474609375
v -29.07282257080078 18.6663818359375 7.6274261474609375
v -25.518375396728516 23.52736473083496 7.7694854736328125
v -27.014720916748047 24.8566951751709 7.7694854736328125
v -31.62281036376953 20.362445831298828 7.6274261474609375
v -33.33365249633789 21.131162643432617 16.173294067382812
v -29.73004913330078 19.068347930908203 16.173294067382812
v -29.73004913330078 19.068347930908203 16.173294067382812
v -29.07282257080078 18.6663818359375 7.6274261474609375
v -31.62281036376953 20.362445831298828 7.6274261474609375
v -25.518375396728516 23.52736473083496 7.7694854736328125
v -29.07282257080078 18.6663818359375 7.6274261474609375
v -26.901779174804688 20.4801025390625 5.336517333984375
v -26.901779174804688 20.4801025390625 5.336517333984375
v -25.51837158203125 23.527362823486328 5.336517333984375
v -25.518375396728516 23.52736473083496 7.7694854736328125
v -29.07282257080078 18.6663818359375 7.6274261474609375
v -29.73004913330078 19.068347930908203 16.173294067382812
v -28.28520965576172 17.432817459106445 5.336517333984375
v -28.28520965576172 17.432817459106445 5.336517333984375
v -26.901779174804688 20.4801025390625 5.336517333984375
v -29.07282257080078 18.6663818359375 7.6274261474609375
v -18.056236267089844 23.462635040283203 0
v -18.030719757080078 17.035213470458984 5.336517333984375
v -18.030719757080078 17.035215377807617 0
v -18.030719757080078 17.035213470458984 5.336517333984375
v -18.056236267089844 23.462635040283203 0
v -18.056236267089844 23.46263313293457 5.336517333984375
v -18.030719757080078 17.035215377807617 0
v -18.005226135253906 10.60777473449707 5.336517333984375
v -18.005226135253906 10.607775688171387 0
v -18.005226135253906 10.60777473449707 5.336517333984375
v -18.030719757080078 17.035215377807617 0
v -18.030719757080078 17.035213470458984 5.336517333984375
v -18.056236267089844 23.462635040283203 0
v -18.030719757080078 17.035215377807617 0
v -31.380863189697266 23.581953048706055 0
v -31.380863189697266 23.581953048706055 0
v -28.78955078125 26.432147979736328 0
v -18.056236267089844 23.462635040283203 0
v -18.030719757080078 17.035215377807617 0
v -18.005226135253906 10.607775688171387 0
v -33.97217559814453 20.73175811767578 0
v -33.97217559814453 20.73175811767578 0
v -31.380863189697266 23.581953048706055 0
v -18.030719757080078 17.035215377807617 0
v -25.51837158203125 23.527362823486328 5.336517333984375
v -26.901779174804688 20.4801025390625 5.336517333984375
v -18.030719757080078 17.035213470458984 5.336517333984375
v -18.030719757080078 17.035213470458984 5.336517333984375
v -18.056236267089844 23.46263313293457 5.336517333984375
v -25.51837158203125 23.527362823486328 5.336517333984375
v -26.901779174804688 20.4801025390625 5.336517333984375
v -28.28520965576172 17.432817459106445 5.336517333984375
v -18.005226135253906 10.60777473449707 5.336517333984375
v -18.005226135253906 10.60777473449707 5.336517333984375
v -18.030719757080078 17.035213470458984 5.336517333984375
v -26.901779174804688 20.4801025390625 5.336517333984375
v -31.888809204101562 19.495628356933594 5.336517333984375
v -31.62281036376953 20.362445831298828 7.6274261474609375
v -29.451766967773438 22.176162719726562 5.336517333984375
v -31.888809204101562 19.495628356933594 5.336517333984375
v -33.33365249633789 21.131162643432617 16.173294067382812
v -31.62281036376953 20.362445831298828 7.6274261474609375
v -11.560592651367188 2.0366249084472656 5.336517333984375
v 2.0873775482177734 -17.33832550048828 5.336517333984375
v -11.08120346069336 2.430048942565918 5.336517333984375
v 37.48249816894531 -6.321803092956543 5.336517333984375
v 30.814579010009766 -3.3862905502319336 5.336517333984375
v 30.88022232055664 -4.052837371826172 5.336517333984375
v 32.032039642333984 10.035768508911133 5.336517333984375
v 26.797096252441406 -0.7018928527832031 5.336517333984375
v 33.104454040527344 6.910777568817139 5.336517333984375
v -18.005226135253906 10.607775688171387 0
v -40.16816711425781 7.195799827575684 0
v -37.81425857543945 14.236442565917969 0
v 23.913341522216797 20.826995849609375 5.336517333984375
v 15.052436828613281 30.92038345336914 5.336517333984375
v -5.150352478027344 10.65886116027832 5.336517333984375
v 25.56548500061035 -1.2120447158813477 5.336517333984375
v 16.877653121948242 -4.058781623840332 5.336517333984375
v 25.047744750976562 -1.6369400024414062 5.336517333984375
v 23.913341522216797 20.826995849609375 5.336517333984375
v -5.150352478027344 10.65886116027832 5.336517333984375
v 16.877653121948242 -4.058781623840332 5.336517333984375
v -10.215415954589844 4.049820899963379 5.336517333984375
v -10.395439147949219 3.456366539001465 5.336517333984375
v -5.150352478027344 10.65886116027832 5.336517333984375
v -5.150352478027344 10.65886116027832 5.336517333984375
v -10.687774658203125 6.42454719543457 5.336517333984375
v -10.395435333251953 5.877616882324219 5.336517333984375
v -14.528766632080078 1.744288444519043 5.336517333984375
v -15.075698852539062 2.0366287231445312 5.336517333984375
v -27.54074478149414 -11.808754920959473 5.336517333984375
v -15.075698852539062 2.0366287231445312 5.336517333984375
v -15.555084228515625 2.430051803588867 5.336517333984375
v -27.54074478149414 -11.808754920959473 5.336517333984375
v -25.201393127441406 -15.668173789978027 5.336517333984375
v -14.528766632080078 1.744288444519043 5.336517333984375
v -27.54074478149414 -11.808754920959473 5.336517333984375
v -5.150352478027344 10.65886116027832 5.336517333984375
v -12.10751724243164 7.589698791503906 5.336517333984375
v -11.560588836669922 7.297358512878418 5.336517333984375
v -13.31814193725586 7.830507278442383 5.336517333984375
v -12.700973510742188 7.769721984863281 5.336517333984375
v -18.005226135253906 10.60777473449707 5.336517333984375
v 34.17686462402344 3.785785675048828 5.336517333984375
v 30.304428100585938 -2.1546802520751953 5.336517333984375
v 38.17250442504883 0.1895608901977539 5.336517333984375
v 29.879531860351562 -1.6369447708129883 5.336517333984375
v 34.17686462402344 3.785785675048828 5.336517333984375
v 29.361793518066406 -1.2120418548583984 5.336517333984375
v -30.811798095703125 -3.6640748977661133 5.336517333984375
v -15.555084228515625 2.430051803588867 5.336517333984375
v -15.948509216308594 2.9094390869140625 5.336517333984375
v -16.42087173461914 5.284163951873779 5.336517333984375
v -18.005226135253906 10.60777473449707 5.336517333984375
v -16.48165512084961 4.666995525360107 5.336517333984375
v -15.075695037841797 7.297361373901367 5.336517333984375
v -18.005226135253906 10.60777473449707 5.336517333984375
v -15.555084228515625 6.903936386108398 5.336517333984375
v 2.0873775482177734 -17.33832550048828 5.336517333984375
v -10.395439147949219 3.456366539001465 5.336517333984375
v -10.687782287597656 2.9094362258911133 5.336517333984375
v 29.879531860351562 -1.6369447708129883 5.336517333984375
v 30.304428100585938 -2.1546802520751953 5.336517333984375
v 34.17686462402344 3.785785675048828 5.336517333984375
v 30.304420471191406 -5.950987815856934 5.336517333984375
v 35.11868667602539 -12.288147926330566 5.336517333984375
v 37.48249816894531 -6.321803092956543 5.336517333984375
v 24.622848510742188 -5.950984001159668 5.336517333984375
v 24.307125091552734 -5.360299110412598 5.336517333984375
v 23.43733024597168 -11.333436012268066 5.336517333984375
v 26.156166076660156 -0.8963165283203125 5.336517333984375
v 26.797096252441406 -0.7018928527832031 5.336517333984375
v 30.299240112304688 12.91281509399414 5.336517333984375
v 27.463638305664062 -0.6362457275390625 5.336517333984375
v 28.130176544189453 -0.7018957138061523 5.336517333984375
v 33.104454040527344 6.910777568817139 5.336517333984375
v 37.48249816894531 -6.321803092956543 5.336517333984375
v 30.814573287963867 -4.719374656677246 5.336517333984375
v 30.620149612426758 -5.3603010177612305 5.336517333984375
v 34.17686462402344 3.785785675048828 5.336517333984375
v 28.130176544189453 -0.7018957138061523 5.336517333984375
v 28.771108627319336 -0.8963203430175781 5.336517333984375
v -22.874828338623047 -18.18673324584961 5.336517333984375
v -13.935314178466797 1.5642642974853516 5.336517333984375
v -25.201393127441406 -15.668173789978027 5.336517333984375
v 16.877653121948242 -4.058781623840332 5.336517333984375
v 24.307125091552734 -5.360299110412598 5.336517333984375
v 24.112699508666992 -4.719374656677246 5.336517333984375
v 26.797096252441406 -0.7018928527832031 5.336517333984375
v 27.463638305664062 -0.6362457275390625 5.336517333984375
v 33.104454040527344 6.910777568817139 5.336517333984375
v -30.811798095703125 -3.6640748977661133 5.336517333984375
v -15.948509216308594 2.9094390869140625 5.336517333984375
v -16.240848541259766 3.456371307373047 5.336517333984375
v 24.112695693969727 -3.3862876892089844 5.336517333984375
v 16.877653121948242 -4.058781623840332 5.336517333984375
v 24.04705238342285 -4.05283260345459 5.336517333984375
v 38.17250442504883 0.1895608901977539 5.336517333984375
v 30.620149612426758 -2.7453622817993164 5.336517333984375
v 30.814579010009766 -3.3862905502319336 5.336517333984375
v 25.565479278564453 -6.893614768981934 5.336517333984375
v 25.04774284362793 -6.468720436096191 5.336517333984375
v 23.43733024597168 -11.333436012268066 5.336517333984375
v 38.17250442504883 0.1895608901977539 5.336517333984375
v 30.304428100585938 -2.1546802520751953 5.336517333984375
v 30.620149612426758 -2.7453622817993164 5.336517333984375
v 26.156166076660156 -7.209343910217285 5.336517333984375
v 25.565479278564453 -6.893614768981934 5.336517333984375
v 23.43733024597168 -11.333436012268066 5.336517333984375
v 26.79709243774414 -7.4037675857543945 5.336517333984375
v 26.156166076660156 -7.209343910217285 5.336517333984375
v 23.43733024597168 -11.333436012268066 5.336517333984375
v 38.17250442504883 0.1895608901977539 5.336517333984375
v 30.814579010009766 -3.3862905502319336 5.336517333984375
v 37.48249816894531 -6.321803092956543 5.336517333984375
v 27.463634490966797 -7.469418525695801 5.336517333984375
v 26.79709243774414 -7.4037675857543945 5.336517333984375
v 23.43733024597168 -11.333436012268066 5.336517333984375
v 28.13017463684082 -7.403769493103027 5.336517333984375
v 27.463634490966797 -7.469418525695801 5.336517333984375
v 23.43733024597168 -11.333436012268066 5.336517333984375
v -14.083511352539062 2.8192358016967773 0
v -35.75383758544922 -17.68265151977539 0
v -14.42928695678711 3.004054546356201 0
v -5.150352478027344 10.65886116027832 0
v -11.356571197509766 5.057173252105713 0
v -11.470382690429688 5.432359218597412 0
v -30.811798095703125 -3.6640748977661133 5.336517333984375
v -16.48165512084961 4.666995525360107 5.336517333984375
v -31.70498275756836 11.651381492614746 5.336517333984375
v -30.811798095703125 -3.6640748977661133 5.336517333984375
v -35.64630126953125 6.405221939086914 5.336517333984375
v -36.3363037109375 -0.10614967346191406 5.336517333984375
v -5.150352478027344 10.65886116027832 0
v -5.201379776000977 23.513648986816406 0
v 20.415870666503906 33.0205192565918 0
v 8.930839538574219 36.839698791503906 0
v -5.201379776000977 23.513648986816406 0
v 0.7625598907470703 37.527488708496094 0
v -15.165901184082031 5.4323601722717285 0
v -18.005226135253906 10.607775688171387 0
v -14.981082916259766 5.778134346008301 0
v -15.31814193725586 4.666994571685791 0
v -18.005226135253906 10.607775688171387 0
v -15.279716491699219 5.057174205780029 0
v -5.150352478027344 10.65886116027832 0
v -12.927963256835938 6.628564357757568 0
v -18.005226135253906 10.607775688171387 0
v -35.75383758544922 -17.68265151977539 0
v -14.083511352539062 2.8192358016967773 0
v -33.80711364746094 -20.91497802734375 0
v -5.150352478027344 10.65886116027832 0
v -11.470382690429688 5.432359218597412 0
v -11.655204772949219 5.778133392333984 0
v -5.150352478027344 10.65886116027832 0
v -12.207000732421875 6.329932689666748 0
v -12.552776336669922 6.51475191116333 0
v 27.073455810546875 -2.091259002685547 0.0000152587890625
v 37.57624435424805 17.77558708190918 0
v 27.46363639831543 -2.0528297424316406 0.0000152587890625
v 27.073455810546875 -2.091259002685547 0.0000152587890625
v 33.015628814697266 23.837430953979492 0
v 35.62948989868164 21.007898330688477 0
v 42.76593017578125 0.2125406265258789 0
v 28.877851486206055 -2.6386184692382812 0.0000152587890625
v 41.93265914916992 7.521526336669922 0
v -14.083511352539062 6.514753341674805 0
v -14.429283142089844 6.3299336433410645 0
v -18.005226135253906 10.607775688171387 0
v -14.083511352539062 6.514753341674805 0
v -18.005226135253906 10.607775688171387 0
v -13.708324432373047 6.628564834594727 0
v 0.7625598907470703 37.527488708496094 0
v -5.201379776000977 23.513648986816406 0
v -7.399988174438477 36.774925231933594 0
v 29.87952423095703 -6.468722343444824 5.336517333984375
v 35.11868667602539 -12.288147926330566 5.336517333984375
v 30.304420471191406 -5.950987815856934 5.336517333984375
v 39.52299499511719 14.54327392578125 0
v 27.853816986083984 -2.0912609100341797 0.0000152587890625
v 27.46363639831543 -2.0528297424316406 0.0000152587890625
v 27.46363639831543 -2.0528297424316406 0.0000152587890625
v 37.57624435424805 17.77558708190918 0
v 39.52299499511719 14.54327392578125 0
v 16.877653121948242 -4.058781623840332 0
v 24.04079818725586 31.303070068359375 0
v 27.221290588378906 28.985027313232422 0
v 25.800697326660156 -2.941690444946289 0.0000152587890625
v 16.877653121948242 -4.058781623840332 0
v 26.049423217773438 -2.638615608215332 0.0000152587890625
v 16.877653121948242 -4.058781623840332 0
v 27.221290588378906 28.985027313232422 0
v 30.40178871154785 26.66698455810547 0
v -22.218486785888672 -31.21021270751953 0
v -25.39896011352539 -28.892147064208984 0
v -5.963422775268555 -28.79433822631836 0
v -14.732357025146484 3.2527809143066406 0
v -40.11018753051758 -7.428574562072754 0
v -14.981082916259766 3.5558533668518066 0
v 16.877653121948242 -4.058781623840332 0
v 20.415870666503906 33.0205192565918 0
v 24.04079818725586 31.303070068359375 0
v -14.968666076660156 -34.64516830444336 0
v -18.59357452392578 -32.92768859863281 0
v -5.963422775268555 -28.79433822631836 0
v 41.99073791503906 -7.10286808013916 0
v 39.76283264160156 -14.284384727478027 0
v 29.126571655273438 -5.163971900939941 0.0000152587890625
v 16.877653121948242 -4.058781623840332 0
v 25.61587905883789 -4.818195343017578 0.0000152587890625
v 23.437332153320312 -11.333436012268066 0
v 26.69826889038086 -2.2050704956054688 0.0000152587890625
v 33.015628814697266 23.837430953979492 0
v 27.073455810546875 -2.091259002685547 0.0000152587890625
v 39.76283264160156 -14.284384727478027 0
v 28.229000091552734 -5.900589942932129 0.0000152587890625
v 28.57477378845215 -5.7157697677612305 0.0000152587890625
v -11.655204772949219 3.555851459503174 0
v 2.0873794555664062 -17.33832550048828 0
v -11.9039306640625 3.2527785301208496 0
v -15.279716491699219 5.057174205780029 0
v -18.005226135253906 10.607775688171387 0
v -15.165901184082031 5.4323601722717285 0
v -5.963422775268555 -28.79433822631836 0
v -11.038619995117188 -35.696044921875 0
v -14.968666076660156 -34.64516830444336 0
v 1.0600757598876953 -37.43476486206055 0
v -5.963422775268555 -28.79433822631836 0
v 2.0873794555664062 -17.33832550048828 0
v 26.352497100830078 -2.389890670776367 0.0000152587890625
v 16.877653121948242 -4.058781623840332 0
v 26.69826889038086 -2.2050704956054688 0.0000152587890625
v 25.800697326660156 -2.941690444946289 0.0000152587890625
v 25.615877151489258 -3.2874631881713867 0.0000152587890625
v 16.877653121948242 -4.058781623840332 0
v 25.615877151489258 -3.2874631881713867 0.0000152587890625
v 25.502063751220703 -3.662649154663086 0.0000152587890625
v 16.877653121948242 -4.058781623840332 0
v -40.16816711425781 7.195799827575684 0
v -15.279712677001953 4.27681303024292 0
v -40.94339370727539 -0.11956787109375 0
v -29.404911041259766 -15.205243110656738 10.593597412109375
v -30.316417694091797 -14.022826194763184 11.574066162109375
v -30.389881134033203 -14.055115699768066 11.819900512695312
v -32.09852981567383 -12.82112979888916 14.579879760742188
v -30.423480987548828 -15.205245018005371 13.521484375
v -31.172992706298828 -13.389838218688965 12.865127563476562
v -32.09852981567383 -12.82112979888916 14.579879760742188
v -31.44139862060547 -12.9517183303833 12.895538330078125
v -31.552867889404297 -12.72536563873291 12.838897705078125
v -31.313129425048828 -13.1760835647583 12.904403686523438
v -32.09852981567383 -12.82112979888916 14.579879760742188
v -31.172992706298828 -13.389838218688965 12.865127563476562
v -31.172992706298828 -13.389838218688965 12.865127563476562
v -30.423480987548828 -15.205245018005371 13.521484375
v -31.026378631591797 -13.58476734161377 12.779251098632812
v -31.736438751220703 -10.43700885772705 9.782501220703125
v -32.755008697509766 -10.43700885772705 12.71038818359375
v -31.618736267089844 -11.744811058044434 11.484130859375
v -32.755008697509766 -10.43700885772705 12.71038818359375
v -31.709095001220703 -12.301228523254395 12.592697143554688
v -31.747844696044922 -12.119744300842285 12.41259765625
v -30.87891387939453 -13.75338077545166 12.650039672851562
v -30.423480987548828 -15.205245018005371 13.521484375
v -30.73626708984375 -13.88919734954834 12.482467651367188
v -32.755008697509766 -10.43700885772705 12.71038818359375
v -31.747844696044922 -12.119744300842285 12.41259765625
v -31.75802230834961 -11.968245506286621 12.203292846679688
v -30.73626708984375 -13.88919734954834 12.482467651367188
v -30.423480987548828 -15.205245018005371 13.521484375
v -30.60391616821289 -13.986992835998535 12.283004760742188
v -32.755008697509766 -10.43700885772705 12.71038818359375
v -31.73923110961914 -11.852547645568848 11.9727783203125
v -31.692203521728516 -11.77710247039795 11.729949951171875
v -30.486957550048828 -14.043017387390137 12.059280395507812
v -30.423480987548828 -15.205245018005371 13.521484375
v -30.389881134033203 -14.055115699768066 11.819900512695312
v -32.09852981567383 -12.82112979888916 14.579879760742188
v -31.643260955810547 -12.505722999572754 12.73663330078125
v -31.709095001220703 -12.301228523254395 12.592697143554688
v -32.755008697509766 -10.43700885772705 12.71038818359375
v -31.692203521728516 -11.77710247039795 11.729949951171875
v -31.618736267089844 -11.744811058044434 11.484130859375
v -31.404701232910156 -11.81293773651123 11.021026611328125
v -31.736438751220703 -10.43700885772705 9.782501220703125
v -31.521663665771484 -11.756911277770996 11.2447509765625
v -31.404701232910156 -11.81293773651123 11.021026611328125
v -31.272357940673828 -11.910735130310059 10.821548461914062
v -31.736438751220703 -10.43700885772705 9.782501220703125
v -30.26077651977539 -13.680184364318848 10.89141845703125
v -30.250595092773438 -13.831683158874512 11.100738525390625
v -29.404911041259766 -15.205243110656738 10.593597412109375
v -30.250595092773438 -13.831683158874512 11.100738525390625
v -30.269386291503906 -13.947379112243652 11.33123779296875
v -29.404911041259766 -15.205243110656738 10.593597412109375
v -29.404911041259766 -15.205243110656738 10.593597412109375
v -30.06139373779297 -12.821125984191895 8.724105834960938
v -30.299530029296875 -13.498702049255371 10.711318969726562
v -30.299530029296875 -13.498702049255371 10.711318969726562
v -30.26077651977539 -13.680184364318848 10.89141845703125
v -29.404911041259766 -15.205243110656738 10.593597412109375
v -30.695484161376953 -12.6238374710083 10.399627685546875
v -30.06139373779297 -12.821125984191895 8.724105834960938
v -30.83562469482422 -12.410088539123535 10.438888549804688
v -30.567218780517578 -12.848204612731934 10.408493041992188
v -30.06139373779297 -12.821125984191895 8.724105834960938
v -30.695484161376953 -12.6238374710083 10.399627685546875
v -31.272357940673828 -11.910735130310059 10.821548461914062
v -31.12970733642578 -12.046549797058105 10.65399169921875
v -31.736438751220703 -10.43700885772705 9.782501220703125
v -31.12970733642578 -12.046549797058105 10.65399169921875
v -30.98223876953125 -12.215157508850098 10.5247802734375
v -31.736438751220703 -10.43700885772705 9.782501220703125
v -35.44520950317383 -17.372299194335938 11.574066162109375
v -35.518672943115234 -17.404590606689453 11.819900512695312
v -30.389881134033203 -14.055115699768066 11.819900512695312
v -30.389881134033203 -14.055115699768066 11.819900512695312
v -30.316417694091797 -14.022826194763184 11.574066162109375
v -35.44520950317383 -17.372299194335938 11.574066162109375
v -29.404911041259766 -15.205243110656738 10.593597412109375
v -30.269386291503906 -13.947379112243652 11.33123779296875
v -30.316417694091797 -14.022826194763184 11.574066162109375
v -36.40114974975586 -15.260209083557129 10.821548461914062
v -36.25849914550781 -15.396021842956543 10.65399169921875
v -31.12970733642578 -12.046549797058105 10.65399169921875
v -31.12970733642578 -12.046549797058105 10.65399169921875
v -31.272357940673828 -11.910735130310059 10.821548461914062
v -36.40114974975586 -15.260209083557129 10.821548461914062
v -35.86505889892578 -17.238670349121094 12.482467651367188
v -36.00770568847656 -17.10285186767578 12.650039672851562
v -30.87891387939453 -13.75338077545166 12.650039672851562
v -30.87891387939453 -13.75338077545166 12.650039672851562
v -30.73626708984375 -13.88919734954834 12.482467651367188
v -35.86505889892578 -17.238670349121094 12.482467651367188
v -35.58454132080078 -16.424030303955078 10.465133666992188
v -35.49414825439453 -16.6436767578125 10.5673828125
v -30.3653564453125 -13.294203758239746 10.5673828125
v -30.3653564453125 -13.294203758239746 10.5673828125
v -30.45574951171875 -13.074559211730957 10.465133666992188
v -35.58454132080078 -16.424030303955078 10.465133666992188
v -36.74753189086914 -15.094283103942871 11.484130859375
v -36.650455474853516 -15.106383323669434 11.2447509765625
v -31.521663665771484 -11.756911277770996 11.2447509765625
v -31.521663665771484 -11.756911277770996 11.2447509765625
v -31.618736267089844 -11.744811058044434 11.484130859375
v -36.74753189086914 -15.094283103942871 11.484130859375
v -36.82099533081055 -15.12657642364502 11.729949951171875
v -36.74753189086914 -15.094283103942871 11.484130859375
v -31.618736267089844 -11.744811058044434 11.484130859375
v -31.618736267089844 -11.744811058044434 11.484130859375
v -31.692203521728516 -11.77710247039795 11.729949951171875
v -36.82099533081055 -15.12657642364502 11.729949951171875
v -36.837886810302734 -15.650700569152832 12.592697143554688
v -36.87663650512695 -15.469216346740723 12.41259765625
v -31.747844696044922 -12.119744300842285 12.41259765625
v -31.747844696044922 -12.119744300842285 12.41259765625
v -31.709095001220703 -12.301228523254395 12.592697143554688
v -36.837886810302734 -15.650700569152832 12.592697143554688
v -35.49414825439453 -16.6436767578125 10.5673828125
v -35.428321838378906 -16.848175048828125 10.711318969726562
v -30.299530029296875 -13.498702049255371 10.711318969726562
v -30.299530029296875 -13.498702049255371 10.711318969726562
v -30.3653564453125 -13.294203758239746 10.5673828125
v -35.49414825439453 -16.6436767578125 10.5673828125
v -35.518672943115234 -17.404590606689453 11.819900512695312
v -35.61574935913086 -17.39249038696289 12.059280395507812
v -30.486957550048828 -14.043017387390137 12.059280395507812
v -30.486957550048828 -14.043017387390137 12.059280395507812
v -30.389881134033203 -14.055115699768066 11.819900512695312
v -35.518672943115234 -17.404590606689453 11.819900512695312
v -35.69601058959961 -16.197677612304688 10.408493041992188
v -35.58454132080078 -16.424030303955078 10.465133666992188
v -30.45574951171875 -13.074559211730957 10.465133666992188
v -30.45574951171875 -13.074559211730957 10.465133666992188
v -30.567218780517578 -12.848204612731934 10.408493041992188
v -35.69601058959961 -16.197677612304688 10.408493041992188
v -36.87663650512695 -15.469216346740723 12.41259765625
v -36.886817932128906 -15.317717552185059 12.203292846679688
v -31.75802230834961 -11.968245506286621 12.203292846679688
v -31.75802230834961 -11.968245506286621 12.203292846679688
v -31.747844696044922 -12.119744300842285 12.41259765625
v -36.87663650512695 -15.469216346740723 12.41259765625
v -36.5701904296875 -16.301189422607422 12.895538330078125
v -36.68165969848633 -16.07483673095703 12.838897705078125
v -31.552867889404297 -12.72536563873291 12.838897705078125
v -31.552867889404297 -12.72536563873291 12.838897705078125
v -31.44139862060547 -12.9517183303833 12.895538330078125
v -36.5701904296875 -16.301189422607422 12.895538330078125
v -35.96441650390625 -15.759562492370605 10.438888549804688
v -35.824275970458984 -15.973309516906738 10.399627685546875
v -30.695484161376953 -12.6238374710083 10.399627685546875
v -30.695484161376953 -12.6238374710083 10.399627685546875
v -30.83562469482422 -12.410088539123535 10.438888549804688
v -35.96441650390625 -15.759562492370605 10.438888549804688
v -36.44192123413086 -16.525554656982422 12.904403686523438
v -36.5701904296875 -16.301189422607422 12.895538330078125
v -31.44139862060547 -12.9517183303833 12.895538330078125
v -31.44139862060547 -12.9517183303833 12.895538330078125
v -31.313129425048828 -13.1760835647583 12.904403686523438
v -36.44192123413086 -16.525554656982422 12.904403686523438
v -35.39817810058594 -17.296852111816406 11.33123779296875
v -35.44520950317383 -17.372299194335938 11.574066162109375
v -30.316417694091797 -14.022826194763184 11.574066162109375
v -30.316417694091797 -14.022826194763184 11.574066162109375
v -30.269386291503906 -13.947379112243652 11.33123779296875
v -35.39817810058594 -17.296852111816406 11.33123779296875
v -36.00770568847656 -17.10285186767578 12.650039672851562
v -36.15517044067383 -16.934242248535156 12.779251098632812
v -31.026378631591797 -13.58476734161377 12.779251098632812
v -31.026378631591797 -13.58476734161377 12.779251098632812
v -30.87891387939453 -13.75338077545166 12.650039672851562
v -36.00770568847656 -17.10285186767578 12.650039672851562
v -35.38956832885742 -17.02965545654297 10.89141845703125
v -35.379390716552734 -17.181156158447266 11.100738525390625
v -30.250595092773438 -13.831683158874512 11.100738525390625
v -30.250595092773438 -13.831683158874512 11.100738525390625
v -30.26077651977539 -13.680184364318848 10.89141845703125
v -35.38956832885742 -17.02965545654297 10.89141845703125
v -36.68165969848633 -16.07483673095703 12.838897705078125
v -36.77205276489258 -15.855196952819824 12.73663330078125
v -31.643260955810547 -12.505722999572754 12.73663330078125
v -31.643260955810547 -12.505722999572754 12.73663330078125
v -31.552867889404297 -12.72536563873291 12.838897705078125
v -36.68165969848633 -16.07483673095703 12.838897705078125
v -36.86802673339844 -15.202019691467285 11.9727783203125
v -36.82099533081055 -15.12657642364502 11.729949951171875
v -31.692203521728516 -11.77710247039795 11.729949951171875
v -31.692203521728516 -11.77710247039795 11.729949951171875
v -31.73923110961914 -11.852547645568848 11.9727783203125
v -36.86802673339844 -15.202019691467285 11.9727783203125
v -26.767913818359375 -16.026535034179688 10.029251098632812
v -28.734546661376953 -16.48739242553711 16.173294067382812
v -22.874828338623047 -18.18673324584961 5.336517333984375
v -36.886817932128906 -15.317717552185059 12.203292846679688
v -36.86802673339844 -15.202019691467285 11.9727783203125
v -31.73923110961914 -11.852547645568848 11.9727783203125
v -31.73923110961914 -11.852547645568848 11.9727783203125
v -31.75802230834961 -11.968245506286621 12.203292846679688
v -36.886817932128906 -15.317717552185059 12.203292846679688
v -28.734546661376953 -16.48739242553711 16.173294067382812
v -26.767913818359375 -16.026535034179688 10.029251098632812
v -28.57608413696289 -16.19589614868164 15.226852416992188
v -34.34495162963867 -4.483294486999512 16.173294067382812
v -32.20011901855469 -10.733283042907715 16.173294067382812
v -32.42240524291992 -7.731280326843262 13.786972045898438
v -27.54074478149414 -11.808754920959473 5.336517333984375
v -30.811798095703125 -3.6640748977661133 5.336517333984375
v -30.614234924316406 -7.731278419494629 8.589370727539062
v -30.614234924316406 -7.731278419494629 8.589370727539062
v -30.811798095703125 -3.6640748977661133 5.336517333984375
v -34.34495162963867 -4.483294486999512 16.173294067382812
v -27.552085876464844 -11.648972511291504 7.280029296875
v -26.546714782714844 -15.300152778625488 10.143081665039062
v -26.767913818359375 -16.026535034179688 10.029251098632812
v -26.767913818359375 -16.026535034179688 10.029251098632812
v -27.54074478149414 -11.808754920959473 5.336517333984375
v -27.552085876464844 -11.648972511291504 7.280029296875
v -30.06139373779297 -12.821125984191895 8.724105834960938
v -30.45574951171875 -13.074559211730957 10.465133666992188
v -30.3653564453125 -13.294203758239746 10.5673828125
v -36.650455474853516 -15.106383323669434 11.2447509765625
v -36.53349685668945 -15.162409782409668 11.021026611328125
v -31.404701232910156 -11.81293773651123 11.021026611328125
v -31.404701232910156 -11.81293773651123 11.021026611328125
v -31.521663665771484 -11.756911277770996 11.2447509765625
v -36.650455474853516 -15.106383323669434 11.2447509765625
v -35.824275970458984 -15.973309516906738 10.399627685546875
v -35.69601058959961 -16.197677612304688 10.408493041992188
v -30.567218780517578 -12.848204612731934 10.408493041992188
v -30.567218780517578 -12.848204612731934 10.408493041992188
v -30.695484161376953 -12.6238374710083 10.399627685546875
v -35.824275970458984 -15.973309516906738 10.399627685546875
v -36.11103057861328 -15.564629554748535 10.5247802734375
v -35.96441650390625 -15.759562492370605 10.438888549804688
v -30.83562469482422 -12.410088539123535 10.438888549804688
v -30.83562469482422 -12.410088539123535 10.438888549804688
v -30.98223876953125 -12.215157508850098 10.5247802734375
v -36.11103057861328 -15.564629554748535 10.5247802734375
v -36.77205276489258 -15.855196952819824 12.73663330078125
v -36.837886810302734 -15.650700569152832 12.592697143554688
v -31.709095001220703 -12.301228523254395 12.592697143554688
v -31.709095001220703 -12.301228523254395 12.592697143554688
v -31.643260955810547 -12.505722999572754 12.73663330078125
v -36.77205276489258 -15.855196952819824 12.73663330078125
v -35.73271179199219 -17.336463928222656 12.283004760742188
v -35.86505889892578 -17.238670349121094 12.482467651367188
v -30.73626708984375 -13.88919734954834 12.482467651367188
v -30.73626708984375 -13.88919734954834 12.482467651367188
v -30.60391616821289 -13.986992835998535 12.283004760742188
v -35.73271179199219 -17.336463928222656 12.283004760742188
v -35.428321838378906 -16.848175048828125 10.711318969726562
v -35.38956832885742 -17.02965545654297 10.89141845703125
v -30.26077651977539 -13.680184364318848 10.89141845703125
v -30.26077651977539 -13.680184364318848 10.89141845703125
v -30.299530029296875 -13.498702049255371 10.711318969726562
v -35.428321838378906 -16.848175048828125 10.711318969726562
v -35.379390716552734 -17.181156158447266 11.100738525390625
v -35.39817810058594 -17.296852111816406 11.33123779296875
v -30.269386291503906 -13.947379112243652 11.33123779296875
v -30.269386291503906 -13.947379112243652 11.33123779296875
v -30.250595092773438 -13.831683158874512 11.100738525390625
v -35.379390716552734 -17.181156158447266 11.100738525390625
v -36.25849914550781 -15.396021842956543 10.65399169921875
v -36.11103057861328 -15.564629554748535 10.5247802734375
v -30.98223876953125 -12.215157508850098 10.5247802734375
v -30.98223876953125 -12.215157508850098 10.5247802734375
v -31.12970733642578 -12.046549797058105 10.65399169921875
v -36.25849914550781 -15.396021842956543 10.65399169921875
v -36.15517044067383 -16.934242248535156 12.779251098632812
v -36.301788330078125 -16.73931121826172 12.865127563476562
v -31.172992706298828 -13.389838218688965 12.865127563476562
v -31.172992706298828 -13.389838218688965 12.865127563476562
v -31.026378631591797 -13.58476734161377 12.779251098632812
v -36.15517044067383 -16.934242248535156 12.779251098632812
v -35.61574935913086 -17.39249038696289 12.059280395507812
v -35.73271179199219 -17.336463928222656 12.283004760742188
v -30.60391616821289 -13.986992835998535 12.283004760742188
v -30.60391616821289 -13.986992835998535 12.283004760742188
v -30.486957550048828 -14.043017387390137 12.059280395507812
v -35.61574935913086 -17.39249038696289 12.059280395507812
v -36.301788330078125 -16.73931121826172 12.865127563476562
v -36.44192123413086 -16.525554656982422 12.904403686523438
v -31.313129425048828 -13.1760835647583 12.904403686523438
v -31.313129425048828 -13.1760835647583 12.904403686523438
v -31.172992706298828 -13.389838218688965 12.865127563476562
v -36.301788330078125 -16.73931121826172 12.865127563476562
v -36.53349685668945 -15.162409782409668 11.021026611328125
v -36.40114974975586 -15.260209083557129 10.821548461914062
v -31.272357940673828 -11.910735130310059 10.821548461914062
v -31.272357940673828 -11.910735130310059 10.821548461914062
v -31.404701232910156 -11.81293773651123 11.021026611328125
v -36.53349685668945 -15.162409782409668 11.021026611328125
v -32.42240524291992 -7.731280326843262 13.786972045898438
v -30.614234924316406 -7.731278419494629 8.589370727539062
v -34.34495162963867 -4.483294486999512 16.173294067382812
v -30.117347717285156 -7.997796058654785 8.900909423828125
v -27.552085876464844 -11.648972511291504 7.280029296875
v -27.54074478149414 -11.808754920959473 5.336517333984375
v -27.54074478149414 -11.808754920959473 5.336517333984375
v -30.614234924316406 -7.731278419494629 8.589370727539062
v -30.117347717285156 -7.997796058654785 8.900909423828125
v -30.06139373779297 -12.821125984191895 8.724105834960938
v -31.736438751220703 -10.43700885772705 9.782501220703125
v -30.98223876953125 -12.215157508850098 10.5247802734375
v -30.06139373779297 -12.821125984191895 8.724105834960938
v -30.567218780517578 -12.848204612731934 10.408493041992188
v -30.45574951171875 -13.074559211730957 10.465133666992188
v -31.521663665771484 -11.756911277770996 11.2447509765625
v -31.736438751220703 -10.43700885772705 9.782501220703125
v -31.618736267089844 -11.744811058044434 11.484130859375
v -30.423480987548828 -15.205245018005371 13.521484375
v -29.404911041259766 -15.205243110656738 10.593597412109375
v -30.389881134033203 -14.055115699768066 11.819900512695312
v -32.755008697509766 -10.43700885772705 12.71038818359375
v -31.75802230834961 -11.968245506286621 12.203292846679688
v -31.73923110961914 -11.852547645568848 11.9727783203125
v -32.09852981567383 -12.82112979888916 14.579879760742188
v -31.313129425048828 -13.1760835647583 12.904403686523438
v -31.44139862060547 -12.9517183303833 12.895538330078125
v -30.60391616821289 -13.986992835998535 12.283004760742188
v -30.423480987548828 -15.205245018005371 13.521484375
v -30.486957550048828 -14.043017387390137 12.059280395507812
v -32.09852981567383 -12.82112979888916 14.579879760742188
v -31.552867889404297 -12.72536563873291 12.838897705078125
v -31.643260955810547 -12.505722999572754 12.73663330078125
v -32.755008697509766 -10.43700885772705 12.71038818359375
v -32.09852981567383 -12.82112979888916 14.579879760742188
v -31.709095001220703 -12.301228523254395 12.592697143554688
v -31.026378631591797 -13.58476734161377 12.779251098632812
v -30.423480987548828 -15.205245018005371 13.521484375
v -30.87891387939453 -13.75338077545166 12.650039672851562
v -30.83562469482422 -12.410088539123535 10.438888549804688
v -30.06139373779297 -12.821125984191895 8.724105834960938
v -30.98223876953125 -12.215157508850098 10.5247802734375
v -30.06139373779297 -12.821125984191895 8.724105834960938
v -30.3653564453125 -13.294203758239746 10.5673828125
v -30.299530029296875 -13.498702049255371 10.711318969726562
v -35.379390716552734 -17.181156158447266 11.100738525390625
v -35.39509201049805 -13.592179298400879 5.336517333984375
v -35.26649856567383 -20.49118423461914 16.173294067382812
v -35.39817810058594 -17.296852111816406 11.33123779296875
v -35.379390716552734 -17.181156158447266 11.100738525390625
v -35.26649856567383 -20.49118423461914 16.173294067382812
v -35.44520950317383 -17.372299194335938 11.574066162109375
v -35.39817810058594 -17.296852111816406 11.33123779296875
v -35.26649856567383 -20.49118423461914 16.173294067382812
v -35.518672943115234 -17.404590606689453 11.819900512695312
v -35.44520950317383 -17.372299194335938 11.574066162109375
v -35.26649856567383 -20.49118423461914 16.173294067382812
v -35.61574935913086 -17.39249038696289 12.059280395507812
v -35.518672943115234 -17.404590606689453 11.819900512695312
v -35.26649856567383 -20.49118423461914 16.173294067382812
v -35.73271179199219 -17.336463928222656 12.283004760742188
v -35.61574935913086 -17.39249038696289 12.059280395507812
v -35.26649856567383 -20.49118423461914 16.173294067382812
v -35.86505889892578 -17.238670349121094 12.482467651367188
v -35.73271179199219 -17.336463928222656 12.283004760742188
v -35.26649856567383 -20.49118423461914 16.173294067382812
v -36.00770568847656 -17.10285186767578 12.650039672851562
v -35.86505889892578 -17.238670349121094 12.482467651367188
v -35.26649856567383 -20.49118423461914 16.173294067382812
v -36.15517044067383 -16.934242248535156 12.779251098632812
v -36.00770568847656 -17.10285186767578 12.650039672851562
v -35.26649856567383 -20.49118423461914 16.173294067382812
v -36.301788330078125 -16.73931121826172 12.865127563476562
v -36.15517044067383 -16.934242248535156 12.779251098632812
v -35.26649856567383 -20.49118423461914 16.173294067382812
v -36.44192123413086 -16.525554656982422 12.904403686523438
v -36.301788330078125 -16.73931121826172 12.865127563476562
v -35.26649856567383 -20.49118423461914 16.173294067382812
v -38.92822265625 -14.41137981414795 16.173294067382812
v -36.44192123413086 -16.525554656982422 12.904403686523438
v -35.26649856567383 -20.49118423461914 16.173294067382812
v -36.5701904296875 -16.301189422607422 12.895538330078125
v -36.44192123413086 -16.525554656982422 12.904403686523438
v -38.92822265625 -14.41137981414795 16.173294067382812
v -36.68165969848633 -16.07483673095703 12.838897705078125
v -36.5701904296875 -16.301189422607422 12.895538330078125
v -38.92822265625 -14.41137981414795 16.173294067382812
v -36.77205276489258 -15.855196952819824 12.73663330078125
v -36.68165969848633 -16.07483673095703 12.838897705078125
v -38.92822265625 -14.41137981414795 16.173294067382812
v -36.837886810302734 -15.650700569152832 12.592697143554688
v -36.77205276489258 -15.855196952819824 12.73663330078125
v -38.92822265625 -14.41137981414795 16.173294067382812
v -36.87663650512695 -15.469216346740723 12.41259765625
v -36.837886810302734 -15.650700569152832 12.592697143554688
v -38.92822265625 -14.41137981414795 16.173294067382812
v -36.886817932128906 -15.317717552185059 12.203292846679688
v -36.87663650512695 -15.469216346740723 12.41259765625
v -38.92822265625 -14.41137981414795 16.173294067382812
v -36.86802673339844 -15.202019691467285 11.9727783203125
v -36.886817932128906 -15.317717552185059 12.203292846679688
v -38.92822265625 -14.41137981414795 16.173294067382812
v -36.82099533081055 -15.12657642364502 11.729949951171875
v -36.86802673339844 -15.202019691467285 11.9727783203125
v -38.92822265625 -14.41137981414795 16.173294067382812
v -35.39509201049805 -13.592179298400879 5.336517333984375
v -36.650455474853516 -15.106383323669434 11.2447509765625
v -36.74753189086914 -15.094283103942871 11.484130859375
v -35.39509201049805 -13.592179298400879 5.336517333984375
v -36.53349685668945 -15.162409782409668 11.021026611328125
v -36.650455474853516 -15.106383323669434 11.2447509765625
v -35.38956832885742 -17.02965545654297 10.89141845703125
v -35.39509201049805 -13.592179298400879 5.336517333984375
v -35.379390716552734 -17.181156158447266 11.100738525390625
v -35.39509201049805 -13.592179298400879 5.336517333984375
v -36.40114974975586 -15.260209083557129 10.821548461914062
v -36.53349685668945 -15.162409782409668 11.021026611328125
v -35.428321838378906 -16.848175048828125 10.711318969726562
v -35.39509201049805 -13.592179298400879 5.336517333984375
v -35.38956832885742 -17.02965545654297 10.89141845703125
v -35.39509201049805 -13.592179298400879 5.336517333984375
v -36.25849914550781 -15.396021842956543 10.65399169921875
v -36.40114974975586 -15.260209083557129 10.821548461914062
v -35.49414825439453 -16.6436767578125 10.5673828125
v -35.39509201049805 -13.592179298400879 5.336517333984375
v -35.428321838378906 -16.848175048828125 10.711318969726562
v -35.39509201049805 -13.592179298400879 5.336517333984375
v -36.11103057861328 -15.564629554748535 10.5247802734375
v -36.25849914550781 -15.396021842956543 10.65399169921875
v -35.58454132080078 -16.424030303955078 10.465133666992188
v -35.39509201049805 -13.592179298400879 5.336517333984375
v -35.49414825439453 -16.6436767578125 10.5673828125
v -35.39509201049805 -13.592179298400879 5.336517333984375
v -35.96441650390625 -15.759562492370605 10.438888549804688
v -36.11103057861328 -15.564629554748535 10.5247802734375
v -35.69601058959961 -16.197677612304688 10.408493041992188
v -35.39509201049805 -13.592179298400879 5.336517333984375
v -35.58454132080078 -16.424030303955078 10.465133666992188
v -35.39509201049805 -13.592179298400879 5.336517333984375
v -35.824275970458984 -15.973309516906738 10.399627685546875
v -35.96441650390625 -15.759562492370605 10.438888549804688
v -35.824275970458984 -15.973309516906738 10.399627685546875
v -35.39509201049805 -13.592179298400879 5.336517333984375
v -35.69601058959961 -16.197677612304688 10.408493041992188
v -38.92822265625 -14.41137981414795 16.173294067382812
v -36.74753189086914 -15.094283103942871 11.484130859375
v -36.82099533081055 -15.12657642364502 11.729949951171875
v -38.92822265625 -14.41137981414795 16.173294067382812
v -35.39509201049805 -13.592179298400879 5.336517333984375
v -36.74753189086914 -15.094283103942871 11.484130859375
v 0.16416358947753906 -36.271968841552734 11.877304077148438
v -0.5627765655517578 -29.909473419189453 11.67901611328125
v -0.5056724548339844 -29.909473419189453 11.926651000976562
v -0.5627765655517578 -29.909473419189453 11.67901611328125
v 0.16416358947753906 -36.271968841552734 11.877304077148438
v 0.11541557312011719 -36.220428466796875 11.628646850585938
v 0.2614707946777344 -36.3184928894043 12.112335205078125
v -0.5056724548339844 -29.909473419189453 11.926651000976562
v -0.40047454833984375 -29.909473419189453 12.158706665039062
v -0.5056724548339844 -29.909473419189453 11.926651000976562
v 0.2614707946777344 -36.3184928894043 12.112335205078125
v 0.16416358947753906 -36.271968841552734 11.877304077148438
v 0.40360450744628906 -36.358192443847656 12.324691772460938
v -0.40047454833984375 -29.909473419189453 12.158706665039062
v -0.2512168884277344 -29.909473419189453 12.366317749023438
v -0.40047454833984375 -29.909473419189453 12.158706665039062
v 0.40360450744628906 -36.358192443847656 12.324691772460938
v 0.2614707946777344 -36.3184928894043 12.112335205078125
v 0.5851020812988281 -36.389564514160156 12.506210327148438
v -0.2512168884277344 -29.909473419189453 12.366317749023438
v -0.06363487243652344 -29.909473419189453 12.54150390625
v -0.2512168884277344 -29.909473419189453 12.366317749023438
v 0.5851020812988281 -36.389564514160156 12.506210327148438
v 0.40360450744628906 -36.358192443847656 12.324691772460938
v 0.7989768981933594 -36.411399841308594 12.64990234375
v -0.06363487243652344 -29.909473419189453 12.54150390625
v 0.15505599975585938 -29.909473419189453 12.677505493164062
v -0.06363487243652344 -29.909473419189453 12.54150390625
v 0.7989768981933594 -36.411399841308594 12.64990234375
v 0.5851020812988281 -36.389564514160156 12.506210327148438
v 1.0370292663574219 -36.4228401184082 12.750259399414062
v 0.15505599975585938 -29.909473419189453 12.677505493164062
v 0.3964576721191406 -29.909473419189453 12.76910400390625
v 0.15505599975585938 -29.909473419189453 12.677505493164062
v 1.0370292663574219 -36.4228401184082 12.750259399414062
v 0.7989768981933594 -36.411399841308594 12.64990234375
v 1.2900943756103516 -36.4234733581543 12.803436279296875
v 0.3964576721191406 -29.909473419189453 12.76910400390625
v 0.6512889862060547 -29.909473419189453 12.81280517578125
v 0.3964576721191406 -29.909473419189453 12.76910400390625
v 1.2900943756103516 -36.4234733581543 12.803436279296875
v 1.0370292663574219 -36.4228401184082 12.750259399414062
v 1.5484561920166016 -36.41325759887695 12.807357788085938
v 0.6512889862060547 -29.909473419189453 12.81280517578125
v 0.9097671508789062 -29.909473419189453 12.806900024414062
v 0.6512889862060547 -29.909473419189453 12.81280517578125
v 1.5484561920166016 -36.41325759887695 12.807357788085938
v 1.2900943756103516 -36.4234733581543 12.803436279296875
v 1.8021831512451172 -36.3925895690918 12.761917114257812
v 0.9097671508789062 -29.909473419189453 12.806900024414062
v 1.2029170989990234 -29.909473419189453 12.776763916015625
v 0.9097671508789062 -29.909473419189453 12.806900024414062
v 1.8021831512451172 -36.3925895690918 12.761917114257812
v 1.5484561920166016 -36.41325759887695 12.807357788085938
v 2.0415267944335938 -36.362266540527344 12.6688232421875
v 1.2029170989990234 -29.909473419189453 12.776763916015625
v 1.4234619140625 -29.909473419189453 12.674240112304688
v 1.2029170989990234 -29.909473419189453 12.776763916015625
v 2.0415267944335938 -36.362266540527344 12.6688232421875
v 1.8021831512451172 -36.3925895690918 12.761917114257812
v 2.2572898864746094 -36.32345199584961 12.531661987304688
v 1.4234619140625 -29.909473419189453 12.674240112304688
v 1.6255455017089844 -29.909473419189453 12.528427124023438
v 1.4234619140625 -29.909473419189453 12.674240112304688
v 2.2572898864746094 -36.32345199584961 12.531661987304688
v 2.0415267944335938 -36.362266540527344 12.6688232421875
v 2.441171646118164 -36.27763748168945 12.355712890625
v 1.6255455017089844 -29.909473419189453 12.528427124023438
v 1.8013973236083984 -29.909473419189453 12.344894409179688
v 1.6255455017089844 -29.909473419189453 12.528427124023438
v 2.441171646118164 -36.27763748168945 12.355712890625
v 2.2572898864746094 -36.32345199584961 12.531661987304688
v 2.5861148834228516 -36.2265739440918 12.147735595703125
v 1.8013973236083984 -29.909473419189453 12.344894409179688
v 1.9442615509033203 -29.909473419189453 12.130722045898438
v 1.8013973236083984 -29.909473419189453 12.344894409179688
v 2.5861148834228516 -36.2265739440918 12.147735595703125
v 2.441171646118164 -36.27763748168945 12.355712890625
v 2.6865482330322266 -36.1722412109375 11.91571044921875
v 1.9442615509033203 -29.909473419189453 12.130722045898438
v 2.048643112182617 -29.909473419189453 11.894134521484375
v 1.9442615509033203 -29.909473419189453 12.130722045898438
v 2.6865482330322266 -36.1722412109375 11.91571044921875
v 2.5861148834228516 -36.2265739440918 12.147735595703125
v 2.738605499267578 -36.11671447753906 11.6685791015625
v 2.048643112182617 -29.909473419189453 11.894134521484375
v 2.1105308532714844 -29.909473419189453 11.64422607421875
v 2.048643112182617 -29.909473419189453 11.894134521484375
v 2.738605499267578 -36.11671447753906 11.6685791015625
v 2.6865482330322266 -36.1722412109375 11.91571044921875
v 2.7402992248535156 -36.062137603759766 11.415817260742188
v 2.1105308532714844 -29.909473419189453 11.64422607421875
v 2.127553939819336 -29.909473419189453 11.390579223632812
v 2.1105308532714844 -29.909473419189453 11.64422607421875
v 2.7402992248535156 -36.062137603759766 11.415817260742188
v 2.738605499267578 -36.11671447753906 11.6685791015625
v 2.6915531158447266 -36.01059341430664 11.167144775390625
v 2.127553939819336 -29.909473419189453 11.390579223632812
v 2.099048614501953 -29.909473419189453 11.142974853515625
v 2.127553939819336 -29.909473419189453 11.390579223632812
v 2.6915531158447266 -36.01059341430664 11.167144775390625
v 2.7402992248535156 -36.062137603759766 11.415817260742188
v 2.5942420959472656 -35.96407699584961 10.932113647460938
v 2.099048614501953 -29.909473419189453 11.142974853515625
v 2.0261154174804688 -29.909473419189453 10.910903930664062
v 2.099048614501953 -29.909473419189453 11.142974853515625
v 2.5942420959472656 -35.96407699584961 10.932113647460938
v 2.6915531158447266 -36.01059341430664 11.167144775390625
v 2.4521121978759766 -35.924373626708984 10.719772338867188
v 2.0261154174804688 -29.909473419189453 10.910903930664062
v 1.9115619659423828 -29.909473419189453 10.703292846679688
v 2.0261154174804688 -29.909473419189453 10.910903930664062
v 2.4521121978759766 -35.924373626708984 10.719772338867188
v 2.5942420959472656 -35.96407699584961 10.932113647460938
v 2.2706127166748047 -35.893009185791016 10.538253784179688
v 1.9115619659423828 -29.909473419189453 10.703292846679688
v 1.7597789764404297 -29.909473419189453 10.528106689453125
v 1.9115619659423828 -29.909473419189453 10.703292846679688
v 2.2706127166748047 -35.893009185791016 10.538253784179688
v 2.4521121978759766 -35.924373626708984 10.719772338867188
v 2.056734085083008 -35.87116622924805 10.394561767578125
v 1.7597789764404297 -29.909473419189453 10.528106689453125
v 1.5766067504882812 -29.909473419189453 10.392105102539062
v 1.7597789764404297 -29.909473419189453 10.528106689453125
v 2.056734085083008 -35.87116622924805 10.394561767578125
v 2.2706127166748047 -35.893009185791016 10.538253784179688
v 1.818685531616211 -35.85972213745117 10.294204711914062
v 1.5766067504882812 -29.909473419189453 10.392105102539062
v 1.0955142974853516 -29.909473419189453 10.275360107421875
v 1.5766067504882812 -29.909473419189453 10.392105102539062
v 1.818685531616211 -35.85972213745117 10.294204711914062
v 2.056734085083008 -35.87116622924805 10.394561767578125
v 1.5656204223632812 -35.85908889770508 10.24102783203125
v 1.0955142974853516 -29.909473419189453 10.275360107421875
v 0.8406810760498047 -29.909473419189453 10.231658935546875
v 1.0955142974853516 -29.909473419189453 10.275360107421875
v 1.5656204223632812 -35.85908889770508 10.24102783203125
v 1.818685531616211 -35.85972213745117 10.294204711914062
v 1.3072566986083984 -35.869300842285156 10.237091064453125
v 0.8406810760498047 -29.909473419189453 10.231658935546875
v 0.5822086334228516 -29.909473419189453 10.237564086914062
v 0.8406810760498047 -29.909473419189453 10.231658935546875
v 1.3072566986083984 -35.869300842285156 10.237091064453125
v 1.5656204223632812 -35.85908889770508 10.24102783203125
v 1.0535297393798828 -35.88997268676758 10.282546997070312
v 0.5822086334228516 -29.909473419189453 10.237564086914062
v 0.3300285339355469 -29.909473419189453 10.2928466796875
v 0.5822086334228516 -29.909473419189453 10.237564086914062
v 1.0535297393798828 -35.88997268676758 10.282546997070312
v 1.3072566986083984 -35.869300842285156 10.237091064453125
v 0.8141880035400391 -35.920291900634766 10.375640869140625
v 0.3300285339355469 -29.909473419189453 10.2928466796875
v 0.09383392333984375 -29.909473419189453 10.395355224609375
v 0.3300285339355469 -29.909473419189453 10.2928466796875
v 0.8141880035400391 -35.920291900634766 10.375640869140625
v 1.0535297393798828 -35.88997268676758 10.282546997070312
v 0.5984306335449219 -35.95911407470703 10.512802124023438
v 0.09383392333984375 -29.909473419189453 10.395355224609375
v -0.11730194091796875 -29.909473419189453 10.541183471679688
v 0.09383392333984375 -29.909473419189453 10.395355224609375
v 0.5984306335449219 -35.95911407470703 10.512802124023438
v 0.8141880035400391 -35.920291900634766 10.375640869140625
v 0.4145469665527344 -36.00493621826172 10.688751220703125
v -0.11730194091796875 -29.909473419189453 10.541183471679688
v -0.295257568359375 -29.909473419189453 10.724700927734375
v -0.11730194091796875 -29.909473419189453 10.541183471679688
v 0.4145469665527344 -36.00493621826172 10.688751220703125
v 0.5984306335449219 -35.95911407470703 10.512802124023438
v 0.26959991455078125 -36.05599594116211 10.896728515625
v -0.295257568359375 -29.909473419189453 10.724700927734375
v -0.4331989288330078 -29.909473419189453 10.938873291015625
v -0.295257568359375 -29.909473419189453 10.724700927734375
v 0.26959991455078125 -36.05599594116211 10.896728515625
v 0.4145469665527344 -36.00493621826172 10.688751220703125
v 0.16916847229003906 -36.110328674316406 11.128738403320312
v -0.4331989288330078 -29.909473419189453 10.938873291015625
v -0.5258312225341797 -29.909473419189453 11.175460815429688
v -0.4331989288330078 -29.909473419189453 10.938873291015625
v 0.16916847229003906 -36.110328674316406 11.128738403320312
v 0.26959991455078125 -36.05599594116211 10.896728515625
v 0.11710739135742188 -36.16585159301758 11.375885009765625
v -0.5258312225341797 -29.909473419189453 11.175460815429688
v -0.569580078125 -29.909473419189453 11.425384521484375
v -0.5258312225341797 -29.909473419189453 11.175460815429688
v 0.11710739135742188 -36.16585159301758 11.375885009765625
v 0.16916847229003906 -36.110328674316406 11.128738403320312
v 0.11541557312011719 -36.220428466796875 11.628646850585938
v -0.569580078125 -29.909473419189453 11.425384521484375
v -0.5627765655517578 -29.909473419189453 11.67901611328125
v -0.569580078125 -29.909473419189453 11.425384521484375
v 0.11541557312011719 -36.220428466796875 11.628646850585938
v 0.11710739135742188 -36.16585159301758 11.375885009765625
v 0.9097671508789062 -29.909473419189453 12.806900024414062
v 0.780853271484375 -29.91079330444336 14.6324462890625
v 1.2029170989990234 -29.909473419189453 12.776763916015625
v 1.2029170989990234 -29.909473419189453 12.776763916015625
v 0.780853271484375 -29.91079330444336 14.6324462890625
v 1.4234619140625 -29.909473419189453 12.674240112304688
v 1.4234619140625 -29.909473419189453 12.674240112304688
v 3.4655303955078125 -29.91079330444336 13.082443237304688
v 1.6255455017089844 -29.909473419189453 12.528427124023438
v 1.8013973236083984 -29.909473419189453 12.344894409179688
v 3.4655303955078125 -29.91079330444336 13.082443237304688
v 1.9442615509033203 -29.909473419189453 12.130722045898438
v -1.9038257598876953 -29.91079330444336 13.082443237304688
v 0.15505599975585938 -29.909473419189453 12.677505493164062
v -0.06363487243652344 -29.909473419189453 12.54150390625
v 3.4655303955078125 -29.91079330444336 9.982437133789062
v 2.0261154174804688 -29.909473419189453 10.910903930664062
v 2.099048614501953 -29.909473419189453 11.142974853515625
v 3.4655303955078125 -29.91079330444336 9.982437133789062
v 2.099048614501953 -29.909473419189453 11.142974853515625
v 2.127553939819336 -29.909473419189453 11.390579223632812
v 0.6512889862060547 -29.909473419189453 12.81280517578125
v 0.780853271484375 -29.91079330444336 14.6324462890625
v 0.9097671508789062 -29.909473419189453 12.806900024414062
v 0.3300285339355469 -29.909473419189453 10.2928466796875
v 0.780853271484375 -29.91079330444336 8.43243408203125
v 0.09383392333984375 -29.909473419189453 10.395355224609375
v -1.9038257598876953 -29.91079330444336 13.082443237304688
v 0.780853271484375 -29.91079330444336 14.6324462890625
v 0.15505599975585938 -29.909473419189453 12.677505493164062
v 1.5766067504882812 -29.909473419189453 10.392105102539062
v 1.7597789764404297 -29.909473419189453 10.528106689453125
v 3.4655303955078125 -29.91079330444336 9.982437133789062
v 1.7597789764404297 -29.909473419189453 10.528106689453125
v 1.9115619659423828 -29.909473419189453 10.703292846679688
v 3.4655303955078125 -29.91079330444336 9.982437133789062
v 3.4655303955078125 -29.91079330444336 9.982437133789062
v 0.780853271484375 -29.91079330444336 8.43243408203125
v 1.5766067504882812 -29.909473419189453 10.392105102539062
v 0.5822086334228516 -29.909473419189453 10.237564086914062
v 0.780853271484375 -29.91079330444336 8.43243408203125
v 0.3300285339355469 -29.909473419189453 10.2928466796875
v 0.780853271484375 -29.91079330444336 14.6324462890625
v 0.6512889862060547 -29.909473419189453 12.81280517578125
v 0.3964576721191406 -29.909473419189453 12.76910400390625
v 0.780853271484375 -29.91079330444336 14.6324462890625
v 0.3964576721191406 -29.909473419189453 12.76910400390625
v 0.15505599975585938 -29.909473419189453 12.677505493164062
v 1.9115619659423828 -29.909473419189453 10.703292846679688
v 2.0261154174804688 -29.909473419189453 10.910903930664062
v 3.4655303955078125 -29.91079330444336 9.982437133789062
v -0.5258312225341797 -29.909473419189453 11.175460815429688
v -1.9038257598876953 -29.91079330444336 9.982437133789062
v -0.569580078125 -29.909473419189453 11.425384521484375
v -6.392053604125977 -28.78076934814453 16.173294067382812
v -4.512216567993164 -27.705944061279297 8.476486206054688
v -6.198873519897461 -27.09088134765625 5.336517333984375
v 0.780853271484375 -29.91079330444336 8.43243408203125
v 0.5822086334228516 -29.909473419189453 10.237564086914062
v 0.8406810760498047 -29.909473419189453 10.231658935546875
v -0.4331989288330078 -29.909473419189453 10.938873291015625
v -1.9038257598876953 -29.91079330444336 9.982437133789062
v -0.5258312225341797 -29.909473419189453 11.175460815429688
v 2.1105308532714844 -29.909473419189453 11.64422607421875
v 3.4655303955078125 -29.91079330444336 13.082443237304688
v 2.127553939819336 -29.909473419189453 11.390579223632812
v 0.780853271484375 -29.91079330444336 14.6324462890625
v 3.4655303955078125 -29.91079330444336 13.082443237304688
v 1.4234619140625 -29.909473419189453 12.674240112304688
v -1.9038257598876953 -29.91079330444336 13.082443237304688
v -0.40047454833984375 -29.909473419189453 12.158706665039062
v -0.5056724548339844 -29.909473419189453 11.926651000976562
v -0.4331989288330078 -29.909473419189453 10.938873291015625
v -0.295257568359375 -29.909473419189453 10.724700927734375
v -1.9038257598876953 -29.91079330444336 9.982437133789062
v 0.780853271484375 -29.91079330444336 8.43243408203125
v 1.0955142974853516 -29.909473419189453 10.275360107421875
v 1.5766067504882812 -29.909473419189453 10.392105102539062
v 2.048643112182617 -29.909473419189453 11.894134521484375
v 3.4655303955078125 -29.91079330444336 13.082443237304688
v 2.1105308532714844 -29.909473419189453 11.64422607421875
v -1.9038257598876953 -29.91079330444336 13.082443237304688
v -0.5056724548339844 -29.909473419189453 11.926651000976562
v -0.5627765655517578 -29.909473419189453 11.67901611328125
v -4.512216567993164 -27.705944061279297 8.476486206054688
v 1.0715904235839844 -27.703060150146484 5.336517333984375
v -6.198873519897461 -27.09088134765625 5.336517333984375
v 0.780853271484375 -29.91079330444336 8.43243408203125
v -1.9038257598876953 -29.91079330444336 9.982437133789062
v 0.09383392333984375 -29.909473419189453 10.395355224609375
v 1.9442615509033203 -29.909473419189453 12.130722045898438
v 3.4655303955078125 -29.91079330444336 13.082443237304688
v 2.048643112182617 -29.909473419189453 11.894134521484375
v -1.9038257598876953 -29.91079330444336 13.082443237304688
v -0.5627765655517578 -29.909473419189453 11.67901611328125
v -0.569580078125 -29.909473419189453 11.425384521484375
v -1.9038257598876953 -29.91079330444336 13.082443237304688
v -0.2512168884277344 -29.909473419189453 12.366317749023438
v -0.40047454833984375 -29.909473419189453 12.158706665039062
v 1.6255455017089844 -29.909473419189453 12.528427124023438
v 3.4655303955078125 -29.91079330444336 13.082443237304688
v 1.8013973236083984 -29.909473419189453 12.344894409179688
v -1.9038257598876953 -29.91079330444336 13.082443237304688
v -0.06363487243652344 -29.909473419189453 12.54150390625
v -0.2512168884277344 -29.909473419189453 12.366317749023438
v 3.4655303955078125 -29.91079330444336 13.082443237304688
v 3.4655303955078125 -29.91079330444336 9.982437133789062
v 2.127553939819336 -29.909473419189453 11.390579223632812
v 0.5851020812988281 -36.389564514160156 12.506210327148438
v 0.8647918701171875 -36.89805603027344 16.173294067382812
v 0.40360450744628906 -36.358192443847656 12.324691772460938
v 0.7989768981933594 -36.411399841308594 12.64990234375
v 0.8647918701171875 -36.89805603027344 16.173294067382812
v 0.5851020812988281 -36.389564514160156 12.506210327148438
v 1.0370292663574219 -36.4228401184082 12.750259399414062
v 0.8647918701171875 -36.89805603027344 16.173294067382812
v 0.7989768981933594 -36.411399841308594 12.64990234375
v 1.2900943756103516 -36.4234733581543 12.803436279296875
v 0.8647918701171875 -36.89805603027344 16.173294067382812
v 1.0370292663574219 -36.4228401184082 12.750259399414062
v 1.5484561920166016 -36.41325759887695 12.807357788085938
v 0.8647918701171875 -36.89805603027344 16.173294067382812
v 1.2900943756103516 -36.4234733581543 12.803436279296875
v 1.8021831512451172 -36.3925895690918 12.761917114257812
v 0.8647918701171875 -36.89805603027344 16.173294067382812
v 1.5484561920166016 -36.41325759887695 12.807357788085938
v 2.0415267944335938 -36.362266540527344 12.6688232421875
v 0.8647918701171875 -36.89805603027344 16.173294067382812
v 1.8021831512451172 -36.3925895690918 12.761917114257812
v 2.2572898864746094 -36.32345199584961 12.531661987304688
v 0.8647918701171875 -36.89805603027344 16.173294067382812
v 2.0415267944335938 -36.362266540527344 12.6688232421875
v 8.734658241271973 -34.5003662109375 7.7694854736328125
v 2.5861148834228516 -36.2265739440918 12.147735595703125
v 2.6865482330322266 -36.1722412109375 11.91571044921875
v 8.734658241271973 -34.5003662109375 7.7694854736328125
v 2.6865482330322266 -36.1722412109375 11.91571044921875
v 2.738605499267578 -36.11671447753906 11.6685791015625
v 0.11541557312011719 -36.220428466796875 11.628646850585938
v 0.16416358947753906 -36.271968841552734 11.877304077148438
v -6.254779815673828 -34.821895599365234 5.336517333984375
v 8.734658241271973 -34.5003662109375 7.7694854736328125
v 2.738605499267578 -36.11671447753906 11.6685791015625
v 2.7402992248535156 -36.062137603759766 11.415817260742188
v 0.11710739135742188 -36.16585159301758 11.375885009765625
v 0.11541557312011719 -36.220428466796875 11.628646850585938
v -6.254779815673828 -34.821895599365234 5.336517333984375
v 8.734658241271973 -34.5003662109375 7.7694854736328125
v 2.7402992248535156 -36.062137603759766 11.415817260742188
v 2.6915531158447266 -36.01059341430664 11.167144775390625
v 0.16916847229003906 -36.110328674316406 11.128738403320312
v 0.11710739135742188 -36.16585159301758 11.375885009765625
v -6.254779815673828 -34.821895599365234 5.336517333984375
v 8.734658241271973 -34.5003662109375 7.7694854736328125
v 2.6915531158447266 -36.01059341430664 11.167144775390625
v 2.5942420959472656 -35.96407699584961 10.932113647460938
v 0.26959991455078125 -36.05599594116211 10.896728515625
v 0.16916847229003906 -36.110328674316406 11.128738403320312
v -6.254779815673828 -34.821895599365234 5.336517333984375
v 8.734658241271973 -34.5003662109375 7.7694854736328125
v 2.5942420959472656 -35.96407699584961 10.932113647460938
v 2.4521121978759766 -35.924373626708984 10.719772338867188
v 0.4145469665527344 -36.00493621826172 10.688751220703125
v 0.26959991455078125 -36.05599594116211 10.896728515625
v -6.254779815673828 -34.821895599365234 5.336517333984375
v 8.734658241271973 -34.5003662109375 7.7694854736328125
v 2.4521121978759766 -35.924373626708984 10.719772338867188
v 2.2706127166748047 -35.893009185791016 10.538253784179688
v 0.8647918701171875 -36.89805603027344 16.173294067382812
v 0.2614707946777344 -36.3184928894043 12.112335205078125
v 0.40360450744628906 -36.358192443847656 12.324691772460938
v 0.8647918701171875 -36.89805603027344 16.173294067382812
v 2.2572898864746094 -36.32345199584961 12.531661987304688
v 2.441171646118164 -36.27763748168945 12.355712890625
v 2.5861148834228516 -36.2265739440918 12.147735595703125
v 8.734658241271973 -34.5003662109375 7.7694854736328125
v 0.8647918701171875 -36.89805603027344 16.173294067382812
v 2.5861148834228516 -36.2265739440918 12.147735595703125
v 0.8647918701171875 -36.89805603027344 16.173294067382812
v 2.441171646118164 -36.27763748168945 12.355712890625
v 0.16416358947753906 -36.271968841552734 11.877304077148438
v 0.2614707946777344 -36.3184928894043 12.112335205078125
v 0.8647918701171875 -36.89805603027344 16.173294067382812
v 0.16416358947753906 -36.271968841552734 11.877304077148438
v 0.8647918701171875 -36.89805603027344 16.173294067382812
v -6.254779815673828 -34.821895599365234 5.336517333984375
v 1.818685531616211 -35.85972213745117 10.294204711914062
v 1.5656204223632812 -35.85908889770508 10.24102783203125
v 1.057973861694336 -35.20817184448242 5.336517333984375
v 1.3072566986083984 -35.869300842285156 10.237091064453125
v 1.057973861694336 -35.20817184448242 5.336517333984375
v 1.5656204223632812 -35.85908889770508 10.24102783203125
v 2.056734085083008 -35.87116622924805 10.394561767578125
v 1.818685531616211 -35.85972213745117 10.294204711914062
v 1.057973861694336 -35.20817184448242 5.336517333984375
v 1.0535297393798828 -35.88997268676758 10.282546997070312
v 1.057973861694336 -35.20817184448242 5.336517333984375
v 1.3072566986083984 -35.869300842285156 10.237091064453125
v 2.2706127166748047 -35.893009185791016 10.538253784179688
v 2.056734085083008 -35.87116622924805 10.394561767578125
v 1.057973861694336 -35.20817184448242 5.336517333984375
v 2.2706127166748047 -35.893009185791016 10.538253784179688
v 1.057973861694336 -35.20817184448242 5.336517333984375
v 8.734658241271973 -34.5003662109375 7.7694854736328125
v 0.8141880035400391 -35.920291900634766 10.375640869140625
v 1.057973861694336 -35.20817184448242 5.336517333984375
v 1.0535297393798828 -35.88997268676758 10.282546997070312
v 0.5984306335449219 -35.95911407470703 10.512802124023438
v 1.057973861694336 -35.20817184448242 5.336517333984375
v 0.8141880035400391 -35.920291900634766 10.375640869140625
v 0.4145469665527344 -36.00493621826172 10.688751220703125
v -6.254779815673828 -34.821895599365234 5.336517333984375
v 1.057973861694336 -35.20817184448242 5.336517333984375
v 0.4145469665527344 -36.00493621826172 10.688751220703125
v 1.057973861694336 -35.20817184448242 5.336517333984375
v 0.5984306335449219 -35.95911407470703 10.512802124023438
v -28.708526611328125 -12.08825969696045 8.724105834960938
v -30.383575439453125 -9.704140663146973 9.782501220703125
v -31.736438751220703 -10.43700885772705 9.782501220703125
v -31.736438751220703 -10.43700885772705 9.782501220703125
v -30.06139373779297 -12.821125984191895 8.724105834960938
v -28.708526611328125 -12.08825969696045 8.724105834960938
v -28.052047729492188 -14.472376823425293 10.593597412109375
v -28.708526611328125 -12.08825969696045 8.724105834960938
v -30.06139373779297 -12.821125984191895 8.724105834960938
v -30.06139373779297 -12.821125984191895 8.724105834960938
v -29.404911041259766 -15.205243110656738 10.593597412109375
v -28.052047729492188 -14.472376823425293 10.593597412109375
v -29.070613861083984 -14.472378730773926 13.521484375
v -28.052047729492188 -14.472376823425293 10.593597412109375
v -29.404911041259766 -15.205243110656738 10.593597412109375
v -29.404911041259766 -15.205243110656738 10.593597412109375
v -30.423480987548828 -15.205245018005371 13.521484375
v -29.070613861083984 -14.472378730773926 13.521484375
v -31.402141571044922 -9.704140663146973 12.71038818359375
v -30.745662689208984 -12.088261604309082 14.579879760742188
v -32.09852981567383 -12.82112979888916 14.579879760742188
v -32.09852981567383 -12.82112979888916 14.579879760742188
v -32.755008697509766 -10.43700885772705 12.71038818359375
v -31.402141571044922 -9.704140663146973 12.71038818359375
v -30.745662689208984 -12.088261604309082 14.579879760742188
v -29.070613861083984 -14.472378730773926 13.521484375
v -30.423480987548828 -15.205245018005371 13.521484375
v -30.423480987548828 -15.205245018005371 13.521484375
v -32.09852981567383 -12.82112979888916 14.579879760742188
v -30.745662689208984 -12.088261604309082 14.579879760742188
v -30.383575439453125 -9.704140663146973 9.782501220703125
v -31.402141571044922 -9.704140663146973 12.71038818359375
v -32.755008697509766 -10.43700885772705 12.71038818359375
v -32.755008697509766 -10.43700885772705 12.71038818359375
v -31.736438751220703 -10.43700885772705 9.782501220703125
v -30.383575439453125 -9.704140663146973 9.782501220703125
v -30.383575439453125 -9.704140663146973 9.782501220703125
v -28.708526611328125 -12.08825969696045 8.724105834960938
v -28.09341049194336 -11.648972511291504 8.836074829101562
v -28.09341049194336 -11.648972511291504 8.836074829101562
v -29.768455505371094 -9.264853477478027 9.89447021484375
v -30.383575439453125 -9.704140663146973 9.782501220703125
v -28.708526611328125 -12.08825969696045 8.724105834960938
v -28.052047729492188 -14.472376823425293 10.593597412109375
v -27.436931610107422 -14.03309154510498 10.70556640625
v -27.436931610107422 -14.03309154510498 10.70556640625
v -28.09341049194336 -11.648972511291504 8.836074829101562
v -28.708526611328125 -12.08825969696045 8.724105834960938
v -28.052047729492188 -14.472376823425293 10.593597412109375
v -29.070613861083984 -14.472378730773926 13.521484375
v -28.455493927001953 -14.03309154510498 13.633453369140625
v -28.455493927001953 -14.03309154510498 13.633453369140625
v -27.436931610107422 -14.03309154510498 10.70556640625
v -28.052047729492188 -14.472376823425293 10.593597412109375
v -30.745662689208984 -12.088261604309082 14.579879760742188
v -31.402141571044922 -9.704140663146973 12.71038818359375
v -30.787025451660156 -9.264853477478027 12.822357177734375
v -30.787025451660156 -9.264853477478027 12.822357177734375
v -30.13054656982422 -11.648974418640137 14.691848754882812
v -30.745662689208984 -12.088261604309082 14.579879760742188
v -29.070613861083984 -14.472378730773926 13.521484375
v -30.745662689208984 -12.088261604309082 14.579879760742188
v -30.13054656982422 -11.648974418640137 14.691848754882812
v -30.13054656982422 -11.648974418640137 14.691848754882812
v -28.455493927001953 -14.03309154510498 13.633453369140625
v -29.070613861083984 -14.472378730773926 13.521484375
v -31.402141571044922 -9.704140663146973 12.71038818359375
v -30.383575439453125 -9.704140663146973 9.782501220703125
v -29.768455505371094 -9.264853477478027 9.89447021484375
v -29.768455505371094 -9.264853477478027 9.89447021484375
v -30.787025451660156 -9.264853477478027 12.822357177734375
v -31.402141571044922 -9.704140663146973 12.71038818359375
v -27.436931610107422 -14.03309154510498 10.70556640625
v -28.455493927001953 -14.03309154510498 13.633453369140625
v -28.106605529785156 -15.300150871276855 14.62701416015625
v -28.106605529785156 -15.300150871276855 14.62701416015625
v -26.546714782714844 -15.300152778625488 10.143081665039062
v -27.436931610107422 -14.03309154510498 10.70556640625
v -30.13054656982422 -11.648974418640137 14.691848754882812
v -30.787025451660156 -9.264853477478027 12.822357177734375
v -31.677242279052734 -7.997797966003418 13.384841918945312
v -31.677242279052734 -7.997797966003418 13.384841918945312
v -30.671871185302734 -11.64897632598877 16.173294067382812
v -30.13054656982422 -11.648974418640137 14.691848754882812
v -28.455493927001953 -14.03309154510498 13.633453369140625
v -30.13054656982422 -11.648974418640137 14.691848754882812
v -30.671871185302734 -11.64897632598877 16.173294067382812
v -30.671871185302734 -11.64897632598877 16.173294067382812
v -28.106605529785156 -15.300150871276855 14.62701416015625
v -28.455493927001953 -14.03309154510498 13.633453369140625
v -30.787025451660156 -9.264853477478027 12.822357177734375
v -29.768455505371094 -9.264853477478027 9.89447021484375
v -30.117347717285156 -7.997796058654785 8.900909423828125
v -30.117347717285156 -7.997796058654785 8.900909423828125
v -31.677242279052734 -7.997797966003418 13.384841918945312
v -30.787025451660156 -9.264853477478027 12.822357177734375
v -29.768455505371094 -9.264853477478027 9.89447021484375
v -28.09341049194336 -11.648972511291504 8.836074829101562
v -27.552085876464844 -11.648972511291504 7.280029296875
v -27.552085876464844 -11.648972511291504 7.280029296875
v -30.117347717285156 -7.997796058654785 8.900909423828125
v -29.768455505371094 -9.264853477478027 9.89447021484375
v -28.09341049194336 -11.648972511291504 8.836074829101562
v -27.436931610107422 -14.03309154510498 10.70556640625
v -26.546714782714844 -15.300152778625488 10.143081665039062
v -26.546714782714844 -15.300152778625488 10.143081665039062
v -27.552085876464844 -11.648972511291504 7.280029296875
v -28.09341049194336 -11.648972511291504 8.836074829101562
v -26.546714782714844 -15.300152778625488 10.143081665039062
v -28.106605529785156 -15.300150871276855 14.62701416015625
v -28.57608413696289 -16.19589614868164 15.226852416992188
v -28.57608413696289 -16.19589614868164 15.226852416992188
v -26.767913818359375 -16.026535034179688 10.029251098632812
v -26.546714782714844 -15.300152778625488 10.143081665039062
v -30.671871185302734 -11.64897632598877 16.173294067382812
v -31.677242279052734 -7.997797966003418 13.384841918945312
v -32.42240524291992 -7.731280326843262 13.786972045898438
v -32.42240524291992 -7.731280326843262 13.786972045898438
v -31.313945770263672 -12.183825492858887 16.173294067382812
v -30.671871185302734 -11.64897632598877 16.173294067382812
v -28.106605529785156 -15.300150871276855 14.62701416015625
v -30.671871185302734 -11.64897632598877 16.173294067382812
v -31.313945770263672 -12.183825492858887 16.173294067382812
v -31.313945770263672 -12.183825492858887 16.173294067382812
v -28.57608413696289 -16.19589614868164 15.226852416992188
v -28.106605529785156 -15.300150871276855 14.62701416015625
v -31.677242279052734 -7.997797966003418 13.384841918945312
v -30.117347717285156 -7.997796058654785 8.900909423828125
v -30.614234924316406 -7.731278419494629 8.589370727539062
v -30.614234924316406 -7.731278419494629 8.589370727539062
v -32.42240524291992 -7.731280326843262 13.786972045898438
v -31.677242279052734 -7.997797966003418 13.384841918945312
v 0.780853271484375 -29.91079330444336 14.6324462890625
v 0.548187255859375 -27.825641632080078 14.6324462890625
v 3.2328662872314453 -27.825641632080078 13.082443237304688
v 3.2328662872314453 -27.825641632080078 13.082443237304688
v 3.4655303955078125 -29.91079330444336 13.082443237304688
v 0.780853271484375 -29.91079330444336 14.6324462890625
v -1.9038257598876953 -29.91079330444336 9.982437133789062
v -2.1364898681640625 -27.825641632080078 9.982437133789062
v -2.1364898681640625 -27.825641632080078 13.082443237304688
v -2.1364898681640625 -27.825641632080078 13.082443237304688
v -1.9038257598876953 -29.91079330444336 13.082443237304688
v -1.9038257598876953 -29.91079330444336 9.982437133789062
v 0.780853271484375 -29.91079330444336 8.43243408203125
v 0.5481891632080078 -27.825641632080078 8.43243408203125
v -2.1364898681640625 -27.825641632080078 9.982437133789062
v -2.1364898681640625 -27.825641632080078 9.982437133789062
v -1.9038257598876953 -29.91079330444336 9.982437133789062
v 0.780853271484375 -29.91079330444336 8.43243408203125
v 3.4655303955078125 -29.91079330444336 9.982437133789062
v 3.2328662872314453 -27.825641632080078 9.982437133789062
v 0.5481891632080078 -27.825641632080078 8.43243408203125
v 0.5481891632080078 -27.825641632080078 8.43243408203125
v 0.780853271484375 -29.91079330444336 8.43243408203125
v 3.4655303955078125 -29.91079330444336 9.982437133789062
v 3.4655303955078125 -29.91079330444336 13.082443237304688
v 3.2328662872314453 -27.825641632080078 13.082443237304688
v 3.2328662872314453 -27.825641632080078 9.982437133789062
v 3.2328662872314453 -27.825641632080078 9.982437133789062
v 3.4655303955078125 -29.91079330444336 9.982437133789062
v 3.4655303955078125 -29.91079330444336 13.082443237304688
v -1.9038257598876953 -29.91079330444336 13.082443237304688
v -2.1364898681640625 -27.825641632080078 13.082443237304688
v 0.548187255859375 -27.825641632080078 14.6324462890625
v 0.548187255859375 -27.825641632080078 14.6324462890625
v 0.780853271484375 -29.91079330444336 14.6324462890625
v -1.9038257598876953 -29.91079330444336 13.082443237304688
v 3.2328662872314453 -27.825641632080078 9.982437133789062
v 5.243602752685547 -27.825637817382812 8.95587158203125
v 0.780853271484375 -27.825637817382812 6.379302978515625
v 0.780853271484375 -27.825637817382812 6.379302978515625
v 0.5481891632080078 -27.825641632080078 8.43243408203125
v 3.2328662872314453 -27.825641632080078 9.982437133789062
v 3.2328662872314453 -27.825641632080078 13.082443237304688
v 5.243602752685547 -27.825637817382812 14.1090087890625
v 5.243602752685547 -27.825637817382812 8.95587158203125
v 5.243602752685547 -27.825637817382812 8.95587158203125
v 3.2328662872314453 -27.825641632080078 9.982437133789062
v 3.2328662872314453 -27.825641632080078 13.082443237304688
v -2.1364898681640625 -27.825641632080078 13.082443237304688
v -3.681896209716797 -27.825637817382812 14.1090087890625
v 0.780853271484375 -27.825637817382812 16.173294067382812
v 0.780853271484375 -27.825637817382812 16.173294067382812
v 0.548187255859375 -27.825641632080078 14.6324462890625
v -2.1364898681640625 -27.825641632080078 13.082443237304688
v 0.548187255859375 -27.825641632080078 14.6324462890625
v 0.780853271484375 -27.825637817382812 16.173294067382812
v 5.243602752685547 -27.825637817382812 14.1090087890625
v 5.243602752685547 -27.825637817382812 14.1090087890625
v 3.2328662872314453 -27.825641632080078 13.082443237304688
v 0.548187255859375 -27.825641632080078 14.6324462890625
v -2.1364898681640625 -27.825641632080078 9.982437133789062
v -3.681896209716797 -27.825637817382812 8.95587158203125
v -3.681896209716797 -27.825637817382812 14.1090087890625
v -3.681896209716797 -27.825637817382812 14.1090087890625
v -2.1364898681640625 -27.825641632080078 13.082443237304688
v -2.1364898681640625 -27.825641632080078 9.982437133789062
v 0.5481891632080078 -27.825641632080078 8.43243408203125
v 0.780853271484375 -27.825637817382812 6.379302978515625
v -3.681896209716797 -27.825637817382812 8.95587158203125
v -3.681896209716797 -27.825637817382812 8.95587158203125
v -2.1364898681640625 -27.825641632080078 9.982437133789062
v 0.5481891632080078 -27.825641632080078 8.43243408203125
v 6.073925018310547 -36.3962287902832 16.173294067382812
v 6.073925018310547 -36.3962287902832 14.588394165039062
v 6.073925018310547 -28.9049072265625 14.588394165039062
v 6.073925018310547 -28.9049072265625 14.588394165039062
v 6.073925018310547 -29.053043365478516 16.173294067382812
v 6.073925018310547 -36.3962287902832 16.173294067382812
v 8.734658241271973 -34.5003662109375 7.7694854736328125
v 6.073925018310547 -36.3962287902832 14.588394165039062
v 0.8647918701171875 -36.89805603027344 16.173294067382812
v 6.073925018310547 -36.3962287902832 16.173294067382812
v 6.073925018310547 -29.053043365478516 16.173294067382812
v 0.8784122467041016 -29.392948150634766 16.173294067382812
v 0.8784122467041016 -29.392948150634766 16.173294067382812
v 0.8647918701171875 -36.89805603027344 16.173294067382812
v 6.073925018310547 -36.3962287902832 16.173294067382812
v -3.681896209716797 -27.825637817382812 8.95587158203125
v -4.512216567993164 -27.705944061279297 8.476486206054688
v -4.512216567993164 -28.762657165527344 14.588394165039062
v -4.512216567993164 -28.762657165527344 14.588394165039062
v -3.681896209716797 -27.825637817382812 14.1090087890625
v -3.681896209716797 -27.825637817382812 8.95587158203125
v 6.073925018310547 -36.3962287902832 14.588394165039062
v 6.073925018310547 -36.3962287902832 16.173294067382812
v 0.8647918701171875 -36.89805603027344 16.173294067382812
v 6.073925018310547 -36.3962287902832 14.588394165039062
v 8.734658241271973 -34.5003662109375 7.7694854736328125
v 6.410520553588867 -30.518936157226562 7.7694854736328125
v 6.410520553588867 -30.518936157226562 7.7694854736328125
v 6.073925018310547 -28.9049072265625 14.588394165039062
v 6.073925018310547 -36.3962287902832 14.588394165039062
v 0.780853271484375 -27.825637817382812 6.379302978515625
v 1.0715904235839844 -27.703060150146484 5.336517333984375
v -4.512216567993164 -27.705944061279297 8.476486206054688
v -4.512216567993164 -27.705944061279297 8.476486206054688
v -3.681896209716797 -27.825637817382812 8.95587158203125
v 0.780853271484375 -27.825637817382812 6.379302978515625
v 6.073925018310547 -28.9049072265625 14.588394165039062
v 0.8784122467041016 -29.392948150634766 16.173294067382812
v 6.073925018310547 -29.053043365478516 16.173294067382812
v -3.681896209716797 -27.825637817382812 14.1090087890625
v -4.512216567993164 -28.762657165527344 14.588394165039062
v 0.8784122467041016 -29.392948150634766 16.173294067382812
v 0.8784122467041016 -29.392948150634766 16.173294067382812
v 0.780853271484375 -27.825637817382812 16.173294067382812
v -3.681896209716797 -27.825637817382812 14.1090087890625
v 0.780853271484375 -27.825637817382812 16.173294067382812
v 0.8784122467041016 -29.392948150634766 16.173294067382812
v 6.073925018310547 -28.9049072265625 14.588394165039062
v 6.073925018310547 -28.9049072265625 14.588394165039062
v 5.243602752685547 -27.825637817382812 14.1090087890625
v 0.780853271484375 -27.825637817382812 16.173294067382812
v 5.243602752685547 -27.825637817382812 14.1090087890625
v 6.073925018310547 -28.9049072265625 14.588394165039062
v 6.410520553588867 -30.518936157226562 7.7694854736328125
v 6.410520553588867 -30.518936157226562 7.7694854736328125
v 5.243602752685547 -27.825637817382812 8.95587158203125
v 5.243602752685547 -27.825637817382812 14.1090087890625
v -6.392053604125977 -28.78076934814453 16.173294067382812
v -4.512216567993164 -28.762657165527344 14.588394165039062
v -4.512216567993164 -27.705944061279297 8.476486206054688
v -6.392053604125977 -28.78076934814453 16.173294067382812
v 0.8784122467041016 -29.392948150634766 16.173294067382812
v -4.512216567993164 -28.762657165527344 14.588394165039062
v 6.4105224609375 -30.518939971923828 5.336517333984375
v 1.0715904235839844 -27.703060150146484 5.336517333984375
v 5.243602752685547 -27.825637817382812 8.95587158203125
v 1.0715904235839844 -27.703060150146484 5.336517333984375
v 0.780853271484375 -27.825637817382812 6.379302978515625
v 5.243602752685547 -27.825637817382812 8.95587158203125
v 6.410520553588867 -30.518936157226562 7.7694854736328125
v 6.4105224609375 -30.518939971923828 5.336517333984375
v 5.243602752685547 -27.825637817382812 8.95587158203125
v 37.57624435424805 17.77558708190918 0
v 27.073455810546875 -2.091259002685547 0.0000152587890625
v 35.62948989868164 21.007898330688477 0
v -26.767913818359375 -16.026535034179688 10.029251098632812
v -25.201393127441406 -15.668173789978027 5.336517333984375
v -27.54074478149414 -11.808754920959473 5.336517333984375
v 27.073455810546875 -2.091259002685547 0.0000152587890625
v 27.073455810546875 -2.0912599563598633 3.652313232421875
v 26.69826889038086 -2.205071449279785 3.652313232421875
v 26.69826889038086 -2.205071449279785 3.652313232421875
v 26.69826889038086 -2.2050704956054688 0.0000152587890625
v 27.073455810546875 -2.091259002685547 0.0000152587890625
v -11.9039306640625 3.2527785301208496 0
v -11.9039306640625 3.2527785301208496 3.6522979736328125
v -11.655204772949219 3.555851459503174 3.6522979736328125
v -11.655204772949219 3.555851459503174 3.6522979736328125
v -11.655204772949219 3.555851459503174 0
v -11.9039306640625 3.2527785301208496 0
v -11.470386505126953 3.901625156402588 0
v -11.470386505126953 3.901625156402588 3.6522979736328125
v -11.356575012207031 4.276811599731445 3.6522979736328125
v -11.356575012207031 4.276811599731445 3.6522979736328125
v -11.356575012207031 4.276811599731445 0
v -11.470386505126953 3.901625156402588 0
v -14.981082916259766 3.5558533668518066 0
v -14.981082916259766 3.5558533668518066 3.6522979736328125
v -14.732357025146484 3.2527809143066406 3.6522979736328125
v -14.732357025146484 3.2527809143066406 3.6522979736328125
v -14.732357025146484 3.2527809143066406 0
v -14.981082916259766 3.5558533668518066 0
v 29.126577377319336 -2.941690444946289 0.0000152587890625
v 29.126577377319336 -2.9416913986206055 3.652313232421875
v 28.877851486206055 -2.6386194229125977 3.652313232421875
v 28.877851486206055 -2.6386194229125977 3.652313232421875
v 28.877851486206055 -2.6386184692382812 0.0000152587890625
v 29.126577377319336 -2.941690444946289 0.0000152587890625
v -14.42928695678711 3.004054546356201 0
v -14.42928695678711 3.0040550231933594 3.6522979736328125
v -14.083511352539062 2.819234848022461 3.6522979736328125
v -14.083511352539062 2.819234848022461 3.6522979736328125
v -14.083511352539062 2.8192358016967773 0
v -14.42928695678711 3.004054546356201 0
v 28.574779510498047 -2.389889717102051 0.0000152587890625
v 28.574779510498047 -2.389890670776367 3.652313232421875
v 28.22900390625 -2.205073356628418 3.652313232421875
v 28.22900390625 -2.205073356628418 3.652313232421875
v 28.22900390625 -2.2050724029541016 0.0000152587890625
v 28.574779510498047 -2.389889717102051 0.0000152587890625
v -13.318145751953125 2.666994094848633 0
v -13.318145751953125 2.6669931411743164 3.6522979736328125
v -12.927967071533203 2.7054224014282227 3.6522979736328125
v -12.927967071533203 2.7054224014282227 3.6522979736328125
v -12.927967071533203 2.705423355102539 0
v -13.318145751953125 2.666994094848633 0
v -12.552780151367188 2.8192338943481445 0
v -12.552780151367188 2.819232940673828 3.6522979736328125
v -12.20700454711914 3.0040526390075684 3.6522979736328125
v -12.20700454711914 3.0040526390075684 3.6522979736328125
v -12.20700454711914 3.0040526390075684 0
v -12.552780151367188 2.8192338943481445 0
v -15.279716491699219 5.057174205780029 0
v -15.279716491699219 5.057174205780029 3.6522979736328125
v -15.31814193725586 4.666994571685791 3.6522979736328125
v -15.31814193725586 4.666994571685791 3.6522979736328125
v -15.31814193725586 4.666994571685791 0
v -15.279716491699219 5.057174205780029 0
v 29.42520523071289 -4.443011283874512 0.0000152587890625
v 29.42520523071289 -4.443012237548828 3.652313232421875
v 29.463634490966797 -4.052833557128906 3.652313232421875
v 29.463634490966797 -4.052833557128906 3.652313232421875
v 29.46363639831543 -4.05283260345459 0.0000152587890625
v 29.42520523071289 -4.443011283874512 0.0000152587890625
v -15.279712677001953 4.27681303024292 0
v -15.279712677001953 4.27681303024292 3.6522979736328125
v -15.165901184082031 3.901628017425537 3.6522979736328125
v -15.165901184082031 3.901628017425537 3.6522979736328125
v -15.165901184082031 3.901628017425537 0
v -15.279712677001953 4.27681303024292 0
v 29.425209045410156 -3.6626501083374023 0.0000152587890625
v 29.425209045410156 -3.6626510620117188 3.652313232421875
v 29.3113956451416 -3.2874650955200195 3.652313232421875
v 29.3113956451416 -3.2874650955200195 3.652313232421875
v 29.3113956451416 -3.287464141845703 0.0000152587890625
v 29.425209045410156 -3.6626501083374023 0.0000152587890625
v 26.049423217773438 -5.467041969299316 0.0000152587890625
v 26.049423217773438 -5.467041969299316 3.652313232421875
v 26.352493286132812 -5.715767860412598 3.652313232421875
v 26.352493286132812 -5.715767860412598 3.652313232421875
v 26.352493286132812 -5.715767860412598 0.0000152587890625
v 26.049423217773438 -5.467041969299316 0.0000152587890625
v 26.698270797729492 -5.900588035583496 0.0000152587890625
v 26.698270797729492 -5.900588035583496 3.652313232421875
v 27.073455810546875 -6.014401435852051 3.652313232421875
v 27.073455810546875 -6.014401435852051 3.652313232421875
v 27.073455810546875 -6.014401435852051 0.0000152587890625
v 26.698270797729492 -5.900588035583496 0.0000152587890625
v -14.429283142089844 6.3299336433410645 0
v -14.429283142089844 6.3299336433410645 3.6522979736328125
v -14.732357025146484 6.081207275390625 3.6522979736328125
v -14.732357025146484 6.081207275390625 3.6522979736328125
v -14.732357025146484 6.081207275390625 0
v -14.429283142089844 6.3299336433410645 0
v 28.57477378845215 -5.7157697677612305 0.0000152587890625
v 28.57477378845215 -5.7157697677612305 3.652313232421875
v 28.87784767150879 -5.467043876647949 3.652313232421875
v 28.87784767150879 -5.467043876647949 3.652313232421875
v 28.87784767150879 -5.467043876647949 0.0000152587890625
v 28.57477378845215 -5.7157697677612305 0.0000152587890625
v -14.981082916259766 5.778134346008301 0
v -14.981082916259766 5.778134346008301 3.6522979736328125
v -15.165901184082031 5.432360649108887 3.6522979736328125
v -15.165901184082031 5.432360649108887 3.6522979736328125
v -15.165901184082031 5.4323601722717285 0
v -14.981082916259766 5.778134346008301 0
v 29.126571655273438 -5.163971900939941 0.0000152587890625
v 29.126571655273438 -5.163971900939941 3.652313232421875
v 29.3113956451416 -4.818198204040527 3.652313232421875
v 29.3113956451416 -4.818198204040527 3.652313232421875
v 29.3113956451416 -4.818197250366211 0.0000152587890625
v 29.126571655273438 -5.163971900939941 0.0000152587890625
v 25.463638305664062 -4.052829742431641 0.0000152587890625
v 25.463638305664062 -4.052830696105957 3.652313232421875
v 25.502065658569336 -4.443011283874512 3.652313232421875
v 25.502065658569336 -4.443011283874512 3.652313232421875
v 25.502065658569336 -4.443010330200195 0.0000152587890625
v 25.463638305664062 -4.052829742431641 0.0000152587890625
v 25.61587905883789 -4.818195343017578 0.0000152587890625
v 25.61587905883789 -4.8181962966918945 3.652313232421875
v 25.800695419311523 -5.163969993591309 3.652313232421875
v 25.800695419311523 -5.163969993591309 3.652313232421875
v 25.800695419311523 -5.163969993591309 0.0000152587890625
v 25.61587905883789 -4.818195343017578 0.0000152587890625
v -12.927963256835938 6.628564357757568 0
v -12.927963256835938 6.628564357757568 3.6522979736328125
v -13.31814193725586 6.666993618011475 3.6522979736328125
v -13.31814193725586 6.666993618011475 3.6522979736328125
v -13.31814193725586 6.666993618011475 0
v -12.927963256835938 6.628564357757568 0
v -13.708324432373047 6.628564834594727 0
v -13.708324432373047 6.628564834594727 3.6522979736328125
v -14.083511352539062 6.514753818511963 3.6522979736328125
v -14.083511352539062 6.514753818511963 3.6522979736328125
v -14.083511352539062 6.514753341674805 0
v -13.708324432373047 6.628564834594727 0
v 27.85381317138672 -6.014401435852051 0.0000152587890625
v 27.85381317138672 -6.014401435852051 3.652313232421875
v 28.229000091552734 -5.900589942932129 3.652313232421875
v 28.229000091552734 -5.900589942932129 3.652313232421875
v 28.229000091552734 -5.900589942932129 0.0000152587890625
v 27.85381317138672 -6.014401435852051 0.0000152587890625
v 26.049423217773438 -2.638615608215332 0.0000152587890625
v 26.049423217773438 -2.6386165618896484 3.652313232421875
v 25.800697326660156 -2.9416913986206055 3.652313232421875
v 25.800697326660156 -2.9416913986206055 3.652313232421875
v 25.800697326660156 -2.941690444946289 0.0000152587890625
v 26.049423217773438 -2.638615608215332 0.0000152587890625
v 25.615877151489258 -3.2874631881713867 0.0000152587890625
v 25.615877151489258 -3.287464141845703 3.652313232421875
v 25.502063751220703 -3.6626501083374023 3.652313232421875
v 25.502063751220703 -3.6626501083374023 3.652313232421875
v 25.502063751220703 -3.662649154663086 0.0000152587890625
v 25.615877151489258 -3.2874631881713867 0.0000152587890625
v -11.655204772949219 5.778133392333984 0
v -11.655204772949219 5.778133392333984 3.6522979736328125
v -11.9039306640625 6.081206798553467 3.6522979736328125
v -11.9039306640625 6.081206798553467 3.6522979736328125
v -11.9039306640625 6.081206321716309 0
v -11.655204772949219 5.778133392333984 0
v -12.207000732421875 6.329932689666748 0
v -12.20700454711914 6.329932689666748 3.6522979736328125
v -12.552776336669922 6.51475191116333 3.6522979736328125
v -12.552776336669922 6.51475191116333 3.6522979736328125
v -12.552776336669922 6.51475191116333 0
v -12.207000732421875 6.329932689666748 0
v 27.46363639831543 -2.0528297424316406 0.0000152587890625
v 27.46363639831543 -2.0528297424316406 3.652313232421875
v 27.073455810546875 -2.0912599563598633 3.652313232421875
v 27.073455810546875 -2.0912599563598633 3.652313232421875
v 27.073455810546875 -2.091259002685547 0.0000152587890625
v 27.46363639831543 -2.0528297424316406 0.0000152587890625
v 26.69826889038086 -2.2050704956054688 0.0000152587890625
v 26.69826889038086 -2.205071449279785 3.652313232421875
v 26.352497100830078 -2.3898916244506836 3.652313232421875
v 26.352497100830078 -2.3898916244506836 3.652313232421875
v 26.352497100830078 -2.389890670776367 0.0000152587890625
v 26.69826889038086 -2.2050704956054688 0.0000152587890625
v -11.356575012207031 4.276811599731445 0
v -11.356575012207031 4.276811599731445 3.6522979736328125
v -11.318145751953125 4.666991710662842 3.6522979736328125
v -11.318145751953125 4.666991710662842 3.6522979736328125
v -11.318145751953125 4.666991710662842 0
v -11.356575012207031 4.276811599731445 0
v -11.356571197509766 5.057173252105713 0
v -11.356571197509766 5.057173252105713 3.6522979736328125
v -11.470382690429688 5.43235969543457 3.6522979736328125
v -11.470382690429688 5.43235969543457 3.6522979736328125
v -11.470382690429688 5.432359218597412 0
v -11.356571197509766 5.057173252105713 0
v -14.732357025146484 3.2527809143066406 0
v -14.732357025146484 3.2527809143066406 3.6522979736328125
v -14.42928695678711 3.0040550231933594 3.6522979736328125
v -14.42928695678711 3.0040550231933594 3.6522979736328125
v -14.42928695678711 3.004054546356201 0
v -14.732357025146484 3.2527809143066406 0
v 28.877851486206055 -2.6386184692382812 0.0000152587890625
v 28.877851486206055 -2.6386194229125977 3.652313232421875
v 28.574779510498047 -2.389890670776367 3.652313232421875
v 28.574779510498047 -2.389890670776367 3.652313232421875
v 28.574779510498047 -2.389889717102051 0.0000152587890625
v 28.877851486206055 -2.6386184692382812 0.0000152587890625
v -14.083511352539062 2.8192358016967773 0
v -14.083511352539062 2.819234848022461 3.6522979736328125
v -13.708324432373047 2.7054224014282227 3.6522979736328125
v -13.708324432373047 2.7054224014282227 3.6522979736328125
v -13.708324432373047 2.705423355102539 0
v -14.083511352539062 2.8192358016967773 0
v 28.22900390625 -2.2050724029541016 0.0000152587890625
v 28.22900390625 -2.205073356628418 3.652313232421875
v 27.853816986083984 -2.0912609100341797 3.652313232421875
v 27.853816986083984 -2.0912609100341797 3.652313232421875
v 27.853816986083984 -2.0912609100341797 0.0000152587890625
v 28.22900390625 -2.2050724029541016 0.0000152587890625
v -12.20700454711914 3.0040526390075684 0
v -12.20700454711914 3.0040526390075684 3.6522979736328125
v -11.9039306640625 3.2527785301208496 3.6522979736328125
v -11.9039306640625 3.2527785301208496 3.6522979736328125
v -11.9039306640625 3.2527785301208496 0
v -12.20700454711914 3.0040526390075684 0
v -11.655204772949219 3.555851459503174 0
v -11.655204772949219 3.555851459503174 3.6522979736328125
v -11.470386505126953 3.901625156402588 3.6522979736328125
v -11.470386505126953 3.901625156402588 3.6522979736328125
v -11.470386505126953 3.901625156402588 0
v -11.655204772949219 3.555851459503174 0
v -15.31814193725586 4.666994571685791 0
v -15.31814193725586 4.666994571685791 3.6522979736328125
v -15.279712677001953 4.27681303024292 3.6522979736328125
v -15.279712677001953 4.27681303024292 3.6522979736328125
v -15.279712677001953 4.27681303024292 0
v -15.31814193725586 4.666994571685791 0
v 29.46363639831543 -4.05283260345459 0.0000152587890625
v 29.463634490966797 -4.052833557128906 3.652313232421875
v 29.425209045410156 -3.6626510620117188 3.652313232421875
v 29.425209045410156 -3.6626510620117188 3.652313232421875
v 29.425209045410156 -3.6626501083374023 0.0000152587890625
v 29.46363639831543 -4.05283260345459 0.0000152587890625
v -15.165901184082031 3.901628017425537 0
v -15.165901184082031 3.901628017425537 3.6522979736328125
v -14.981082916259766 3.5558533668518066 3.6522979736328125
v -14.981082916259766 3.5558533668518066 3.6522979736328125
v -14.981082916259766 3.5558533668518066 0
v -15.165901184082031 3.901628017425537 0
v 29.3113956451416 -3.287464141845703 0.0000152587890625
v 29.3113956451416 -3.2874650955200195 3.652313232421875
v 29.126577377319336 -2.9416913986206055 3.652313232421875
v 29.126577377319336 -2.9416913986206055 3.652313232421875
v 29.126577377319336 -2.941690444946289 0.0000152587890625
v 29.3113956451416 -3.287464141845703 0.0000152587890625
v 27.073455810546875 -6.014401435852051 0.0000152587890625
v 27.073455810546875 -6.014401435852051 3.652313232421875
v 27.46363639831543 -6.052830696105957 3.652313232421875
v 27.46363639831543 -6.052830696105957 3.652313232421875
v 27.46363639831543 -6.052830696105957 0.0000152587890625
v 27.073455810546875 -6.014401435852051 0.0000152587890625
v -12.927967071533203 2.705423355102539 0
v -12.927967071533203 2.7054224014282227 3.6522979736328125
v -12.552780151367188 2.819232940673828 3.6522979736328125
v -12.552780151367188 2.819232940673828 3.6522979736328125
v -12.552780151367188 2.8192338943481445 0
v -12.927967071533203 2.705423355102539 0
v -14.732357025146484 6.081207275390625 0
v -14.732357025146484 6.081207275390625 3.6522979736328125
v -14.981082916259766 5.778134346008301 3.6522979736328125
v -14.981082916259766 5.778134346008301 3.6522979736328125
v -14.981082916259766 5.778134346008301 0
v -14.732357025146484 6.081207275390625 0
v 28.87784767150879 -5.467043876647949 0.0000152587890625
v 28.87784767150879 -5.467043876647949 3.652313232421875
v 29.126571655273438 -5.163971900939941 3.652313232421875
v 29.126571655273438 -5.163971900939941 3.652313232421875
v 29.126571655273438 -5.163971900939941 0.0000152587890625
v 28.87784767150879 -5.467043876647949 0.0000152587890625
v -15.165901184082031 5.4323601722717285 0
v -15.165901184082031 5.432360649108887 3.6522979736328125
v -15.279716491699219 5.057174205780029 3.6522979736328125
v -15.279716491699219 5.057174205780029 3.6522979736328125
v -15.279716491699219 5.057174205780029 0
v -15.165901184082031 5.4323601722717285 0
v 29.3113956451416 -4.818197250366211 0.0000152587890625
v 29.3113956451416 -4.818198204040527 3.652313232421875
v 29.42520523071289 -4.443012237548828 3.652313232421875
v 29.42520523071289 -4.443012237548828 3.652313232421875
v 29.42520523071289 -4.443011283874512 0.0000152587890625
v 29.3113956451416 -4.818197250366211 0.0000152587890625
v 25.800695419311523 -5.163969993591309 0.0000152587890625
v 25.800695419311523 -5.163969993591309 3.652313232421875
v 26.049423217773438 -5.467041969299316 3.652313232421875
v 26.049423217773438 -5.467041969299316 3.652313232421875
v 26.049423217773438 -5.467041969299316 0.0000152587890625
v 25.800695419311523 -5.163969993591309 0.0000152587890625
v 26.352493286132812 -5.715767860412598 0.0000152587890625
v 26.352493286132812 -5.715767860412598 3.652313232421875
v 26.698270797729492 -5.900588035583496 3.652313232421875
v 26.698270797729492 -5.900588035583496 3.652313232421875
v 26.698270797729492 -5.900588035583496 0.0000152587890625
v 26.352493286132812 -5.715767860412598 0.0000152587890625
v -13.31814193725586 6.666993618011475 0
v -13.31814193725586 6.666993618011475 3.6522979736328125
v -13.708324432373047 6.628564834594727 3.6522979736328125
v -13.708324432373047 6.628564834594727 3.6522979736328125
v -13.708324432373047 6.628564834594727 0
v -13.31814193725586 6.666993618011475 0
v 27.46363639831543 -6.052830696105957 0.0000152587890625
v 27.46363639831543 -6.052830696105957 3.652313232421875
v 27.85381317138672 -6.014401435852051 3.652313232421875
v 27.85381317138672 -6.014401435852051 3.652313232421875
v 27.85381317138672 -6.014401435852051 0.0000152587890625
v 27.46363639831543 -6.052830696105957 0.0000152587890625
v -14.083511352539062 6.514753341674805 0
v -14.083511352539062 6.514753818511963 3.6522979736328125
v -14.429283142089844 6.3299336433410645 3.6522979736328125
v -14.429283142089844 6.3299336433410645 3.6522979736328125
v -14.429283142089844 6.3299336433410645 0
v -14.083511352539062 6.514753341674805 0
v 28.229000091552734 -5.900589942932129 0.0000152587890625
v 28.229000091552734 -5.900589942932129 3.652313232421875
v 28.57477378845215 -5.7157697677612305 3.652313232421875
v 28.57477378845215 -5.7157697677612305 3.652313232421875
v 28.57477378845215 -5.7157697677612305 0.0000152587890625
v 28.229000091552734 -5.900589942932129 0.0000152587890625
v 25.502063751220703 -3.662649154663086 0.0000152587890625
v 25.502063751220703 -3.6626501083374023 3.652313232421875
v 25.463638305664062 -4.052830696105957 3.652313232421875
v 25.463638305664062 -4.052830696105957 3.652313232421875
v 25.463638305664062 -4.052829742431641 0.0000152587890625
v 25.502063751220703 -3.662649154663086 0.0000152587890625
v 25.502065658569336 -4.443010330200195 0.0000152587890625
v 25.502065658569336 -4.443011283874512 3.652313232421875
v 25.61587905883789 -4.8181962966918945 3.652313232421875
v 25.61587905883789 -4.8181962966918945 3.652313232421875
v 25.61587905883789 -4.818195343017578 0.0000152587890625
v 25.502065658569336 -4.443010330200195 0.0000152587890625
v -11.9039306640625 6.081206321716309 0
v -11.9039306640625 6.081206798553467 3.6522979736328125
v -12.20700454711914 6.329932689666748 3.6522979736328125
v -12.20700454711914 6.329932689666748 3.6522979736328125
v -12.207000732421875 6.329932689666748 0
v -11.9039306640625 6.081206321716309 0
v -12.552776336669922 6.51475191116333 0
v -12.552776336669922 6.51475191116333 3.6522979736328125
v -12.927963256835938 6.628564357757568 3.6522979736328125
v -12.927963256835938 6.628564357757568 3.6522979736328125
v -12.927963256835938 6.628564357757568 0
v -12.552776336669922 6.51475191116333 0
v 26.352497100830078 -2.389890670776367 0.0000152587890625
v 26.352497100830078 -2.3898916244506836 3.652313232421875
v 26.049423217773438 -2.6386165618896484 3.652313232421875
v 26.049423217773438 -2.6386165618896484 3.652313232421875
v 26.049423217773438 -2.638615608215332 0.0000152587890625
v 26.352497100830078 -2.389890670776367 0.0000152587890625
v 25.800697326660156 -2.941690444946289 0.0000152587890625
v 25.800697326660156 -2.9416913986206055 3.652313232421875
v 25.615877151489258 -3.287464141845703 3.652313232421875
v 25.615877151489258 -3.287464141845703 3.652313232421875
v 25.615877151489258 -3.2874631881713867 0.0000152587890625
v 25.800697326660156 -2.941690444946289 0.0000152587890625
v -11.318145751953125 4.666991710662842 0
v -11.318145751953125 4.666991710662842 3.6522979736328125
v -11.356571197509766 5.057173252105713 3.6522979736328125
v -11.356571197509766 5.057173252105713 3.6522979736328125
v -11.356571197509766 5.057173252105713 0
v -11.318145751953125 4.666991710662842 0
v -11.470382690429688 5.432359218597412 0
v -11.470382690429688 5.43235969543457 3.6522979736328125
v -11.655204772949219 5.778133392333984 3.6522979736328125
v -11.655204772949219 5.778133392333984 3.6522979736328125
v -11.655204772949219 5.778133392333984 0
v -11.470382690429688 5.432359218597412 0
v -13.318145751953125 2.6669931411743164 3.6522979736328125
v -13.318145751953125 2.666994094848633 0
v -13.708324432373047 2.705423355102539 0
v -13.708324432373047 2.705423355102539 0
v -13.708324432373047 2.7054224014282227 3.6522979736328125
v -13.318145751953125 2.6669931411743164 3.6522979736328125
v 27.853816986083984 -2.0912609100341797 0.0000152587890625
v 27.853816986083984 -2.0912609100341797 3.652313232421875
v 27.46363639831543 -2.0528297424316406 3.652313232421875
v 27.46363639831543 -2.0528297424316406 3.652313232421875
v 27.46363639831543 -2.0528297424316406 0.0000152587890625
v 27.853816986083984 -2.0912609100341797 0.0000152587890625
v -12.927963256835938 6.628564357757568 3.6522979736328125
v -12.700973510742188 7.769721984863281 5.336517333984375
v -13.31814193725586 7.830507278442383 5.336517333984375
v -13.31814193725586 7.830507278442383 5.336517333984375
v -13.31814193725586 6.666993618011475 3.6522979736328125
v -12.927963256835938 6.628564357757568 3.6522979736328125
v -11.470386505126953 3.901625156402588 3.6522979736328125
v -10.395439147949219 3.456366539001465 5.336517333984375
v -10.215415954589844 4.049820899963379 5.336517333984375
v -10.215415954589844 4.049820899963379 5.336517333984375
v -11.356575012207031 4.276811599731445 3.6522979736328125
v -11.470386505126953 3.901625156402588 3.6522979736328125
v -14.981082916259766 5.778134346008301 3.6522979736328125
v -15.948509216308594 6.424549102783203 5.336517333984375
v -16.240848541259766 5.877617359161377 5.336517333984375
v -16.240848541259766 5.877617359161377 5.336517333984375
v -15.165901184082031 5.432360649108887 3.6522979736328125
v -14.981082916259766 5.778134346008301 3.6522979736328125
v -14.083511352539062 2.819234848022461 3.6522979736328125
v -14.528766632080078 1.744288444519043 5.336517333984375
v -13.935314178466797 1.5642642974853516 5.336517333984375
v -13.935314178466797 1.5642642974853516 5.336517333984375
v -13.708324432373047 2.7054224014282227 3.6522979736328125
v -14.083511352539062 2.819234848022461 3.6522979736328125
v -11.9039306640625 6.081206798553467 3.6522979736328125
v -11.081199645996094 6.903935432434082 5.336517333984375
v -11.560588836669922 7.297358512878418 5.336517333984375
v -11.560588836669922 7.297358512878418 5.336517333984375
v -12.20700454711914 6.329932689666748 3.6522979736328125
v -11.9039306640625 6.081206798553467 3.6522979736328125
v -12.552780151367188 2.819232940673828 3.6522979736328125
v -12.107524871826172 1.7442855834960938 5.336517333984375
v -11.560592651367188 2.0366249084472656 5.336517333984375
v -11.560592651367188 2.0366249084472656 5.336517333984375
v -12.20700454711914 3.0040526390075684 3.6522979736328125
v -12.552780151367188 2.819232940673828 3.6522979736328125
v -11.655204772949219 5.778133392333984 3.6522979736328125
v -10.687774658203125 6.42454719543457 5.336517333984375
v -11.081199645996094 6.903935432434082 5.336517333984375
v -11.081199645996094 6.903935432434082 5.336517333984375
v -11.9039306640625 6.081206798553467 3.6522979736328125
v -11.655204772949219 5.778133392333984 3.6522979736328125
v -13.708324432373047 6.628564834594727 3.6522979736328125
v -13.935314178466797 7.769722938537598 5.336517333984375
v -14.528770446777344 7.5897016525268555 5.336517333984375
v -14.528770446777344 7.5897016525268555 5.336517333984375
v -14.083511352539062 6.514753818511963 3.6522979736328125
v -13.708324432373047 6.628564834594727 3.6522979736328125
v -15.165901184082031 3.901628017425537 3.6522979736328125
v -16.240848541259766 3.456371307373047 5.336517333984375
v -15.948509216308594 2.9094390869140625 5.336517333984375
v -15.948509216308594 2.9094390869140625 5.336517333984375
v -14.981082916259766 3.5558533668518066 3.6522979736328125
v -15.165901184082031 3.901628017425537 3.6522979736328125
v -11.318145751953125 4.666991710662842 3.6522979736328125
v -10.15462875366211 4.666990280151367 5.336517333984375
v -10.215415954589844 5.284162521362305 5.336517333984375
v -10.215415954589844 5.284162521362305 5.336517333984375
v -11.356571197509766 5.057173252105713 3.6522979736328125
v -11.318145751953125 4.666991710662842 3.6522979736328125
v -11.356575012207031 4.276811599731445 3.6522979736328125
v -10.215415954589844 4.049820899963379 5.336517333984375
v -10.15462875366211 4.666990280151367 5.336517333984375
v -10.15462875366211 4.666990280151367 5.336517333984375
v -11.318145751953125 4.666991710662842 3.6522979736328125
v -11.356575012207031 4.276811599731445 3.6522979736328125
v -15.165901184082031 5.432360649108887 3.6522979736328125
v -16.240848541259766 5.877617359161377 5.336517333984375
v -16.42087173461914 5.284163951873779 5.336517333984375
v -16.42087173461914 5.284163951873779 5.336517333984375
v -15.279716491699219 5.057174205780029 3.6522979736328125
v -15.165901184082031 5.432360649108887 3.6522979736328125
v -11.9039306640625 3.2527785301208496 3.6522979736328125
v -11.08120346069336 2.430048942565918 5.336517333984375
v -10.687782287597656 2.9094362258911133 5.336517333984375
v -10.687782287597656 2.9094362258911133 5.336517333984375
v -11.655204772949219 3.555851459503174 3.6522979736328125
v -11.9039306640625 3.2527785301208496 3.6522979736328125
v -13.708324432373047 2.7054224014282227 3.6522979736328125
v -13.935314178466797 1.5642642974853516 5.336517333984375
v -13.31814193725586 1.5034799575805664 5.336517333984375
v -13.31814193725586 1.5034799575805664 5.336517333984375
v -13.318145751953125 2.6669931411743164 3.6522979736328125
v -13.708324432373047 2.7054224014282227 3.6522979736328125
v -12.20700454711914 6.329932689666748 3.6522979736328125
v -11.560588836669922 7.297358512878418 5.336517333984375
v -12.10751724243164 7.589698791503906 5.336517333984375
v -12.10751724243164 7.589698791503906 5.336517333984375
v -12.552776336669922 6.51475191116333 3.6522979736328125
v -12.20700454711914 6.329932689666748 3.6522979736328125
v -14.732357025146484 3.2527809143066406 3.6522979736328125
v -15.555084228515625 2.430051803588867 5.336517333984375
v -15.075698852539062 2.0366287231445312 5.336517333984375
v -15.075698852539062 2.0366287231445312 5.336517333984375
v -14.42928695678711 3.0040550231933594 3.6522979736328125
v -14.732357025146484 3.2527809143066406 3.6522979736328125
v -12.20700454711914 3.0040526390075684 3.6522979736328125
v -11.560592651367188 2.0366249084472656 5.336517333984375
v -11.08120346069336 2.430048942565918 5.336517333984375
v -11.08120346069336 2.430048942565918 5.336517333984375
v -11.9039306640625 3.2527785301208496 3.6522979736328125
v -12.20700454711914 3.0040526390075684 3.6522979736328125
v -13.318145751953125 2.6669931411743164 3.6522979736328125
v -13.31814193725586 1.5034799575805664 5.336517333984375
v -12.700977325439453 1.564265251159668 5.336517333984375
v -12.700977325439453 1.564265251159668 5.336517333984375
v -12.927967071533203 2.7054224014282227 3.6522979736328125
v -13.318145751953125 2.6669931411743164 3.6522979736328125
v -14.981082916259766 3.5558533668518066 3.6522979736328125
v -15.948509216308594 2.9094390869140625 5.336517333984375
v -15.555084228515625 2.430051803588867 5.336517333984375
v -15.555084228515625 2.430051803588867 5.336517333984375
v -14.732357025146484 3.2527809143066406 3.6522979736328125
v -14.981082916259766 3.5558533668518066 3.6522979736328125
v -11.356571197509766 5.057173252105713 3.6522979736328125
v -10.215415954589844 5.284162521362305 5.336517333984375
v -10.395435333251953 5.877616882324219 5.336517333984375
v -10.395435333251953 5.877616882324219 5.336517333984375
v -11.470382690429688 5.43235969543457 3.6522979736328125
v -11.356571197509766 5.057173252105713 3.6522979736328125
v -14.083511352539062 6.514753818511963 3.6522979736328125
v -14.528770446777344 7.5897016525268555 5.336517333984375
v -15.075695037841797 7.297361373901367 5.336517333984375
v -15.075695037841797 7.297361373901367 5.336517333984375
v -14.429283142089844 6.3299336433410645 3.6522979736328125
v -14.083511352539062 6.514753818511963 3.6522979736328125
v -15.31814193725586 4.666994571685791 3.6522979736328125
v -16.48165512084961 4.666995525360107 5.336517333984375
v -16.42087173461914 4.049824237823486 5.336517333984375
v -16.42087173461914 4.049824237823486 5.336517333984375
v -15.279712677001953 4.27681303024292 3.6522979736328125
v -15.31814193725586 4.666994571685791 3.6522979736328125
v -11.655204772949219 3.555851459503174 3.6522979736328125
v -10.687782287597656 2.9094362258911133 5.336517333984375
v -10.395439147949219 3.456366539001465 5.336517333984375
v -10.395439147949219 3.456366539001465 5.336517333984375
v -11.470386505126953 3.901625156402588 3.6522979736328125
v -11.655204772949219 3.555851459503174 3.6522979736328125
v -12.552776336669922 6.51475191116333 3.6522979736328125
v -12.10751724243164 7.589698791503906 5.336517333984375
v -12.700973510742188 7.769721984863281 5.336517333984375
v -12.700973510742188 7.769721984863281 5.336517333984375
v -12.927963256835938 6.628564357757568 3.6522979736328125
v -12.552776336669922 6.51475191116333 3.6522979736328125
v -15.279716491699219 5.057174205780029 3.6522979736328125
v -16.42087173461914 5.284163951873779 5.336517333984375
v -16.48165512084961 4.666995525360107 5.336517333984375
v -16.48165512084961 4.666995525360107 5.336517333984375
v -15.31814193725586 4.666994571685791 3.6522979736328125
v -15.279716491699219 5.057174205780029 3.6522979736328125
v -14.732357025146484 6.081207275390625 3.6522979736328125
v -15.555084228515625 6.903936386108398 5.336517333984375
v -15.948509216308594 6.424549102783203 5.336517333984375
v -15.948509216308594 6.424549102783203 5.336517333984375
v -14.981082916259766 5.778134346008301 3.6522979736328125
v -14.732357025146484 6.081207275390625 3.6522979736328125
v -14.42928695678711 3.0040550231933594 3.6522979736328125
v -15.075698852539062 2.0366287231445312 5.336517333984375
v -14.528766632080078 1.744288444519043 5.336517333984375
v -14.528766632080078 1.744288444519043 5.336517333984375
v -14.083511352539062 2.819234848022461 3.6522979736328125
v -14.42928695678711 3.0040550231933594 3.6522979736328125
v -12.927967071533203 2.7054224014282227 3.6522979736328125
v -12.700977325439453 1.564265251159668 5.336517333984375
v -12.107524871826172 1.7442855834960938 5.336517333984375
v -12.107524871826172 1.7442855834960938 5.336517333984375
v -12.552780151367188 2.819232940673828 3.6522979736328125
v -12.927967071533203 2.7054224014282227 3.6522979736328125
v -11.470382690429688 5.43235969543457 3.6522979736328125
v -10.395435333251953 5.877616882324219 5.336517333984375
v -10.687774658203125 6.42454719543457 5.336517333984375
v -10.687774658203125 6.42454719543457 5.336517333984375
v -11.655204772949219 5.778133392333984 3.6522979736328125
v -11.470382690429688 5.43235969543457 3.6522979736328125
v -14.429283142089844 6.3299336433410645 3.6522979736328125
v -15.075695037841797 7.297361373901367 5.336517333984375
v -15.555084228515625 6.903936386108398 5.336517333984375
v -15.555084228515625 6.903936386108398 5.336517333984375
v -14.732357025146484 6.081207275390625 3.6522979736328125
v -14.429283142089844 6.3299336433410645 3.6522979736328125
v -13.31814193725586 6.666993618011475 3.6522979736328125
v -13.31814193725586 7.830507278442383 5.336517333984375
v -13.935314178466797 7.769722938537598 5.336517333984375
v -13.935314178466797 7.769722938537598 5.336517333984375
v -13.708324432373047 6.628564834594727 3.6522979736328125
v -13.31814193725586 6.666993618011475 3.6522979736328125
v -15.279712677001953 4.27681303024292 3.6522979736328125
v -16.42087173461914 4.049824237823486 5.336517333984375
v -16.240848541259766 3.456371307373047 5.336517333984375
v -16.240848541259766 3.456371307373047 5.336517333984375
v -15.165901184082031 3.901628017425537 3.6522979736328125
v -15.279712677001953 4.27681303024292 3.6522979736328125
v 28.22900390625 -2.205073356628418 3.652313232421875
v 28.771108627319336 -0.8963203430175781 5.336517333984375
v 28.130176544189453 -0.7018957138061523 5.336517333984375
v 28.130176544189453 -0.7018957138061523 5.336517333984375
v 27.853816986083984 -2.0912609100341797 3.652313232421875
v 28.22900390625 -2.205073356628418 3.652313232421875
v 25.502063751220703 -3.6626501083374023 3.652313232421875
v 24.112695693969727 -3.3862876892089844 5.336517333984375
v 24.04705238342285 -4.05283260345459 5.336517333984375
v 24.04705238342285 -4.05283260345459 5.336517333984375
v 25.463638305664062 -4.052830696105957 3.652313232421875
v 25.502063751220703 -3.6626501083374023 3.652313232421875
v 29.126571655273438 -5.163971900939941 3.652313232421875
v 30.304420471191406 -5.950987815856934 5.336517333984375
v 30.620149612426758 -5.3603010177612305 5.336517333984375
v 30.620149612426758 -5.3603010177612305 5.336517333984375
v 29.3113956451416 -4.818198204040527 3.652313232421875
v 29.126571655273438 -5.163971900939941 3.652313232421875
v 26.049423217773438 -2.6386165618896484 3.652313232421875
v 25.047744750976562 -1.6369400024414062 5.336517333984375
v 24.62285041809082 -2.1546802520751953 5.336517333984375
v 24.62285041809082 -2.1546802520751953 5.336517333984375
v 25.800697326660156 -2.9416913986206055 3.652313232421875
v 26.049423217773438 -2.6386165618896484 3.652313232421875
v 26.352493286132812 -5.715767860412598 3.652313232421875
v 25.565479278564453 -6.893614768981934 5.336517333984375
v 26.156166076660156 -7.209343910217285 5.336517333984375
v 26.156166076660156 -7.209343910217285 5.336517333984375
v 26.698270797729492 -5.900588035583496 3.652313232421875
v 26.352493286132812 -5.715767860412598 3.652313232421875
v 27.85381317138672 -6.014401435852051 3.652313232421875
v 28.13017463684082 -7.403769493103027 5.336517333984375
v 28.771099090576172 -7.209345817565918 5.336517333984375
v 28.771099090576172 -7.209345817565918 5.336517333984375
v 28.229000091552734 -5.900589942932129 3.652313232421875
v 27.85381317138672 -6.014401435852051 3.652313232421875
v 26.352497100830078 -2.3898916244506836 3.652313232421875
v 25.56548500061035 -1.2120447158813477 5.336517333984375
v 25.047744750976562 -1.6369400024414062 5.336517333984375
v 25.047744750976562 -1.6369400024414062 5.336517333984375
v 26.049423217773438 -2.6386165618896484 3.652313232421875
v 26.352497100830078 -2.3898916244506836 3.652313232421875
v 29.3113956451416 -3.2874650955200195 3.652313232421875
v 30.620149612426758 -2.7453622817993164 5.336517333984375
v 30.304428100585938 -2.1546802520751953 5.336517333984375
v 30.304428100585938 -2.1546802520751953 5.336517333984375
v 29.126577377319336 -2.9416913986206055 3.652313232421875
v 29.3113956451416 -3.2874650955200195 3.652313232421875
v 25.502065658569336 -4.443011283874512 3.652313232421875
v 24.112699508666992 -4.719374656677246 5.336517333984375
v 24.307125091552734 -5.360299110412598 5.336517333984375
v 24.307125091552734 -5.360299110412598 5.336517333984375
v 25.61587905883789 -4.8181962966918945 3.652313232421875
v 25.502065658569336 -4.443011283874512 3.652313232421875
v 27.46363639831543 -2.0528297424316406 3.652313232421875
v 27.463638305664062 -0.6362457275390625 5.336517333984375
v 26.797096252441406 -0.7018928527832031 5.336517333984375
v 26.797096252441406 -0.7018928527832031 5.336517333984375
v 27.073455810546875 -2.0912599563598633 3.652313232421875
v 27.46363639831543 -2.0528297424316406 3.652313232421875
v 29.3113956451416 -4.818198204040527 3.652313232421875
v 30.620149612426758 -5.3603010177612305 5.336517333984375
v 30.814573287963867 -4.719374656677246 5.336517333984375
v 30.814573287963867 -4.719374656677246 5.336517333984375
v 29.42520523071289 -4.443012237548828 3.652313232421875
v 29.3113956451416 -4.818198204040527 3.652313232421875
v 27.853816986083984 -2.0912609100341797 3.652313232421875
v 28.130176544189453 -0.7018957138061523 5.336517333984375
v 27.463638305664062 -0.6362457275390625 5.336517333984375
v 27.463638305664062 -0.6362457275390625 5.336517333984375
v 27.46363639831543 -2.0528297424316406 3.652313232421875
v 27.853816986083984 -2.0912609100341797 3.652313232421875
v 26.698270797729492 -5.900588035583496 3.652313232421875
v 26.156166076660156 -7.209343910217285 5.336517333984375
v 26.79709243774414 -7.4037675857543945 5.336517333984375
v 26.79709243774414 -7.4037675857543945 5.336517333984375
v 27.073455810546875 -6.014401435852051 3.652313232421875
v 26.698270797729492 -5.900588035583496 3.652313232421875
v 28.877851486206055 -2.6386194229125977 3.652313232421875
v 29.879531860351562 -1.6369447708129883 5.336517333984375
v 29.361793518066406 -1.2120418548583984 5.336517333984375
v 29.361793518066406 -1.2120418548583984 5.336517333984375
v 28.574779510498047 -2.389890670776367 3.652313232421875
v 28.877851486206055 -2.6386194229125977 3.652313232421875
v 25.800697326660156 -2.9416913986206055 3.652313232421875
v 24.62285041809082 -2.1546802520751953 5.336517333984375
v 24.30712127685547 -2.7453603744506836 5.336517333984375
v 24.30712127685547 -2.7453603744506836 5.336517333984375
v 25.615877151489258 -3.287464141845703 3.652313232421875
v 25.800697326660156 -2.9416913986206055 3.652313232421875
v 28.229000091552734 -5.900589942932129 3.652313232421875
v 28.771099090576172 -7.209345817565918 5.336517333984375
v 29.36178207397461 -6.893618583679199 5.336517333984375
v 29.36178207397461 -6.893618583679199 5.336517333984375
v 28.57477378845215 -5.7157697677612305 3.652313232421875
v 28.229000091552734 -5.900589942932129 3.652313232421875
v 29.126577377319336 -2.9416913986206055 3.652313232421875
v 30.304428100585938 -2.1546802520751953 5.336517333984375
v 29.879531860351562 -1.6369447708129883 5.336517333984375
v 29.879531860351562 -1.6369447708129883 5.336517333984375
v 28.877851486206055 -2.6386194229125977 3.652313232421875
v 29.126577377319336 -2.9416913986206055 3.652313232421875
v 25.61587905883789 -4.8181962966918945 3.652313232421875
v 24.307125091552734 -5.360299110412598 5.336517333984375
v 24.622848510742188 -5.950984001159668 5.336517333984375
v 24.622848510742188 -5.950984001159668 5.336517333984375
v 25.800695419311523 -5.163969993591309 3.652313232421875
v 25.61587905883789 -4.8181962966918945 3.652313232421875
v 29.463634490966797 -4.052833557128906 3.652313232421875
v 30.88022232055664 -4.052837371826172 5.336517333984375
v 30.814579010009766 -3.3862905502319336 5.336517333984375
v 30.814579010009766 -3.3862905502319336 5.336517333984375
v 29.425209045410156 -3.6626510620117188 3.652313232421875
v 29.463634490966797 -4.052833557128906 3.652313232421875
v 27.073455810546875 -2.0912599563598633 3.652313232421875
v 26.797096252441406 -0.7018928527832031 5.336517333984375
v 26.156166076660156 -0.8963165283203125 5.336517333984375
v 26.156166076660156 -0.8963165283203125 5.336517333984375
v 26.69826889038086 -2.205071449279785 3.652313232421875
v 27.073455810546875 -2.0912599563598633 3.652313232421875
v 29.42520523071289 -4.443012237548828 3.652313232421875
v 30.814573287963867 -4.719374656677246 5.336517333984375
v 30.88022232055664 -4.052837371826172 5.336517333984375
v 30.88022232055664 -4.052837371826172 5.336517333984375
v 29.463634490966797 -4.052833557128906 3.652313232421875
v 29.42520523071289 -4.443012237548828 3.652313232421875
v 28.87784767150879 -5.467043876647949 3.652313232421875
v 29.87952423095703 -6.468722343444824 5.336517333984375
v 30.304420471191406 -5.950987815856934 5.336517333984375
v 30.304420471191406 -5.950987815856934 5.336517333984375
v 29.126571655273438 -5.163971900939941 3.652313232421875
v 28.87784767150879 -5.467043876647949 3.652313232421875
v 27.073455810546875 -6.014401435852051 3.652313232421875
v 26.79709243774414 -7.4037675857543945 5.336517333984375
v 27.463634490966797 -7.469418525695801 5.336517333984375
v 27.463634490966797 -7.469418525695801 5.336517333984375
v 27.46363639831543 -6.052830696105957 3.652313232421875
v 27.073455810546875 -6.014401435852051 3.652313232421875
v 28.574779510498047 -2.389890670776367 3.652313232421875
v 29.361793518066406 -1.2120418548583984 5.336517333984375
v 28.771108627319336 -0.8963203430175781 5.336517333984375
v 28.771108627319336 -0.8963203430175781 5.336517333984375
v 28.22900390625 -2.205073356628418 3.652313232421875
v 28.574779510498047 -2.389890670776367 3.652313232421875
v 25.615877151489258 -3.287464141845703 3.652313232421875
v 24.30712127685547 -2.7453603744506836 5.336517333984375
v 24.112695693969727 -3.3862876892089844 5.336517333984375
v 24.112695693969727 -3.3862876892089844 5.336517333984375
v 25.502063751220703 -3.6626501083374023 3.652313232421875
v 25.615877151489258 -3.287464141845703 3.652313232421875
v 26.049423217773438 -5.467041969299316 3.652313232421875
v 25.04774284362793 -6.468720436096191 5.336517333984375
v 25.565479278564453 -6.893614768981934 5.336517333984375
v 25.565479278564453 -6.893614768981934 5.336517333984375
v 26.352493286132812 -5.715767860412598 3.652313232421875
v 26.049423217773438 -5.467041969299316 3.652313232421875
v 28.57477378845215 -5.7157697677612305 3.652313232421875
v 29.36178207397461 -6.893618583679199 5.336517333984375
v 29.87952423095703 -6.468722343444824 5.336517333984375
v 29.87952423095703 -6.468722343444824 5.336517333984375
v 28.87784767150879 -5.467043876647949 3.652313232421875
v 28.57477378845215 -5.7157697677612305 3.652313232421875
v 27.46363639831543 -6.052830696105957 3.652313232421875
v 27.463634490966797 -7.469418525695801 5.336517333984375
v 28.13017463684082 -7.403769493103027 5.336517333984375
v 28.13017463684082 -7.403769493103027 5.336517333984375
v 27.85381317138672 -6.014401435852051 3.652313232421875
v 27.46363639831543 -6.052830696105957 3.652313232421875
v 29.425209045410156 -3.6626510620117188 3.652313232421875
v 30.814579010009766 -3.3862905502319336 5.336517333984375
v 30.620149612426758 -2.7453622817993164 5.336517333984375
v 30.620149612426758 -2.7453622817993164 5.336517333984375
v 29.3113956451416 -3.2874650955200195 3.652313232421875
v 29.425209045410156 -3.6626510620117188 3.652313232421875
v 26.69826889038086 -2.205071449279785 3.652313232421875
v 26.156166076660156 -0.8963165283203125 5.336517333984375
v 25.56548500061035 -1.2120447158813477 5.336517333984375
v 25.56548500061035 -1.2120447158813477 5.336517333984375
v 26.352497100830078 -2.3898916244506836 3.652313232421875
v 26.69826889038086 -2.205071449279785 3.652313232421875
v 25.800695419311523 -5.163969993591309 3.652313232421875
v 24.622848510742188 -5.950984001159668 5.336517333984375
v 25.04774284362793 -6.468720436096191 5.336517333984375
v 25.04774284362793 -6.468720436096191 5.336517333984375
v 26.049423217773438 -5.467041969299316 3.652313232421875
v 25.800695419311523 -5.163969993591309 3.652313232421875
v 25.463638305664062 -4.052830696105957 3.652313232421875
v 24.04705238342285 -4.05283260345459 5.336517333984375
v 24.112699508666992 -4.719374656677246 5.336517333984375
v 24.112699508666992 -4.719374656677246 5.336517333984375
v 25.502065658569336 -4.443011283874512 3.652313232421875
v 25.463638305664062 -4.052830696105957 3.652313232421875
vn 0.09081231790769417 -0.9849471436910007 -0.14707905034766552
vn 0.09081231790769417 -0.9849471436910007 -0.14707905034766552
vn 0.09081231790769417 -0.9849471436910007 -0.14707905034766552
vn 0.10028534499236803 -0.9860395903845673 -0.13292394733078228
vn 0.10028534499236803 -0.9860395903845673 -0.13292394733078228
vn 0.10028534499236803 -0.9860395903845673 -0.13292394733078228
vn 0.40106668769470394 -0.9063901237656468 -0.13267424603778413
vn 0.40106668769470394 -0.9063901237656468 -0.13267424603778413
vn 0.40106668769470394 -0.9063901237656468 -0.13267424603778413
vn 0.39244637161012813 -0.9082677426314515 -0.14503638545279834
vn 0.39244637161012813 -0.9082677426314515 -0.14503638545279834
vn 0.39244637161012813 -0.9082677426314515 -0.14503638545279834
vn 0.8281767898582487 -0.5466462926360824 -0.12369735440708891
vn 0.8281767898582487 -0.5466462926360824 -0.12369735440708891
vn 0.8281767898582487 -0.5466462926360824 -0.12369735440708891
vn 0.7766165083130943 -0.5895079929248443 -0.22214212858730567
vn 0.7766165083130943 -0.5895079929248443 -0.22214212858730567
vn 0.7766165083130943 -0.5895079929248443 -0.22214212858730567
vn 0.6457004142123458 -0.72863491545315 -0.2283903129920051
vn 0.6457004142123458 -0.72863491545315 -0.2283903129920051
vn 0.6457004142123458 -0.72863491545315 -0.2283903129920051
vn 0.6373827544195403 -0.7321091393951238 -0.2403319212728326
vn 0.6373827544195403 -0.7321091393951238 -0.2403319212728326
vn 0.6373827544195403 -0.7321091393951238 -0.2403319212728326
vn 0.26296582781896116 -0.9417709695272551 -0.20956243545822473
vn 0.26296582781896116 -0.9417709695272551 -0.20956243545822473
vn 0.26296582781896116 -0.9417709695272551 -0.20956243545822473
vn 0.32138528951162987 -0.9382776481157348 -0.1278536301085391
vn 0.32138528951162987 -0.9382776481157348 -0.1278536301085391
vn 0.32138528951162987 -0.9382776481157348 -0.1278536301085391
vn 0.7045243875539112 -0.691161443623072 -0.16106286409553627
vn 0.7045243875539112 -0.691161443623072 -0.16106286409553627
vn 0.7045243875539112 -0.691161443623072 -0.16106286409553627
vn 0.7124389388546039 -0.6857332566574152 -0.14899885609541264
vn 0.7124389388546039 -0.6857332566574152 -0.14899885609541264
vn 0.7124389388546039 -0.6857332566574152 -0.14899885609541264
vn 0.9424912617855676 -0.2923868982795613 -0.1619262893180297
vn 0.9424912617855676 -0.2923868982795613 -0.1619262893180297
vn 0.9424912617855676 -0.2923868982795613 -0.1619262893180297
vn 0.9424907955835827 -0.2923876877505588 -0.1619275773057417
vn 0.9424907955835827 -0.2923876877505588 -0.1619275773057417
vn 0.9424907955835827 -0.2923876877505588 -0.1619275773057417
vn 0.9811719771387006 -0.1039718923279966 -0.1627617795536431
vn 0.9811719771387006 -0.1039718923279966 -0.1627617795536431
vn 0.9811719771387006 -0.1039718923279966 -0.1627617795536431
vn 0.9811707050484066 -0.10397566761136416 -0.16276703628064185
vn 0.9811707050484066 -0.10397566761136416 -0.16276703628064185
vn 0.9811707050484066 -0.10397566761136416 -0.16276703628064185
vn 0.9803449340013239 0.1117655838843704 -0.16258002533191326
vn 0.9803449340013239 0.1117655838843704 -0.16258002533191326
vn 0.9803449340013239 0.1117655838843704 -0.16258002533191326
vn 0.9803445227895803 0.11176173262065119 -0.1625851523297871
vn 0.9803445227895803 0.11176173262065119 -0.1625851523297871
vn 0.9803445227895803 0.11176173262065119 -0.1625851523297871
vn 0.2555548609060665 0.9557321893415827 -0.1458344792003123
vn 0.2555548609060665 0.9557321893415827 -0.1458344792003123
vn 0.2555548609060665 0.9557321893415827 -0.1458344792003123
vn 0.2555550314929688 0.9557320989692283 -0.14583477252871113
vn 0.2555550314929688 0.9557320989692283 -0.14583477252871113
vn 0.2555550314929688 0.9557320989692283 -0.14583477252871113
vn 0.08302467493424788 0.9860114069426449 -0.14452822814609118
vn 0.08302467493424788 0.9860114069426449 -0.14452822814609118
vn 0.08302467493424788 0.9860114069426449 -0.14452822814609118
vn 0.08302278936057098 0.9860119961394419 -0.14452529161327993
vn 0.08302278936057098 0.9860119961394419 -0.14452529161327993
vn 0.08302278936057098 0.9860119961394419 -0.14452529161327993
vn -0.09084676736466797 0.9853535657705187 -0.144309442805085
vn -0.09084676736466797 0.9853535657705187 -0.144309442805085
vn -0.09084676736466797 0.9853535657705187 -0.144309442805085
vn -0.09084887096495535 0.9853538317013448 -0.14430630268935127
vn -0.09084887096495535 0.9853538317013448 -0.14430630268935127
vn -0.09084887096495535 0.9853538317013448 -0.14430630268935127
vn -0.26315787204663804 0.9537658608078226 -0.14518476895803728
vn -0.26315787204663804 0.9537658608078226 -0.14518476895803728
vn -0.26315787204663804 0.9537658608078226 -0.14518476895803728
vn -0.2631590642935072 0.9537658017612618 -0.14518299580482263
vn -0.2631590642935072 0.9537658017612618 -0.14518299580482263
vn -0.2631590642935072 0.9537658017612618 -0.14518299580482263
vn -0.4305883571292383 0.890486701771718 -0.14706155402575846
vn -0.4305883571292383 0.890486701771718 -0.14706155402575846
vn -0.4305883571292383 0.890486701771718 -0.14706155402575846
vn -0.4305904294619527 0.8904861983619997 -0.1470585345451407
vn -0.4305904294619527 0.8904861983619997 -0.1470585345451407
vn -0.4305904294619527 0.8904861983619997 -0.1470585345451407
vn -0.5886753149858462 0.7943811346959571 -0.1497330503445333
vn -0.5886753149858462 0.7943811346959571 -0.1497330503445333
vn -0.5886753149858462 0.7943811346959571 -0.1497330503445333
vn -0.5886784724882663 0.7943797021013475 -0.14972823687686893
vn -0.5886784724882663 0.7943797021013475 -0.14972823687686893
vn -0.5886784724882663 0.7943797021013475 -0.14972823687686893
vn -0.8501600747031185 0.5028832628106258 -0.1560008697595211
vn -0.8501600747031185 0.5028832628106258 -0.1560008697595211
vn -0.8501600747031185 0.5028832628106258 -0.1560008697595211
vn -0.8501635779321843 0.5028794997650942 -0.15599390845015534
vn -0.8501635779321843 0.5028794997650942 -0.15599390845015534
vn -0.8501635779321843 0.5028794997650942 -0.15599390845015534
vn -0.9363958279309876 0.31306660308235357 -0.1585943109569702
vn -0.9363958279309876 0.31306660308235357 -0.1585943109569702
vn -0.9363958279309876 0.31306660308235357 -0.1585943109569702
vn -0.9363986486016551 0.3130618709496241 -0.15858699774734078
vn -0.9363986486016551 0.3130618709496241 -0.15858699774734078
vn -0.9363986486016551 0.3130618709496241 -0.15858699774734078
vn -0.9815977165616256 0.10402220434448788 -0.16014151193340287
vn -0.9815977165616256 0.10402220434448788 -0.16014151193340287
vn -0.9815977165616256 0.10402220434448788 -0.16014151193340287
vn -0.981598827144825 0.1040188641631458 -0.16013687409873198
vn -0.981598827144825 0.1040188641631458 -0.16013687409873198
vn -0.981598827144825 0.1040188641631458 -0.16013687409873198
vn -0.9807118998182661 -0.11179839330788724 -0.16032868991113866
vn -0.9807118998182661 -0.11179839330788724 -0.16032868991113866
vn -0.9807118998182661 -0.11179839330788724 -0.16032868991113866
vn -0.9807123912246604 -0.11180308949022744 -0.16032240915994614
vn -0.9807123912246604 -0.11180308949022744 -0.16032240915994614
vn -0.9807123912246604 -0.11180308949022744 -0.16032240915994614
vn -0.9338027306350561 -0.3204487883368079 -0.15913841243390697
vn -0.9338027306350561 -0.3204487883368079 -0.15913841243390697
vn -0.9338027306350561 -0.3204487883368079 -0.15913841243390697
vn -0.9338016133470711 -0.32045865812196456 -0.15912509338591627
vn -0.9338016133470711 -0.32045865812196456 -0.15912509338591627
vn -0.9338016133470711 -0.32045865812196456 -0.15912509338591627
vn -0.08355788281710294 -0.9856221841273343 -0.14685704060475382
vn -0.08355788281710294 -0.9856221841273343 -0.14685704060475382
vn -0.08355788281710294 -0.9856221841273343 -0.14685704060475382
vn -0.08300871377490955 -0.9857954949806448 -0.1460027243352019
vn -0.08300871377490955 -0.9857954949806448 -0.1460027243352019
vn -0.08300871377490955 -0.9857954949806448 -0.1460027243352019
vn 0 0 1
vn 0 0 1
vn 0 0 1
vn 0 0 1
vn 0 0 1
vn 0 0 1
vn 0 0 1
vn 0 0 1
vn 0 0 1
vn 0 0 1
vn 0 0 1
vn 0 0 1
vn 0 0 1
vn 0 0 1
vn 0 0 1
vn 0 0 1
vn 0 0 1
vn 0 0 1
vn 0 0 1
vn 0 0 1
vn 0 0 1
vn 0 0 1
vn 0 0 1
vn 0 0 1
vn 0 0 1
vn 0 0 1
vn 0 0 1
vn 0 0 1
vn 0 0 1
vn 0 0 1
vn 0 0 1
vn 0 0 1
vn 0 0 1
vn 0 0 1
vn 0 0 1
vn 0 0 1
vn 0 0 1
vn 0 0 1
vn 0 0 1
vn 0 0 1
vn 0 0 1
vn 0 0 1
vn 0 0 1
vn 0 0 1
vn 0 0 1
vn 0 0 1
vn 0 0 1
vn 0 0 1
vn 0 0 1
vn 0 0 1
vn 0 0 1
vn 0 0 1
vn 0 0 1
vn 0 0 1
vn 0 0 1
vn 0 0 1
vn 0 0 1
vn 0 0 1
vn 0 0 1
vn 0 0 1
vn 0 0 1
vn 0 0 1
vn 0 0 1
vn 0 0 1
vn 0 0 1
vn 0 0 1
vn 0 0 1
vn 0 0 1
vn 0 0 1
vn 0 0 1
vn 0 0 1
vn 0 0 1
vn 0 0 1
vn 0 0 1
vn 0 0 1
vn 0 0 1
vn 0 0 1
vn 0 0 1
vn 0 0 1
vn 0 0 1
vn 0 0 1
vn 0 0 1
vn 0 0 1
vn 0 0 1
vn 0 0 1
vn 0 0 1
vn 0 0 1
vn 0 0 1
vn 0 0 1
vn 0 0 1
vn 0 0 1
vn 0 0 1
vn 0 0 1
vn 0 0 1
vn 0 0 1
vn 0 0 1
vn 0 0 1
vn 0 0 1
vn 0 0 1
vn 0 0 1
vn 0 0 1
vn 0 0 1
vn 0 0 1
vn 0 0 1
vn 0 0 1
vn 0 0 1
vn 0 0 1
vn 0 0 1
vn 0 0 1
vn 0 0 1
vn 0 0 1
vn 0 0 1
vn 0 0 1
vn 0 0 1
vn 0 0 1
vn 0 0 1
vn 0 0 1
vn 0 0 1
vn 0 0 1
vn 0 0 1
vn 0 0 1
vn 0 0 1
vn 0 0 1
vn 0 0 1
vn 0 0 1
vn 0 0 1
vn 0 0 1
vn 0 0 1
vn 0 0 1
vn 0 0 1
vn 0 0 1
vn 0 0 1
vn 0 0 1
vn 0 0 1
vn 0 0 1
vn 0 0 1
vn 0 0 1
vn 0 0 1
vn 0 0 1
vn 0 0 1
vn 0 0 1
vn 0 0 1
vn 0 0 1
vn 0 0 1
vn 0 0 1
vn 0 0 1
vn 0 0 1
vn 0 0 1
vn 0 0 1
vn 0 0 1
vn 0 0 1
vn 0 0 1
vn 0 0 1
vn 0 0 1
vn 0 0 1
vn 0 0 1
vn 0 0 1
vn 0 0 1
vn 0 0 1
vn 0 0 1
vn 0 0 1
vn 0 0 1
vn 0 0 1
vn 0 0 1
vn 0 0 1
vn 0 0 1
vn 0 0 1
vn 0 0 1
vn 0 0 1
vn 0 0 1
vn 0 0 1
vn 0 0 1
vn 0 0 1
vn 0 0 1
vn 0 0 1
vn 0 0 1
vn 0 0 1
vn 0 0 1
vn 0 0 1
vn 0 0 1
vn 0 0 1
vn 0 0 1
vn 0 0 1
vn 0 0 1
vn 0 0 1
vn 0 0 1
vn 0.09181256692057885 -0.9957763064842698 0
vn 0.09181256692057885 -0.9957763064842698 0
vn 0.09181256692057885 -0.9957763064842698 0
vn 0.7210208411832338 -0.6929133759564913 0
vn 0.7210208411832338 -0.6929133759564913 0
vn 0.7210208411832338 -0.6929133759564913 0
vn 0.7210208411832338 -0.6929133759564913 0
vn 0.7210208411832338 -0.6929133759564913 0
vn 0.7210208411832338 -0.6929133759564913 0
vn 0.6773409013187751 -0.7356692894233587 0
vn 0.6773409013187751 -0.7356692894233587 0
vn 0.6773409013187751 -0.7356692894233587 0
vn 0.6773409013187751 -0.7356692894233587 0
vn 0.6773409013187751 -0.7356692894233587 0
vn 0.6773409013187751 -0.7356692894233587 0
vn 0.5852798963389104 -0.8108313282930761 0
vn 0.5852798963389104 -0.8108313282930761 0
vn 0.5852798963389104 -0.8108313282930761 0
vn 0.5852798963389104 -0.8108313282930761 0
vn 0.5852798963389104 -0.8108313282930761 0
vn 0.5852798963389104 -0.8108313282930761 0
vn 0.6345907408324403 -0.7728483626493198 0
vn 0.6345907408324403 -0.7728483626493198 0
vn 0.6345907408324403 -0.7728483626493198 0
vn 0.6345907408324403 -0.7728483626493198 0
vn 0.6345907408324403 -0.7728483626493198 0
vn 0.6345907408324403 -0.7728483626493198 0
vn 0.3775642117760746 -0.9259834048112913 0
vn 0.3775642117760746 -0.9259834048112913 0
vn 0.3775642117760746 -0.9259834048112913 0
vn 0.3775642117760746 -0.9259834048112913 0
vn 0.3775642117760746 -0.9259834048112913 0
vn 0.3775642117760746 -0.9259834048112913 0
vn 0.9307953950673064 -0.3655406031051117 0.0000017459810110628252
vn 0.9307953950673064 -0.3655406031051117 0.0000017459810110628252
vn 0.9307953950673064 -0.3655406031051117 0.0000017459810110628252
vn 0.9307956297269482 -0.365540005582445 0
vn 0.9307956297269482 -0.365540005582445 0
vn 0.9307956297269482 -0.365540005582445 0
vn 0.9169619883780236 0.3146767984415522 -0.2452737743673302
vn 0.9169619883780236 0.3146767984415522 -0.2452737743673302
vn 0.9169619883780236 0.3146767984415522 -0.2452737743673302
vn 0.9169620523715944 0.3146766807384208 -0.24527368613433304
vn 0.9169620523715944 0.3146766807384208 -0.24527368613433304
vn 0.9169620523715944 0.3146766807384208 -0.24527368613433304
vn 0.8300687169598049 0.4999312815623985 -0.24709236904461693
vn 0.8300687169598049 0.4999312815623985 -0.24709236904461693
vn 0.8300687169598049 0.4999312815623985 -0.24709236904461693
vn 0.8300686306167447 0.4999313846677527 -0.24709245049217046
vn 0.8300686306167447 0.4999313846677527 -0.24709245049217046
vn 0.8300686306167447 0.4999313846677527 -0.24709245049217046
vn 0.7345520171955483 0.6785523812010532 -5.7585906923807e-7
vn 0.7345520171955483 0.6785523812010532 -5.7585906923807e-7
vn 0.7345520171955483 0.6785523812010532 -5.7585906923807e-7
vn 0.6588353570017162 0.7152220666886528 -0.2332238574546631
vn 0.6588353570017162 0.7152220666886528 -0.2332238574546631
vn 0.6588353570017162 0.7152220666886528 -0.2332238574546631
vn 0.2583166702773405 0.9660602972158766 0
vn 0.2583166702773405 0.9660602972158766 0
vn 0.2583166702773405 0.9660602972158766 0
vn 0.2583166702773405 0.9660602972158766 0
vn 0.2583166702773405 0.9660602972158766 0
vn 0.2583166702773405 0.9660602972158766 0
vn 0.08390399762114407 0.9964738426989396 0
vn 0.08390399762114407 0.9964738426989396 0
vn 0.08390399762114407 0.9964738426989396 0
vn 0.08390399762114407 0.9964738426989396 0
vn 0.08390399762114407 0.9964738426989396 0
vn 0.08390399762114407 0.9964738426989396 0
vn -0.2659764541976573 0.9639795256189012 0
vn -0.2659764541976573 0.9639795256189012 0
vn -0.2659764541976573 0.9639795256189012 0
vn -0.2659764541976573 0.9639795256189012 0
vn -0.2659764541976573 0.9639795256189012 0
vn -0.2659764541976573 0.9639795256189012 0
vn -0.4353238408979338 0.9002739325038075 0
vn -0.4353238408979338 0.9002739325038075 0
vn -0.4353238408979338 0.9002739325038075 0
vn -0.4353238408979338 0.9002739325038075 0
vn -0.4353238408979338 0.9002739325038075 0
vn -0.4353238408979338 0.9002739325038075 0
vn -0.5953897838670945 0.8034369952066525 0
vn -0.5953897838670945 0.8034369952066525 0
vn -0.5953897838670945 0.8034369952066525 0
vn -0.5953897838670945 0.8034369952066525 0
vn -0.5953897838670945 0.8034369952066525 0
vn -0.5953897838670945 0.8034369952066525 0
vn -0.8453239532525337 0.5000197134019746 -0.18816933933804295
vn -0.8453239532525337 0.5000197134019746 -0.18816933933804295
vn -0.8453239532525337 0.5000197134019746 -0.18816933933804295
vn -0.8453245881817402 0.5000183058901132 -0.18817022716187679
vn -0.8453245881817402 0.5000183058901132 -0.18817022716187679
vn -0.8453245881817402 0.5000183058901132 -0.18817022716187679
vn -0.9484009372581179 0.3170735911549866 6.2143216498427e-8
vn -0.9484009372581179 0.3170735911549866 6.2143216498427e-8
vn -0.9484009372581179 0.3170735911549866 6.2143216498427e-8
vn -0.9519897156226388 0.25736481094366537 -0.16576771530264492
vn -0.9519897156226388 0.25736481094366537 -0.16576771530264492
vn -0.9519897156226388 0.25736481094366537 -0.16576771530264492
vn -0.8974282796211787 -0.30797398277959104 -0.31587103201630834
vn -0.8974282796211787 -0.30797398277959104 -0.31587103201630834
vn -0.8974282796211787 -0.30797398277959104 -0.31587103201630834
vn -0.8974285006872922 -0.30797358939449254 -0.3158707874901243
vn -0.8974285006872922 -0.30797358939449254 -0.3158707874901243
vn -0.8974285006872922 -0.30797358939449254 -0.3158707874901243
vn -0.8162803113544674 -0.49162692191080576 -0.30329758150628233
vn -0.8162803113544674 -0.49162692191080576 -0.30329758150628233
vn -0.8162803113544674 -0.49162692191080576 -0.30329758150628233
vn -0.7345490978648338 -0.678555541445178 0
vn -0.7345490978648338 -0.678555541445178 0
vn -0.7345490978648338 -0.678555541445178 0
vn -0.6451050779318177 -0.7168483293838126 -0.2645144818081239
vn -0.6451050779318177 -0.7168483293838126 -0.2645144818081239
vn -0.6451050779318177 -0.7168483293838126 -0.2645144818081239
vn -0.5889916996869897 -0.808139083140837 3.436053634878144e-7
vn -0.5889916996869897 -0.808139083140837 3.436053634878144e-7
vn -0.5889916996869897 -0.808139083140837 3.436053634878144e-7
vn -0.5889915934617196 -0.808139160560497 0
vn -0.5889915934617196 -0.808139160560497 0
vn -0.5889915934617196 -0.808139160560497 0
vn -0.42816303340810946 -0.9037015086978477 0
vn -0.42816303340810946 -0.9037015086978477 0
vn -0.42816303340810946 -0.9037015086978477 0
vn -0.4281632268428754 -0.9037014170504218 7.456053419014186e-7
vn -0.4281632268428754 -0.9037014170504218 7.456053419014186e-7
vn -0.4281632268428754 -0.9037014170504218 7.456053419014186e-7
vn -0.09606355611465094 -0.9873615691165432 -0.12605127932046306
vn -0.09606355611465094 -0.9873615691165432 -0.12605127932046306
vn -0.09606355611465094 -0.9873615691165432 -0.12605127932046306
vn 0 0 1
vn 0 0 1
vn 0 0 1
vn 0 0 1
vn 0 0 1
vn 0 0 1
vn 0 0 1
vn 0 0 1
vn 0 0 1
vn 0 0 1
vn 0 0 1
vn 0 0 1
vn 0 0 1
vn 0 0 1
vn 0 0 1
vn 0 0 1
vn 0 0 1
vn 0 0 1
vn 0.3972963114553043 -0.5806803732308397 0.7106095587933662
vn 0.3972963114553043 -0.5806803732308397 0.7106095587933662
vn 0.3972963114553043 -0.5806803732308397 0.7106095587933662
vn 0.3813506344069426 -0.6221512522218806 0.6837393604263018
vn 0.3813506344069426 -0.6221512522218806 0.6837393604263018
vn 0.3813506344069426 -0.6221512522218806 0.6837393604263018
vn 0 0 1
vn 0 0 1
vn 0 0 1
vn 0 0 1
vn 0 0 1
vn 0 0 1
vn 0 0 1
vn 0 0 1
vn 0 0 1
vn 0 0 1
vn 0 0 1
vn 0 0 1
vn -0.12223023539250058 -0.7023442168080059 0.7012648363295018
vn -0.12223023539250058 -0.7023442168080059 0.7012648363295018
vn -0.12223023539250058 -0.7023442168080059 0.7012648363295018
vn -0.31389463153247094 -0.6867575690385783 0.6556174201951291
vn -0.31389463153247094 -0.6867575690385783 0.6556174201951291
vn -0.31389463153247094 -0.6867575690385783 0.6556174201951291
vn 0 0 1
vn 0 0 1
vn 0 0 1
vn 0 0 1
vn 0 0 1
vn 0 0 1
vn 0 0 1
vn 0 0 1
vn 0 0 1
vn 0 0 1
vn 0 0 1
vn 0 0 1
vn 0 0 1
vn 0 0 1
vn 0 0 1
vn 0 0 1
vn 0 0 1
vn 0 0 1
vn 0 0 1
vn 0 0 1
vn 0 0 1
vn 0 0 1
vn 0 0 1
vn 0 0 1
vn 0 0 1
vn 0 0 1
vn 0 0 1
vn 0 0 1
vn 0 0 1
vn 0 0 1
vn 0 0 1
vn 0 0 1
vn 0 0 1
vn 0 0 1
vn 0 0 1
vn 0 0 1
vn -0.48499408633315144 0.5408024817900361 0.6872506179783393
vn -0.48499408633315144 0.5408024817900361 0.6872506179783393
vn -0.48499408633315144 0.5408024817900361 0.6872506179783393
vn -0.46674405334089497 0.5888713447561011 0.6598337123821825
vn -0.46674405334089497 0.5888713447561011 0.6598337123821825
vn -0.46674405334089497 0.5888713447561011 0.6598337123821825
vn 0 0 1
vn 0 0 1
vn 0 0 1
vn 0 0 1
vn 0 0 1
vn 0 0 1
vn 0 0 1
vn 0 0 1
vn 0 0 1
vn 0 0 1
vn 0 0 1
vn 0 0 1
vn 0 0 1
vn 0 0 1
vn 0 0 1
vn 0 0 1
vn 0 0 1
vn 0 0 1
vn 0 0 1
vn 0 0 1
vn 0 0 1
vn 0 0 1
vn 0 0 1
vn 0 0 1
vn 0 0 1
vn 0 0 1
vn 0 0 1
vn 0 0 1
vn 0 0 1
vn 0 0 1
vn 0 0 1
vn 0 0 1
vn 0 0 1
vn 0 0 1
vn 0 0 1
vn 0 0 1
vn 0 0 1
vn 0 0 1
vn 0 0 1
vn 0 0 1
vn 0 0 1
vn 0 0 1
vn 0 0 1
vn 0 0 1
vn 0 0 1
vn 0 0 1
vn 0 0 1
vn 0 0 1
vn -0.0009892365073486604 0.9999995107054466 0
vn -0.0009892365073486604 0.9999995107054466 0
vn -0.0009892365073486604 0.9999995107054466 0
vn 0.00012652350640857812 0.9999997198270358 -0.0007377924180039711
vn 0.00012652350640857812 0.9999997198270358 -0.0007377924180039711
vn 0.00012652350640857812 0.9999997198270358 -0.0007377924180039711
vn -0.0005668789303289219 0.9999996882397885 -0.0005496986484080129
vn -0.0005668789303289219 0.9999996882397885 -0.0005496986484080129
vn -0.0005668789303289219 0.9999996882397885 -0.0005496986484080129
vn -0.3973906000032339 0.9176495578536883 0
vn -0.3973906000032339 0.9176495578536883 0
vn -0.3973906000032339 0.9176495578536883 0
vn -0.3973912106005008 0.9176492934309952 -0.0000017503385161209626
vn -0.3973912106005008 0.9176492934309952 -0.0000017503385161209626
vn -0.3973912106005008 0.9176492934309952 -0.0000017503385161209626
vn -0.6897783080437034 0.7240206390375662 0
vn -0.6897783080437034 0.7240206390375662 0
vn -0.6897783080437034 0.7240206390375662 0
vn -0.6897783080437034 0.7240206390375662 0
vn -0.6897783080437034 0.7240206390375662 0
vn -0.6897783080437034 0.7240206390375662 0
vn -0.5847054204685918 0.8112456910669216 0
vn -0.5847054204685918 0.8112456910669216 0
vn -0.5847054204685918 0.8112456910669216 0
vn -0.5847054204685918 0.8112456910669216 0
vn -0.5847054204685918 0.8112456910669216 0
vn -0.5847054204685918 0.8112456910669216 0
vn -0.6282025619498244 0.7780498320542695 0
vn -0.6282025619498244 0.7780498320542695 0
vn -0.6282025619498244 0.7780498320542695 0
vn -0.6282025619498244 0.7780498320542695 0
vn -0.6282025619498244 0.7780498320542695 0
vn -0.6282025619498244 0.7780498320542695 0
vn -0.346420738174157 0.9380792462062424 0
vn -0.346420738174157 0.9380792462062424 0
vn -0.346420738174157 0.9380792462062424 0
vn -0.346420738174157 0.9380792462062424 0
vn -0.346420738174157 0.9380792462062424 0
vn -0.346420738174157 0.9380792462062424 0
vn -0.9296928128694959 0.368335816475678 0
vn -0.9296928128694959 0.368335816475678 0
vn -0.9296928128694959 0.368335816475678 0
vn -0.9296928128694959 0.368335816475678 0
vn -0.9296928128694959 0.368335816475678 0
vn -0.9296928128694959 0.368335816475678 0
vn -0.2583145189481034 -0.9660608724612595 0
vn -0.2583145189481034 -0.9660608724612595 0
vn -0.2583145189481034 -0.9660608724612595 0
vn -0.2583145467618226 -0.9660608650241577 1.0125407943642156e-7
vn -0.2583145467618226 -0.9660608650241577 1.0125407943642156e-7
vn -0.2583145467618226 -0.9660608650241577 1.0125407943642156e-7
vn -0.0839048607875395 -0.9964737700191729 0
vn -0.0839048607875395 -0.9964737700191729 0
vn -0.0839048607875395 -0.9964737700191729 0
vn -0.0839048607875395 -0.9964737700191729 0
vn -0.0839048607875395 -0.9964737700191729 0
vn -0.0839048607875395 -0.9964737700191729 0
vn 0.2659777644278001 -0.963979164105734 0
vn 0.2659777644278001 -0.963979164105734 0
vn 0.2659777644278001 -0.963979164105734 0
vn 0.2659777644278001 -0.963979164105734 0
vn 0.2659777644278001 -0.963979164105734 0
vn 0.2659777644278001 -0.963979164105734 0
vn 0.43532292938269723 -0.9002743732625078 6.825511432850326e-7
vn 0.43532292938269723 -0.9002743732625078 6.825511432850326e-7
vn 0.43532292938269723 -0.9002743732625078 6.825511432850326e-7
vn 0.4353231451843195 -0.9002742689129973 0
vn 0.4353231451843195 -0.9002742689129973 0
vn 0.4353231451843195 -0.9002742689129973 0
vn 0.59538961141525 -0.8034371230011428 0.000001563384916851125
vn 0.59538961141525 -0.8034371230011428 0.000001563384916851125
vn 0.59538961141525 -0.8034371230011428 0.000001563384916851125
vn 0.5953897453913788 -0.8034370237186718 9.335230172479711e-7
vn 0.5953897453913788 -0.8034370237186718 9.335230172479711e-7
vn 0.5953897453913788 -0.8034370237186718 9.335230172479711e-7
vn 0.8453251336881767 -0.5000175959961751 0.18816966293553197
vn 0.8453251336881767 -0.5000175959961751 0.18816966293553197
vn 0.8453251336881767 -0.5000175959961751 0.18816966293553197
vn 0.8453250990136507 -0.5000176350905177 0.1881697148216145
vn 0.8453250990136507 -0.5000176350905177 0.1881697148216145
vn 0.8453250990136507 -0.5000176350905177 0.1881697148216145
vn 0.9400543296094428 -0.34102471667394013 0
vn 0.9400543296094428 -0.34102471667394013 0
vn 0.9400543296094428 -0.34102471667394013 0
vn 0.78439591556069 -0.5892985330988617 0.19352076513706978
vn 0.78439591556069 -0.5892985330988617 0.19352076513706978
vn 0.78439591556069 -0.5892985330988617 0.19352076513706978
vn 0 0 1
vn 0 0 1
vn 0 0 1
vn 0.7041457197703788 0.6504673271513188 0.28472980461777125
vn 0.7041457197703788 0.6504673271513188 0.28472980461777125
vn 0.7041457197703788 0.6504673271513188 0.28472980461777125
vn -0.000508528385982692 0.9999995996545782 -0.0007362673183440059
vn -0.000508528385982692 0.9999995996545782 -0.0007362673183440059
vn -0.000508528385982692 0.9999995996545782 -0.0007362673183440059
vn 0.000001793494107002095 5.440613222153383e-7 -0.9999999999982438
vn 0.000001793494107002095 5.440613222153383e-7 -0.9999999999982438
vn 0.000001793494107002095 5.440613222153383e-7 -0.9999999999982438
vn 0 0 -1
vn 0 0 -1
vn 0 0 -1
vn 0 0 -1
vn 0 0 -1
vn 0 0 -1
vn 4.378702271865598e-7 0.0000024224245862496265 -0.9999999999969702
vn 4.378702271865598e-7 0.0000024224245862496265 -0.9999999999969702
vn 4.378702271865598e-7 0.0000024224245862496265 -0.9999999999969702
vn -3.0770945613615624e-7 0.0000031242102522656507 -0.9999999999950724
vn -3.0770945613615624e-7 0.0000031242102522656507 -0.9999999999950724
vn -3.0770945613615624e-7 0.0000031242102522656507 -0.9999999999950724
vn 0.9092718567866094 -0.41620270356377953 -0.0000014256648094950438
vn 0.9092718567866094 -0.41620270356377953 -0.0000014256648094950438
vn 0.9092718567866094 -0.41620270356377953 -0.0000014256648094950438
vn 0.9092711125723313 -0.41620432943624563 0
vn 0.9092711125723313 -0.41620432943624563 0
vn 0.9092711125723313 -0.41620432943624563 0
vn -0.9960310279856676 -0.08351553081154224 -0.03077900913091452
vn -0.9960310279856676 -0.08351553081154224 -0.03077900913091452
vn -0.9960310279856676 -0.08351553081154224 -0.03077900913091452
vn -0.9989128908329418 0.0072235694666372575 0.04605275857032009
vn -0.9989128908329418 0.0072235694666372575 0.04605275857032009
vn -0.9989128908329418 0.0072235694666372575 0.04605275857032009
vn 0.17145498340191068 0.9851919552384959 0
vn 0.17145498340191068 0.9851919552384959 0
vn 0.17145498340191068 0.9851919552384959 0
vn 0.17145439920402794 0.9851920569073485 -5.03524118355594e-7
vn 0.17145439920402794 0.9851920569073485 -5.03524118355594e-7
vn 0.17145439920402794 0.9851920569073485 -5.03524118355594e-7
vn 0.5253553288272599 -0.8506384326392411 -0.02039694560116288
vn 0.5253553288272599 -0.8506384326392411 -0.02039694560116288
vn 0.5253553288272599 -0.8506384326392411 -0.02039694560116288
vn 0.5253551719905737 -0.8506385278287463 -0.0203970153723028
vn 0.5253551719905737 -0.8506385278287463 -0.0203970153723028
vn 0.5253551719905737 -0.8506385278287463 -0.0203970153723028
vn 0 0 1
vn 0 0 1
vn 0 0 1
vn 0 0 1
vn 0 0 1
vn 0 0 1
vn 0 0 1
vn 0 0 1
vn 0 0 1
vn 0 0 1
vn 0 0 1
vn 0 0 1
vn 0 0 1
vn 0 0 1
vn 0 0 1
vn 0 0 1
vn 0 0 1
vn 0 0 1
vn 0.975337930351252 0.22071683582847945 0
vn 0.975337930351252 0.22071683582847945 0
vn 0.975337930351252 0.22071683582847945 0
vn 0.975337930351252 0.22071683582847945 0
vn 0.975337930351252 0.22071683582847945 0
vn 0.975337930351252 0.22071683582847945 0
vn -0.9999921172175509 -0.003970579650420282 0
vn -0.9999921172175509 -0.003970579650420282 0
vn -0.9999921172175509 -0.003970579650420282 0
vn -0.9999921172175509 -0.003970579650420282 0
vn -0.9999921172175509 -0.003970579650420282 0
vn -0.9999921172175509 -0.003970579650420282 0
vn -0.6676493308838383 0.7444759035523507 5.23410053006004e-7
vn -0.6676493308838383 0.7444759035523507 5.23410053006004e-7
vn -0.6676493308838383 0.7444759035523507 5.23410053006004e-7
vn -0.6676493308838383 0.7444759035523507 5.23410053006004e-7
vn -0.6676493308838383 0.7444759035523507 5.23410053006004e-7
vn -0.6676493308838383 0.7444759035523507 5.23410053006004e-7
vn 0.9092705910641541 -0.4162054687601349 0
vn 0.9092705910641541 -0.4162054687601349 0
vn 0.9092705910641541 -0.4162054687601349 0
vn 0.9092704021897157 -0.41620588138759607 -3.5641559607686525e-7
vn 0.9092704021897157 -0.41620588138759607 -3.5641559607686525e-7
vn 0.9092704021897157 -0.41620588138759607 -3.5641559607686525e-7
vn -0.003973984046298917 0.9999921036942241 0
vn -0.003973984046298917 0.9999921036942241 0
vn -0.003973984046298917 0.9999921036942241 0
vn -0.0039740585509260296 0.9999921033981226 1.787058272095923e-7
vn -0.0039740585509260296 0.9999921033981226 1.787058272095923e-7
vn -0.0039740585509260296 0.9999921033981226 1.787058272095923e-7
vn -0.9999921215618761 -0.003969485363656361 3.54574151158628e-7
vn -0.9999921215618761 -0.003969485363656361 3.54574151158628e-7
vn -0.9999921215618761 -0.003969485363656361 3.54574151158628e-7
vn -0.9999921221441809 -0.003969338682663801 0
vn -0.9999921221441809 -0.003969338682663801 0
vn -0.9999921221441809 -0.003969338682663801 0
vn 0.003968426000924751 -0.999992125766472 -3.5741166241395645e-7
vn 0.003968426000924751 -0.999992125766472 -3.5741166241395645e-7
vn 0.003968426000924751 -0.999992125766472 -3.5741166241395645e-7
vn 0.003968276991659568 -0.9999921263576051 -7.162416822296188e-7
vn 0.003968276991659568 -0.9999921263576051 -7.162416822296188e-7
vn 0.003968276991659568 -0.9999921263576051 -7.162416822296188e-7
vn 0.7466876999558323 0.6651747730744136 2.668770056886896e-7
vn 0.7466876999558323 0.6651747730744136 2.668770056886896e-7
vn 0.7466876999558323 0.6651747730744136 2.668770056886896e-7
vn 0.7466877295601478 0.6651747398422975 2.086091708823914e-7
vn 0.7466877295601478 0.6651747398422975 2.086091708823914e-7
vn 0.7466877295601478 0.6651747398422975 2.086091708823914e-7
vn -0.6680801568663132 0.7440893118442762 7.706781342110673e-7
vn -0.6680801568663132 0.7440893118442762 7.706781342110673e-7
vn -0.6680801568663132 0.7440893118442762 7.706781342110673e-7
vn -0.668079968972329 0.7440894805450988 -2.387814663099528e-7
vn -0.668079968972329 0.7440894805450988 -2.387814663099528e-7
vn -0.668079968972329 0.7440894805450988 -2.387814663099528e-7
vn -0.7426599043097477 -0.6696687737460706 -2.65437413475636e-7
vn -0.7426599043097477 -0.6696687737460706 -2.65437413475636e-7
vn -0.7426599043097477 -0.6696687737460706 -2.65437413475636e-7
vn -0.742659791562524 -0.6696688987823075 0
vn -0.742659791562524 -0.6696688987823075 0
vn -0.742659791562524 -0.6696688987823075 0
vn 0.6680830776483482 -0.7440866894118661 0
vn 0.6680830776483482 -0.7440866894118661 0
vn 0.6680830776483482 -0.7440866894118661 0
vn 0.6680830776483292 -0.744086689411845 2.387825780571547e-7
vn 0.6680830776483292 -0.744086689411845 2.387825780571547e-7
vn 0.6680830776483292 -0.744086689411845 2.387825780571547e-7
vn 0 0 1
vn 0 0 1
vn 0 0 1
vn 0 0 -1
vn 0 0 -1
vn 0 0 -1
vn 0 0 -1
vn 0 0 -1
vn 0 0 -1
vn 0 0 -1
vn 0 0 -1
vn 0 0 -1
vn 0 0 -1
vn 0 0 -1
vn 0 0 -1
vn 0 0 -1
vn 0 0 -1
vn 0 0 -1
vn 0 0 -1
vn 0 0 -1
vn 0 0 -1
vn 0 0 1
vn 0 0 1
vn 0 0 1
vn 0 0 1
vn 0 0 1
vn 0 0 1
vn 0 0 1
vn 0 0 1
vn 0 0 1
vn 0 0 1
vn 0 0 1
vn 0 0 1
vn 0.000002695451712485154 0.0000014407174830854288 -0.9999999999953295
vn 0.000002695451712485154 0.0000014407174830854288 -0.9999999999953295
vn 0.000002695451712485154 0.0000014407174830854288 -0.9999999999953295
vn -5.999182803859231e-7 -7.309907346094776e-7 -0.999999999999553
vn -5.999182803859231e-7 -7.309907346094776e-7 -0.999999999999553
vn -5.999182803859231e-7 -7.309907346094776e-7 -0.999999999999553
vn 0 0 1
vn 0 0 1
vn 0 0 1
vn 0 0 -1
vn 0 0 -1
vn 0 0 -1
vn 0.0000017770526028442736 1.750149323240232e-7 -0.9999999999984057
vn 0.0000017770526028442736 1.750149323240232e-7 -0.9999999999984057
vn 0.0000017770526028442736 1.750149323240232e-7 -0.9999999999984057
vn -0.8460276189471551 -0.5095414557018435 -0.1568590861246287
vn -0.8460276189471551 -0.5095414557018435 -0.1568590861246287
vn -0.8460276189471551 -0.5095414557018435 -0.1568590861246287
vn -0.8460296573501556 -0.5095369924873604 -0.15686259009373157
vn -0.8460296573501556 -0.5095369924873604 -0.15686259009373157
vn -0.8460296573501556 -0.5095369924873604 -0.15686259009373157
vn -0.8460312071535666 -0.5095367541185317 -0.15685500541783823
vn -0.8460312071535666 -0.5095367541185317 -0.15685500541783823
vn -0.8460312071535666 -0.5095367541185317 -0.15685500541783823
vn -0.7257863297797641 -0.6704602255040388 -0.15400418670248198
vn -0.7257863297797641 -0.6704602255040388 -0.15400418670248198
vn -0.7257863297797641 -0.6704602255040388 -0.15400418670248198
vn -0.7257884194129236 -0.670457367687089 -0.15400678024096734
vn -0.7257884194129236 -0.670457367687089 -0.15400678024096734
vn -0.7257884194129236 -0.670457367687089 -0.15400678024096734
vn -0.7257948732537461 -0.6704527934074385 -0.15399627843146405
vn -0.7257948732537461 -0.6704527934074385 -0.15399627843146405
vn -0.7257948732537461 -0.6704527934074385 -0.15399627843146405
vn -0.5822297254640288 -0.7988615522249202 -0.15109191627242316
vn -0.5822297254640288 -0.7988615522249202 -0.15109191627242316
vn -0.5822297254640288 -0.7988615522249202 -0.15109191627242316
vn -0.582232707208045 -0.7988588124856052 -0.15109491179811316
vn -0.582232707208045 -0.7988588124856052 -0.15109491179811316
vn -0.582232707208045 -0.7988588124856052 -0.15109491179811316
vn -0.5822402620332838 -0.7988555136982363 -0.15108324030593268
vn -0.5822402620332838 -0.7988555136982363 -0.15108324030593268
vn -0.5822402620332838 -0.7988555136982363 -0.15108324030593268
vn -0.42341184449758545 -0.8936697209537833 -0.14858277083679605
vn -0.42341184449758545 -0.8936697209537833 -0.14858277083679605
vn -0.42341184449758545 -0.8936697209537833 -0.14858277083679605
vn -0.4234172318568595 -0.8936663686127103 -0.14858758150412812
vn -0.4234172318568595 -0.8936663686127103 -0.14858758150412812
vn -0.4234172318568595 -0.8936663686127103 -0.14858758150412812
vn -0.42341906434365006 -0.8936672337767024 -0.14857715579537922
vn -0.42341906434365006 -0.8936672337767024 -0.14857715579537922
vn -0.42341906434365006 -0.8936672337767024 -0.14857715579537922
vn -0.25551732972393126 -0.9555916635776898 -0.14681780107185655
vn -0.25551732972393126 -0.9555916635776898 -0.14681780107185655
vn -0.25551732972393126 -0.9555916635776898 -0.14681780107185655
vn -0.25552055946584784 -0.9555903937539718 -0.14682044495024837
vn -0.25552055946584784 -0.9555903937539718 -0.14682044495024837
vn -0.25552055946584784 -0.9555903937539718 -0.14682044495024837
vn -0.2555216525521741 -0.9555910135047093 -0.14681450877228952
vn -0.2555216525521741 -0.9555910135047093 -0.14681450877228952
vn -0.2555216525521741 -0.9555910135047093 -0.14681450877228952
vn -8.780651796765452e-7 -3.0133037398614513e-7 -0.9999999999995692
vn -8.780651796765452e-7 -3.0133037398614513e-7 -0.9999999999995692
vn -8.780651796765452e-7 -3.0133037398614513e-7 -0.9999999999995692
vn 0 0 -1
vn 0 0 -1
vn 0 0 -1
vn 0 0 -1
vn 0 0 -1
vn 0 0 -1
vn -5.023554194848392e-7 -4.640579049918239e-7 -0.9999999999997662
vn -5.023554194848392e-7 -4.640579049918239e-7 -0.9999999999997662
vn -5.023554194848392e-7 -4.640579049918239e-7 -0.9999999999997662
vn 0 0 -1
vn 0 0 -1
vn 0 0 -1
vn 0 0 -1
vn 0 0 -1
vn 0 0 -1
vn 0 0 -1
vn 0 0 -1
vn 0 0 -1
vn 0 0 -1
vn 0 0 -1
vn 0 0 -1
vn 0 0 -1
vn 0 0 -1
vn 0 0 -1
vn 0 0 -1
vn 0 0 -1
vn 0 0 -1
vn -2.718131497657569e-7 -8.960495847528075e-7 -0.9999999999995617
vn -2.718131497657569e-7 -8.960495847528075e-7 -0.9999999999995617
vn -2.718131497657569e-7 -8.960495847528075e-7 -0.9999999999995617
vn 0 0 -1
vn 0 0 -1
vn 0 0 -1
vn 0 0 -1
vn 0 0 -1
vn 0 0 -1
vn 0 0 -1
vn 0 0 -1
vn 0 0 -1
vn -8.420422545891149e-7 6.910440788483804e-7 -0.9999999999994067
vn -8.420422545891149e-7 6.910440788483804e-7 -0.9999999999994067
vn -8.420422545891149e-7 6.910440788483804e-7 -0.9999999999994067
vn 0 0 -1
vn 0 0 -1
vn 0 0 -1
vn 0 0 -1
vn 0 0 -1
vn 0 0 -1
vn -0.0000011801002983694037 1.2505174140633535e-7 -0.9999999999992959
vn -0.0000011801002983694037 1.2505174140633535e-7 -0.9999999999992959
vn -0.0000011801002983694037 1.2505174140633535e-7 -0.9999999999992959
vn 0.0000017772952105559703 -1.7503013793856835e-7 -0.9999999999984053
vn 0.0000017772952105559703 -1.7503013793856835e-7 -0.9999999999984053
vn 0.0000017772952105559703 -1.7503013793856835e-7 -0.9999999999984053
vn 0 0 -1
vn 0 0 -1
vn 0 0 -1
vn 0.000002050558805411331 -0.0000024986270545793093 -0.9999999999947762
vn 0.000002050558805411331 -0.0000024986270545793093 -0.9999999999947762
vn 0.000002050558805411331 -0.0000024986270545793093 -0.9999999999947762
vn 0 0 -1
vn 0 0 -1
vn 0 0 -1
vn 0 0 -1
vn 0 0 -1
vn 0 0 -1
vn 0 0 -1
vn 0 0 -1
vn 0 0 -1
vn 7.207646035545233e-7 0.000002375994881724134 -0.9999999999969176
vn 7.207646035545233e-7 0.000002375994881724134 -0.9999999999969176
vn 7.207646035545233e-7 0.000002375994881724134 -0.9999999999969176
vn 0.7393444226966999 0.45168432877294096 0.4993506701389528
vn 0.7393444226966999 0.45168432877294096 0.4993506701389528
vn 0.7393444226966999 0.45168432877294096 0.4993506701389528
vn 0.6090989733497595 0.7649506361380988 0.20940144444627698
vn 0.6090989733497595 0.7649506361380988 0.20940144444627698
vn 0.6090989733497595 0.7649506361380988 0.20940144444627698
vn 0.7345507872761722 0.6785537126211568 0
vn 0.7345507872761722 0.6785537126211568 0
vn 0.7345507872761722 0.6785537126211568 0
vn 0.8211187100960956 0.49214824894541703 0.2890573731806264
vn 0.8211187100960956 0.49214824894541703 0.2890573731806264
vn 0.8211187100960956 0.49214824894541703 0.2890573731806264
vn 0.5473553451147976 0.06801491122402388 -0.834131942815673
vn 0.5473553451147976 0.06801491122402388 -0.834131942815673
vn 0.5473553451147976 0.06801491122402388 -0.834131942815673
vn 0.2864817345058387 0.9580857037824275 -0.0000015022008977510605
vn 0.2864817345058387 0.9580857037824275 -0.0000015022008977510605
vn 0.2864817345058387 0.9580857037824275 -0.0000015022008977510605
vn 0.8938057620674985 -0.4484543005646597 0
vn 0.8938057620674985 -0.4484543005646597 0
vn 0.8938057620674985 -0.4484543005646597 0
vn 0.42816462445395237 0.9037007548604424 0.000005556306773330636
vn 0.42816462445395237 0.9037007548604424 0.000005556306773330636
vn 0.42816462445395237 0.9037007548604424 0.000005556306773330636
vn 0.42816845477735577 0.903698940097376 -6.713335237076332e-7
vn 0.42816845477735577 0.903698940097376 -6.713335237076332e-7
vn 0.42816845477735577 0.903698940097376 -6.713335237076332e-7
vn 0.4281603355247245 0.9037027869168865 -0.000001416932818932455
vn 0.4281603355247245 0.9037027869168865 -0.000001416932818932455
vn 0.4281603355247245 0.9037027869168865 -0.000001416932818932455
vn 0 0 1
vn 0 0 1
vn 0 0 1
vn 0 0 1
vn 0 0 1
vn 0 0 1
vn 0 0 1
vn 0 0 1
vn 0 0 1
vn 0 0 -1
vn 0 0 -1
vn 0 0 -1
vn 0 0 -1
vn 0 0 -1
vn 0 0 -1
vn 0.0000015633629573083277 0.0000019049424508863378 -0.9999999999969635
vn 0.0000015633629573083277 0.0000019049424508863378 -0.9999999999969635
vn 0.0000015633629573083277 0.0000019049424508863378 -0.9999999999969635
vn 0 0 -1
vn 0 0 -1
vn 0 0 -1
vn 0 0 -1
vn 0 0 -1
vn 0 0 -1
vn 2.6471911951279114e-7 0.000002687750338727003 -0.9999999999963529
vn 2.6471911951279114e-7 0.000002687750338727003 -0.9999999999963529
vn 2.6471911951279114e-7 0.000002687750338727003 -0.9999999999963529
vn 0 0 -1
vn 0 0 -1
vn 0 0 -1
vn 0 0 -1
vn 0 0 -1
vn 0 0 -1
vn 0 0 -1
vn 0 0 -1
vn 0 0 -1
vn 0 0 -1
vn 0 0 -1
vn 0 0 -1
vn -0.000001189535510092415 1.171648804642318e-7 -0.9999999999992857
vn -0.000001189535510092415 1.171648804642318e-7 -0.9999999999992857
vn -0.000001189535510092415 1.171648804642318e-7 -0.9999999999992857
vn -8.953894621295684e-7 -3.072687775328164e-7 -0.9999999999995519
vn -8.953894621295684e-7 -3.072687775328164e-7 -0.9999999999995519
vn -8.953894621295684e-7 -3.072687775328164e-7 -0.9999999999995519
vn 0 0 -1
vn 0 0 -1
vn 0 0 -1
vn 0 0 -1
vn 0 0 -1
vn 0 0 -1
vn 0 0 -1
vn 0 0 -1
vn 0 0 -1
vn 0 0 -1
vn 0 0 -1
vn 0 0 -1
vn -4.783140070683015e-7 -8.948800314096785e-7 -0.9999999999994853
vn -4.783140070683015e-7 -8.948800314096785e-7 -0.9999999999994853
vn -4.783140070683015e-7 -8.948800314096785e-7 -0.9999999999994853
vn -9.402768341708319e-7 -7.716688514841484e-7 -0.9999999999992604
vn -9.402768341708319e-7 -7.716688514841484e-7 -0.9999999999992604
vn -9.402768341708319e-7 -7.716688514841484e-7 -0.9999999999992604
vn 0 0 1
vn 0 0 1
vn 0 0 1
vn 0 0 1
vn 0 0 1
vn 0 0 1
vn 0 0 -1
vn 0 0 -1
vn 0 0 -1
vn 0 0 -1
vn 0 0 -1
vn 0 0 -1
vn 0.0000016945372180969634 -7.458610298259324e-7 -0.9999999999982863
vn 0.0000016945372180969634 -7.458610298259324e-7 -0.9999999999982863
vn 0.0000016945372180969634 -7.458610298259324e-7 -0.9999999999982863
vn 0 0 1
vn 0 0 1
vn 0 0 1
vn 0 0 1
vn 0 0 1
vn 0 0 1
vn 0 0 1
vn 0 0 1
vn 0 0 1
vn 0 0 1
vn 0 0 1
vn 0 0 1
vn 0 0 -1
vn 0 0 -1
vn 0 0 -1
vn 0 0 1
vn 0 0 1
vn 0 0 1
vn 0 0 -1
vn 0 0 -1
vn 0 0 -1
vn 0 0 -1
vn 0 0 -1
vn 0 0 -1
vn 0 0 1
vn 0 0 1
vn 0 0 1
vn 0 0 1
vn 0 0 1
vn 0 0 1
vn 0 0 1
vn 0 0 1
vn 0 0 1
vn 0 0 -1
vn 0 0 -1
vn 0 0 -1
vn 0 0 -1
vn 0 0 -1
vn 0 0 -1
vn 0 0 -1
vn 0 0 -1
vn 0 0 -1
vn 0 0 -1
vn 0 0 -1
vn 0 0 -1
vn 0 0 1
vn 0 0 1
vn 0 0 1
vn 0 0 1
vn 0 0 1
vn 0 0 1
vn 0 0 1
vn 0 0 1
vn 0 0 1
vn 0 0 1
vn 0 0 1
vn 0 0 1
vn 0 0 1
vn 0 0 1
vn 0 0 1
vn 0 0 1
vn 0 0 1
vn 0 0 1
vn 0 0 1
vn 0 0 1
vn 0 0 1
vn 0 0 1
vn 0 0 1
vn 0 0 1
vn 0.9335279934678284 0.32036020919109853 -0.16091868064014653
vn 0.9335279934678284 0.32036020919109853 -0.16091868064014653
vn 0.9335279934678284 0.32036020919109853 -0.16091868064014653
vn 0.9335287188359127 0.3203569344059147 -0.16092099206326096
vn 0.9335287188359127 0.3203569344059147 -0.16092099206326096
vn 0.9335287188359127 0.3203569344059147 -0.16092099206326096
vn 0.9335265101748059 0.32036334077641915 -0.16092105110090452
vn 0.9335265101748059 0.32036334077641915 -0.16092105110090452
vn 0.9335265101748059 0.32036334077641915 -0.16092105110090452
vn 0.8458567720962876 0.5094382084483683 -0.15811082465083115
vn 0.8458567720962876 0.5094382084483683 -0.15811082465083115
vn 0.8458567720962876 0.5094382084483683 -0.15811082465083115
vn 0.8458558387240354 0.5094402472337325 -0.1581092489226741
vn 0.8458558387240354 0.5094402472337325 -0.1581092489226741
vn 0.8458558387240354 0.5094402472337325 -0.1581092489226741
vn 0.845854717816785 0.5094409098598339 -0.15811311048825719
vn 0.845854717816785 0.5094409098598339 -0.15811311048825719
vn 0.845854717816785 0.5094409098598339 -0.15811311048825719
vn 0.7257080809821235 0.6703884130855972 -0.1546840547626633
vn 0.7257080809821235 0.6703884130855972 -0.1546840547626633
vn 0.7257080809821235 0.6703884130855972 -0.1546840547626633
vn 0.7257059214894976 0.6703913806386892 -0.15468132492460515
vn 0.7257059214894976 0.6703913806386892 -0.15468132492460515
vn 0.7257059214894976 0.6703913806386892 -0.15468132492460515
vn 0.7257110480318772 0.6703858379082657 -0.1546812952380053
vn 0.7257110480318772 0.6703858379082657 -0.1546812952380053
vn 0.7257110480318772 0.6703858379082657 -0.1546812952380053
vn 0.5822239439214045 0.7988466512118934 -0.15119294617193266
vn 0.5822239439214045 0.7988466512118934 -0.15119294617193266
vn 0.5822239439214045 0.7988466512118934 -0.15119294617193266
vn 0.5822236609558388 0.7988469102905029 -0.1511926669600668
vn 0.5822236609558388 0.7988469102905029 -0.1511926669600668
vn 0.5822236609558388 0.7988469102905029 -0.1511926669600668
vn 0.5822243620899867 0.7988464140776673 -0.15119258878714958
vn 0.5822243620899867 0.7988464140776673 -0.15119258878714958
vn 0.5822243620899867 0.7988464140776673 -0.15119258878714958
vn 0.42344111984528887 0.8937313125335062 -0.14812818442586906
vn 0.42344111984528887 0.8937313125335062 -0.14812818442586906
vn 0.42344111984528887 0.8937313125335062 -0.14812818442586906
vn 0.42344000681158595 0.8937320059488094 -0.14812718242821396
vn 0.42344000681158595 0.8937320059488094 -0.14812718242821396
vn 0.42344000681158595 0.8937320059488094 -0.14812718242821396
vn 0.42344066286228743 0.8937314703504493 -0.14812853857366753
vn 0.42344066286228743 0.8937314703504493 -0.14812853857366753
vn 0.42344066286228743 0.8937314703504493 -0.14812853857366753
vn 0 0 1
vn 0 0 1
vn 0 0 1
vn 0 0 1
vn 0 0 1
vn 0 0 1
vn 0 0 1
vn 0 0 1
vn 0 0 1
vn 0 0 1
vn 0 0 1
vn 0 0 1
vn 0 0 1
vn 0 0 1
vn 0 0 1
vn 0 0 1
vn 0 0 1
vn 0 0 1
vn 0 0 1
vn 0 0 1
vn 0 0 1
vn 0 0 1
vn 0 0 1
vn 0 0 1
vn 0 0 1
vn 0 0 1
vn 0 0 1
vn 0 0 1
vn 0 0 1
vn 0 0 1
vn 0 0 1
vn 0 0 1
vn 0 0 1
vn 0 0 1
vn 0 0 1
vn 0 0 1
vn 0 0 1
vn 0 0 1
vn 0 0 1
vn 0 0 1
vn 0 0 1
vn 0 0 1
vn 0 0 1
vn 0 0 1
vn 0 0 1
vn 0 0 1
vn 0 0 1
vn 0 0 1
vn 0 0 1
vn 0 0 1
vn 0 0 1
vn 0 0 1
vn 0 0 1
vn 0 0 1
vn 0 0 1
vn 0 0 1
vn 0 0 1
vn 0 0 1
vn 0 0 1
vn 0 0 1
vn 0 0 1
vn 0 0 1
vn 0 0 1
vn 0 0 1
vn 0 0 1
vn 0 0 1
vn 0 0 1
vn 0 0 1
vn 0 0 1
vn 0 0 1
vn 0 0 1
vn 0 0 1
vn 0 0 -1
vn 0 0 -1
vn 0 0 -1
vn -0.9169626633635284 -0.3146768144242139 0.2452712303982944
vn -0.9169626633635284 -0.3146768144242139 0.2452712303982944
vn -0.9169626633635284 -0.3146768144242139 0.2452712303982944
vn -0.9169624476060908 -0.3146772990380654 0.24527141527368243
vn -0.9169624476060908 -0.3146772990380654 0.24527141527368243
vn -0.9169624476060908 -0.3146772990380654 0.24527141527368243
vn -0.9169628107589559 -0.31467622805048145 0.2452714316526828
vn -0.9169628107589559 -0.31467622805048145 0.2452714316526828
vn -0.9169628107589559 -0.31467622805048145 0.2452714316526828
vn -0.8300706370370713 -0.49992798117065723 0.24709259635104713
vn -0.8300706370370713 -0.49992798117065723 0.24709259635104713
vn -0.8300706370370713 -0.49992798117065723 0.24709259635104713
vn -0.8300706709966124 -0.49992793592301715 0.24709257381593908
vn -0.8300706709966124 -0.49992793592301715 0.24709257381593908
vn -0.8300706709966124 -0.49992793592301715 0.24709257381593908
vn -0.830066630659213 -0.4999359902462739 0.247089850707267
vn -0.830066630659213 -0.4999359902462739 0.247089850707267
vn -0.830066630659213 -0.4999359902462739 0.247089850707267
vn -0.6241620817146845 -0.758308653693104 0.18812145407619973
vn -0.6241620817146845 -0.758308653693104 0.18812145407619973
vn -0.6241620817146845 -0.758308653693104 0.18812145407619973
vn -0.7345505289553473 -0.6785539922593398 5.758578769969182e-7
vn -0.7345505289553473 -0.6785539922593398 5.758578769969182e-7
vn -0.7345505289553473 -0.6785539922593398 5.758578769969182e-7
vn -0.7132558215191146 -0.6588825572932316 0.23903955481012867
vn -0.7132558215191146 -0.6588825572932316 0.23903955481012867
vn -0.7132558215191146 -0.6588825572932316 0.23903955481012867
vn 0 0 1
vn 0 0 1
vn 0 0 1
vn 0 0 1
vn 0 0 1
vn 0 0 1
vn 0 0 1
vn 0 0 1
vn 0 0 1
vn 0 0 1
vn 0 0 1
vn 0 0 1
vn 0 0 1
vn 0 0 1
vn 0 0 1
vn 0 0 1
vn 0 0 1
vn 0 0 1
vn -0.0000010977113333856916 5.867503318763741e-7 -0.9999999999992255
vn -0.0000010977113333856916 5.867503318763741e-7 -0.9999999999992255
vn -0.0000010977113333856916 5.867503318763741e-7 -0.9999999999992255
vn -0.0000012479874840200146 -1.2290877293698372e-7 -0.9999999999992137
vn -0.0000012479874840200146 -1.2290877293698372e-7 -0.9999999999992137
vn -0.0000012479874840200146 -1.2290877293698372e-7 -0.9999999999992137
vn 0 0 1
vn 0 0 1
vn 0 0 1
vn 0 0 1
vn 0 0 1
vn 0 0 1
vn 0 0 1
vn 0 0 1
vn 0 0 1
vn 0 0 1
vn 0 0 1
vn 0 0 1
vn -0.0000011410676279402726 3.461335040808349e-7 -0.9999999999992892
vn -0.0000011410676279402726 3.461335040808349e-7 -0.9999999999992892
vn -0.0000011410676279402726 3.461335040808349e-7 -0.9999999999992892
vn -0.0000011631896086234814 0.000003834529252313725 -0.9999999999919718
vn -0.0000011631896086234814 0.000003834529252313725 -0.9999999999919718
vn -0.0000011631896086234814 0.000003834529252313725 -0.9999999999919718
vn 0 0 1
vn 0 0 1
vn 0 0 1
vn 0 0 1
vn 0 0 1
vn 0 0 1
vn 0 0 1
vn 0 0 1
vn 0 0 1
vn 0 0 1
vn 0 0 1
vn 0 0 1
vn 0.0000020546199266318767 0.0000016862037455152414 -0.9999999999964677
vn 0.0000020546199266318767 0.0000016862037455152414 -0.9999999999964677
vn 0.0000020546199266318767 0.0000016862037455152414 -0.9999999999964677
vn 0.000001136579953705557 0.0000021264118004121016 -0.9999999999970934
vn 0.000001136579953705557 0.0000021264118004121016 -0.9999999999970934
vn 0.000001136579953705557 0.0000021264118004121016 -0.9999999999970934
vn 0 0 1
vn 0 0 1
vn 0 0 1
vn 0 0 1
vn 0 0 1
vn 0 0 1
vn 0 0 1
vn 0 0 1
vn 0 0 1
vn 0 0 1
vn 0 0 1
vn 0 0 1
vn -0.0000010511510026838575 -3.188687003328491e-7 -0.9999999999993967
vn -0.0000010511510026838575 -3.188687003328491e-7 -0.9999999999993967
vn -0.0000010511510026838575 -3.188687003328491e-7 -0.9999999999993967
vn -9.95659434010397e-7 -5.321863909554187e-7 -0.9999999999993627
vn -9.95659434010397e-7 -5.321863909554187e-7 -0.9999999999993627
vn -9.95659434010397e-7 -5.321863909554187e-7 -0.9999999999993627
vn 0 0 1
vn 0 0 1
vn 0 0 1
vn 0 0 1
vn 0 0 1
vn 0 0 1
vn 0 0 1
vn 0 0 1
vn 0 0 1
vn 0 0 1
vn 0 0 1
vn 0 0 1
vn -7.054794082246376e-7 8.596305747227377e-7 -0.9999999999993818
vn -7.054794082246376e-7 8.596305747227377e-7 -0.9999999999993818
vn -7.054794082246376e-7 8.596305747227377e-7 -0.9999999999993818
vn 0 0 -1
vn 0 0 -1
vn 0 0 -1
vn 0 0 1
vn 0 0 1
vn 0 0 1
vn 0 0 1
vn 0 0 1
vn 0 0 1
vn 0 0 1
vn 0 0 1
vn 0 0 1
vn 0 0 1
vn 0 0 1
vn 0 0 1
vn 0 0 1
vn 0 0 1
vn 0 0 1
vn 0 0 1
vn 0 0 1
vn 0 0 1
vn 0 0 1
vn 0 0 1
vn 0 0 1
vn 0 0 1
vn 0 0 1
vn 0 0 1
vn 0 0 1
vn 0 0 1
vn 0 0 1
vn 0 0 1
vn 0 0 1
vn 0 0 1
vn 0 0 -1
vn 0 0 -1
vn 0 0 -1
vn 0 0 -1
vn 0 0 -1
vn 0 0 -1
vn 0 0 1
vn 0 0 1
vn 0 0 1
vn 0 0 1
vn 0 0 1
vn 0 0 1
vn 0 0 1
vn 0 0 1
vn 0 0 1
vn 0 0 1
vn 0 0 1
vn 0 0 1
vn 0 0 1
vn 0 0 1
vn 0 0 1
vn -0.17145498340191068 -0.9851919552384959 0
vn -0.17145498340191068 -0.9851919552384959 0
vn -0.17145498340191068 -0.9851919552384959 0
vn -0.1714547563870034 -0.9851919947463215 -1.93087670874106e-7
vn -0.1714547563870034 -0.9851919947463215 -1.93087670874106e-7
vn -0.1714547563870034 -0.9851919947463215 -1.93087670874106e-7
vn -0.4354294474475494 0.897164450805623 -0.07414273063602791
vn -0.4354294474475494 0.897164450805623 -0.07414273063602791
vn -0.4354294474475494 0.897164450805623 -0.07414273063602791
vn -0.43542993302888844 0.8971642304036603 -0.07414254586042658
vn -0.43542993302888844 0.8971642304036603 -0.07414254586042658
vn -0.43542993302888844 0.8971642304036603 -0.07414254586042658
vn -0.7312149292169656 0.6647988454797678 -0.152863410726688
vn -0.7312149292169656 0.6647988454797678 -0.152863410726688
vn -0.7312149292169656 0.6647988454797678 -0.152863410726688
vn -0.7312164078620118 0.6647968084927927 -0.1528651964679114
vn -0.7312164078620118 0.6647968084927927 -0.1528651964679114
vn -0.7312164078620118 0.6647968084927927 -0.1528651964679114
vn -0.7312151774292839 0.6647990928025229 -0.1528611477976118
vn -0.7312151774292839 0.6647990928025229 -0.1528611477976118
vn -0.7312151774292839 0.6647990928025229 -0.1528611477976118
vn -0.7312170249637392 0.6647965296123067 -0.15286345743378926
vn -0.7312170249637392 0.6647965296123067 -0.15286345743378926
vn -0.7312170249637392 0.6647965296123067 -0.15286345743378926
vn 0 0 1
vn 0 0 1
vn 0 0 1
vn 0 0 1
vn 0 0 1
vn 0 0 1
vn 0 0 1
vn 0 0 1
vn 0 0 1
vn 0 0 1
vn 0 0 1
vn 0 0 1
vn -0.7296132097787319 0.6633387433910936 -0.16627169221698931
vn -0.7296132097787319 0.6633387433910936 -0.16627169221698931
vn -0.7296132097787319 0.6633387433910936 -0.16627169221698931
vn -0.6982085699983973 0.7158944005792985 0
vn -0.6982085699983973 0.7158944005792985 0
vn -0.6982085699983973 0.7158944005792985 0
vn -0.012496454912861313 -0.018788092246760982 0.9997453906892185
vn -0.012496454912861313 -0.018788092246760982 0.9997453906892185
vn -0.012496454912861313 -0.018788092246760982 0.9997453906892185
vn -0.015734210859413022 -0.017711034324933615 0.9997193375501809
vn -0.015734210859413022 -0.017711034324933615 0.9997193375501809
vn -0.015734210859413022 -0.017711034324933615 0.9997193375501809
vn 0.49668108875839534 0.8676696325185356 0.02138468786127726
vn 0.49668108875839534 0.8676696325185356 0.02138468786127726
vn 0.49668108875839534 0.8676696325185356 0.02138468786127726
vn 0.5538086882428557 0.8326368914806607 0.0034269187545302566
vn 0.5538086882428557 0.8326368914806607 0.0034269187545302566
vn 0.5538086882428557 0.8326368914806607 0.0034269187545302566
vn 0.7714921820250404 -0.5722568026347639 0.27806827383302635
vn 0.7714921820250404 -0.5722568026347639 0.27806827383302635
vn 0.7714921820250404 -0.5722568026347639 0.27806827383302635
vn 0.9105589447584559 -0.41337925458022007 0.0000017517554735811807
vn 0.9105589447584559 -0.41337925458022007 0.0000017517554735811807
vn 0.9105589447584559 -0.41337925458022007 0.0000017517554735811807
vn 0.877869543019371 0.47677266413416247 0.04508760554047866
vn 0.877869543019371 0.47677266413416247 0.04508760554047866
vn 0.877869543019371 0.47677266413416247 0.04508760554047866
vn 0.8026634360535024 -0.3643994586620995 0.4721699301623873
vn 0.8026634360535024 -0.3643994586620995 0.4721699301623873
vn 0.8026634360535024 -0.3643994586620995 0.4721699301623873
vn 0.9999921198576026 0.003969914696592823 1.418905087027913e-9
vn 0.9999921198576026 0.003969914696592823 1.418905087027913e-9
vn 0.9999921198576026 0.003969914696592823 1.418905087027913e-9
vn 0.9999921198576026 0.003969914696592823 1.418905087027913e-9
vn 0.9999921198576026 0.003969914696592823 1.418905087027913e-9
vn 0.9999921198576026 0.003969914696592823 1.418905087027913e-9
vn 0.9999921340375356 0.003966341268160979 7.088139532890792e-10
vn 0.9999921340375356 0.003966341268160979 7.088139532890792e-10
vn 0.9999921340375356 0.003966341268160979 7.088139532890792e-10
vn 0.9999921340338417 0.0039663421994689035 1.4176282396398297e-9
vn 0.9999921340338417 0.0039663421994689035 1.4176282396398297e-9
vn 0.9999921340338417 0.0039663421994689035 1.4176282396398297e-9
vn 0 0 -1
vn 0 0 -1
vn 0 0 -1
vn 0 0 -1
vn 0 0 -1
vn 0 0 -1
vn 0 0 -1
vn 0 0 -1
vn 0 0 -1
vn 0 0 -1
vn 0 0 -1
vn 0 0 -1
vn 0 0 1
vn 0 0 1
vn 0 0 1
vn 0 0 1
vn 0 0 1
vn 0 0 1
vn 0 0 1
vn 0 0 1
vn 0 0 1
vn 0 0 1
vn 0 0 1
vn 0 0 1
vn -0.7296137873926111 0.6633377729585191 -0.16627302912090586
vn -0.7296137873926111 0.6633377729585191 -0.16627302912090586
vn -0.7296137873926111 0.6633377729585191 -0.16627302912090586
vn -0.6605275904743352 0.7243884840658471 -0.1973945956072583
vn -0.6605275904743352 0.7243884840658471 -0.1973945956072583
vn -0.6605275904743352 0.7243884840658471 -0.1973945956072583
vn 0 0 1
vn 0 0 1
vn 0 0 1
vn 0 0 1
vn 0 0 1
vn 0 0 1
vn 0 0 1
vn 0 0 1
vn 0 0 1
vn 0 0 -1
vn 0 0 -1
vn 0 0 -1
vn 0 0 1
vn 0 0 1
vn 0 0 1
vn 0 0 1
vn 0 0 1
vn 0 0 1
vn 0 0 1
vn 0 0 1
vn 0 0 1
vn 0 0 1
vn 0 0 1
vn 0 0 1
vn 0 0 1
vn 0 0 1
vn 0 0 1
vn 0 0 1
vn 0 0 1
vn 0 0 1
vn 0 0 1
vn 0 0 1
vn 0 0 1
vn 0 0 1
vn 0 0 1
vn 0 0 1
vn 0 0 1
vn 0 0 1
vn 0 0 1
vn 0 0 1
vn 0 0 1
vn 0 0 1
vn 0 0 1
vn 0 0 1
vn 0 0 1
vn 0 0 1
vn 0 0 1
vn 0 0 1
vn 0 0 1
vn 0 0 1
vn 0 0 1
vn 0 0 1
vn 0 0 1
vn 0 0 1
vn 0 0 1
vn 0 0 1
vn 0 0 1
vn 0 0 1
vn 0 0 1
vn 0 0 1
vn 0 0 1
vn 0 0 1
vn 0 0 1
vn 0 0 1
vn 0 0 1
vn 0 0 1
vn 0 0 1
vn 0 0 1
vn 0 0 1
vn 0 0 1
vn 0 0 1
vn 0 0 1
vn 0 0 1
vn 0 0 1
vn 0 0 1
vn 0 0 1
vn 0 0 1
vn 0 0 1
vn 0 0 1
vn 0 0 1
vn 0 0 1
vn 0 0 1
vn 0 0 1
vn 0 0 1
vn 0 0 1
vn 0 0 1
vn 0 0 1
vn 0 0 1
vn 0 0 1
vn 0 0 1
vn 0 0 1
vn 0 0 1
vn 0 0 1
vn 0 0 1
vn 0 0 1
vn 0 0 1
vn 0 0 1
vn 0 0 1
vn 0 0 1
vn 0 0 1
vn 0 0 1
vn 0 0 1
vn 0 0 1
vn 0 0 1
vn 0 0 1
vn 0 0 1
vn 0 0 1
vn 0 0 1
vn 0 0 1
vn 0 0 1
vn 0 0 1
vn 0 0 1
vn 0 0 1
vn 0 0 1
vn 0 0 1
vn 0 0 1
vn 0 0 1
vn 0 0 1
vn 0 0 1
vn 0 0 1
vn 0 0 -1
vn 0 0 -1
vn 0 0 -1
vn 0 0 -1
vn 0 0 -1
vn 0 0 -1
vn 0 0 1
vn 0 0 1
vn 0 0 1
vn 0 0 1
vn 0 0 1
vn 0 0 1
vn 0 0 -1
vn 0 0 -1
vn 0 0 -1
vn 0 0 -1
vn 0 0 -1
vn 0 0 -1
vn 0 0 -1
vn 0 0 -1
vn 0 0 -1
vn 0 0 -1
vn 0 0 -1
vn 0 0 -1
vn 0 0 -1
vn 0 0 -1
vn 0 0 -1
vn 0 0 -1
vn 0 0 -1
vn 0 0 -1
vn 0 0 -1
vn 0 0 -1
vn 0 0 -1
vn 0 0 -1
vn 0 0 -1
vn 0 0 -1
vn 7.98013743974215e-8 -8.102406354734784e-7 -0.9999999999996687
vn 7.98013743974215e-8 -8.102406354734784e-7 -0.9999999999996687
vn 7.98013743974215e-8 -8.102406354734784e-7 -0.9999999999996687
vn -5.10420704813318e-7 -4.7151559101610006e-7 -0.9999999999997586
vn -5.10420704813318e-7 -4.7151559101610006e-7 -0.9999999999997586
vn -5.10420704813318e-7 -4.7151559101610006e-7 -0.9999999999997586
vn -0.0000010735699333957298 -1.2239382840554886e-7 -0.9999999999994162
vn -0.0000010735699333957298 -1.2239382840554886e-7 -0.9999999999994162
vn -0.0000010735699333957298 -1.2239382840554886e-7 -0.9999999999994162
vn 0 0 -1
vn 0 0 -1
vn 0 0 -1
vn 0 0 -1
vn 0 0 -1
vn 0 0 -1
vn 0 0 -1
vn 0 0 -1
vn 0 0 -1
vn 0 0 1
vn 0 0 1
vn 0 0 1
vn -8.451055322208546e-8 -8.580113899367001e-7 -0.9999999999996283
vn -8.451055322208546e-8 -8.580113899367001e-7 -0.9999999999996283
vn -8.451055322208546e-8 -8.580113899367001e-7 -0.9999999999996283
vn -6.918571671119497e-7 -4.166902556333758e-7 -0.9999999999996738
vn -6.918571671119497e-7 -4.166902556333758e-7 -0.9999999999996738
vn -6.918571671119497e-7 -4.166902556333758e-7 -0.9999999999996738
vn 0 0 -1
vn 0 0 -1
vn 0 0 -1
vn 0.000001905853650890668 -0.0000015640861192830682 -0.9999999999969607
vn 0.000001905853650890668 -0.0000015640861192830682 -0.9999999999969607
vn 0.000001905853650890668 -0.0000015640861192830682 -0.9999999999969607
vn 0 0 -1
vn 0 0 -1
vn 0 0 -1
vn 0 0 -1
vn 0 0 -1
vn 0 0 -1
vn 0 0 -1
vn 0 0 -1
vn 0 0 -1
vn 0 0 -1
vn 0 0 -1
vn 0 0 -1
vn 0 0 -1
vn 0 0 -1
vn 0 0 -1
vn -0.0000011331626410529892 3.515384037197946e-7 -0.9999999999992963
vn -0.0000011331626410529892 3.515384037197946e-7 -0.9999999999992963
vn -0.0000011331626410529892 3.515384037197946e-7 -0.9999999999992963
vn 0.0000018946898307997077 0.000001708473860156925 -0.9999999999967457
vn 0.0000018946898307997077 0.000001708473860156925 -0.9999999999967457
vn 0.0000018946898307997077 0.000001708473860156925 -0.9999999999967457
vn 1.9185378619108993e-7 -6.324583523563417e-7 -0.9999999999997817
vn 1.9185378619108993e-7 -6.324583523563417e-7 -0.9999999999997817
vn 1.9185378619108993e-7 -6.324583523563417e-7 -0.9999999999997817
vn -5.605977548835329e-7 0.0000010488030284242856 -0.999999999999293
vn -5.605977548835329e-7 0.0000010488030284242856 -0.999999999999293
vn -5.605977548835329e-7 0.0000010488030284242856 -0.999999999999293
vn 0 0 -1
vn 0 0 -1
vn 0 0 -1
vn 0 0 -1
vn 0 0 -1
vn 0 0 -1
vn 0 0 -1
vn 0 0 -1
vn 0 0 -1
vn 0 0 -1
vn 0 0 -1
vn 0 0 -1
vn 0.0000024019789179562537 -0.000004493754658993438 -0.9999999999870184
vn 0.0000024019789179562537 -0.000004493754658993438 -0.9999999999870184
vn 0.0000024019789179562537 -0.000004493754658993438 -0.9999999999870184
vn 0.000001832679686227174 -9.795919595468827e-7 -0.9999999999978408
vn 0.000001832679686227174 -9.795919595468827e-7 -0.9999999999978408
vn 0.000001832679686227174 -9.795919595468827e-7 -0.9999999999978408
vn 0.0000017942560361885011 -5.442910833143724e-7 -0.9999999999982423
vn 0.0000017942560361885011 -5.442910833143724e-7 -0.9999999999982423
vn 0.0000017942560361885011 -5.442910833143724e-7 -0.9999999999982423
vn 0 0 -1
vn 0 0 -1
vn 0 0 -1
vn 0.8598086732654042 0.40558352588599295 0.3102112971951076
vn 0.8598086732654042 0.40558352588599295 0.3102112971951076
vn 0.8598086732654042 0.40558352588599295 0.3102112971951076
vn 0.8379648327692203 0.4549371600077633 0.3014085590790737
vn 0.8379648327692203 0.4549371600077633 0.3014085590790737
vn 0.8379648327692203 0.4549371600077633 0.3014085590790737
vn 0.8292324538894673 0.48000448918424843 0.2863026855958937
vn 0.8292324538894673 0.48000448918424843 0.2863026855958937
vn 0.8292324538894673 0.48000448918424843 0.2863026855958937
vn 0.8250948628082759 0.4888926054408247 0.2832004373454858
vn 0.8250948628082759 0.4888926054408247 0.2832004373454858
vn 0.8250948628082759 0.4888926054408247 0.2832004373454858
vn 0.8167581107411487 0.46211526619546 0.3454788984694268
vn 0.8167581107411487 0.46211526619546 0.3454788984694268
vn 0.8167581107411487 0.46211526619546 0.3454788984694268
vn 0.8405170971687387 0.45610415582617275 0.29240384471674025
vn 0.8405170971687387 0.45610415582617275 0.29240384471674025
vn 0.8405170971687387 0.45610415582617275 0.29240384471674025
vn 0.8450665033581625 0.45655558354368164 0.2782437852623083
vn 0.8450665033581625 0.45655558354368164 0.2782437852623083
vn 0.8450665033581625 0.45655558354368164 0.2782437852623083
vn 0.8250500054039728 0.4577013006225422 0.33136386041832894
vn 0.8250500054039728 0.4577013006225422 0.33136386041832894
vn 0.8250500054039728 0.4577013006225422 0.33136386041832894
vn 0.8433832468947629 0.45390397002090505 0.28753414554885254
vn 0.8433832468947629 0.45390397002090505 0.28753414554885254
vn 0.8433832468947629 0.45390397002090505 0.28753414554885254
vn 0.8284757716520298 0.45484584477560674 0.3267157071154345
vn 0.8284757716520298 0.45484584477560674 0.3267157071154345
vn 0.8284757716520298 0.45484584477560674 0.3267157071154345
vn 0.8420730820203467 0.4469293351146231 0.3019388910868479
vn 0.8420730820203467 0.4469293351146231 0.3019388910868479
vn 0.8420730820203467 0.4469293351146231 0.3019388910868479
vn 0.8375828789572984 0.4448002538264444 0.3171870978989123
vn 0.8375828789572984 0.4448002538264444 0.3171870978989123
vn 0.8375828789572984 0.4448002538264444 0.3171870978989123
vn 0.8345849117414225 0.470434349097051 0.2866348692730807
vn 0.8345849117414225 0.470434349097051 0.2866348692730807
vn 0.8345849117414225 0.470434349097051 0.2866348692730807
vn 0.8421971328833355 0.44136170218027254 0.30968344678335963
vn 0.8421971328833355 0.44136170218027254 0.30968344678335963
vn 0.8421971328833355 0.44136170218027254 0.30968344678335963
vn 0.8220796026303945 0.4774418196864389 0.310216756081219
vn 0.8220796026303945 0.4774418196864389 0.310216756081219
vn 0.8220796026303945 0.4774418196864389 0.310216756081219
vn 0.821608372748785 0.4778649556452499 0.31081307243302464
vn 0.821608372748785 0.4778649556452499 0.31081307243302464
vn 0.821608372748785 0.4778649556452499 0.31081307243302464
vn 0.8612503359366006 0.43064784753550567 0.26979675732322705
vn 0.8612503359366006 0.43064784753550567 0.26979675732322705
vn 0.8612503359366006 0.43064784753550567 0.26979675732322705
vn 0.8598239974796581 0.42478072430380076 0.28330907083614415
vn 0.8598239974796581 0.42478072430380076 0.28330907083614415
vn 0.8598239974796581 0.42478072430380076 0.28330907083614415
vn 0.8641192118554598 0.4356076021288238 0.2520793618483576
vn 0.8641192118554598 0.4356076021288238 0.2520793618483576
vn 0.8641192118554598 0.4356076021288238 0.2520793618483576
vn 0.8639515209895874 0.4354629005026997 0.25290281071106085
vn 0.8639515209895874 0.4354629005026997 0.25290281071106085
vn 0.8639515209895874 0.4354629005026997 0.25290281071106085
vn 0.8293980332946194 0.49687284068926446 0.2553747884040207
vn 0.8293980332946194 0.49687284068926446 0.2553747884040207
vn 0.8293980332946194 0.49687284068926446 0.2553747884040207
vn 0.8342428794983326 0.4871252174205569 0.25835603449369166
vn 0.8342428794983326 0.4871252174205569 0.25835603449369166
vn 0.8342428794983326 0.4871252174205569 0.25835603449369166
vn 0.8211575285195578 0.4781996090179672 0.3114890805320711
vn 0.8211575285195578 0.4781996090179672 0.3114890805320711
vn 0.8211575285195578 0.4781996090179672 0.3114890805320711
vn 0.8206925385981397 0.47846588456425254 0.31230458593733174
vn 0.8206925385981397 0.47846588456425254 0.31230458593733174
vn 0.8206925385981397 0.47846588456425254 0.31230458593733174
vn -0.546017176087551 0.8360738252168943 -0.05334606081583387
vn -0.546017176087551 0.8360738252168943 -0.05334606081583387
vn -0.546017176087551 0.8360738252168943 -0.05334606081583387
vn -0.5460167516699631 0.8360736950056556 -0.053352445261408914
vn -0.5460167516699631 0.8360736950056556 -0.053352445261408914
vn -0.5460167516699631 0.8360736950056556 -0.053352445261408914
vn 0.8593506061472366 0.41700964411362484 0.2960058993172351
vn 0.8593506061472366 0.41700964411362484 0.2960058993172351
vn 0.8593506061472366 0.41700964411362484 0.2960058993172351
vn 0.3598344878472245 -0.5509871773725594 0.7529490498876701
vn 0.3598344878472245 -0.5509871773725594 0.7529490498876701
vn 0.3598344878472245 -0.5509871773725594 0.7529490498876701
vn 0.35983293952710665 -0.550984437703606 0.752951794632115
vn 0.35983293952710665 -0.550984437703606 0.752951794632115
vn 0.35983293952710665 -0.550984437703606 0.752951794632115
vn -0.35985014858496744 0.5510112798801106 -0.7529239271056934
vn -0.35985014858496744 0.5510112798801106 -0.7529239271056934
vn -0.35985014858496744 0.5510112798801106 -0.7529239271056934
vn -0.3598519873978522 0.551013769599668 -0.7529212262098739
vn -0.3598519873978522 0.551013769599668 -0.7529212262098739
vn -0.3598519873978522 0.551013769599668 -0.7529212262098739
vn -0.21946797733613937 0.33605455538593126 0.915915467021028
vn -0.21946797733613937 0.33605455538593126 0.915915467021028
vn -0.21946797733613937 0.33605455538593126 0.915915467021028
vn -0.21946915644057027 0.33605652526797253 0.9159144617245003
vn -0.21946915644057027 0.33605652526797253 0.9159144617245003
vn -0.21946915644057027 0.33605652526797253 0.9159144617245003
vn 0.5286735939713751 -0.809517688859408 0.25531420340653194
vn 0.5286735939713751 -0.809517688859408 0.25531420340653194
vn 0.5286735939713751 -0.809517688859408 0.25531420340653194
vn 0.5286744744073509 -0.8095196349364334 0.25530620980010477
vn 0.5286744744073509 -0.8095196349364334 0.25530620980010477
vn 0.5286744744073509 -0.8095196349364334 0.25530620980010477
vn 0.5460166266507138 -0.8360744013650346 0.05334265463092401
vn 0.5460166266507138 -0.8360744013650346 0.05334265463092401
vn 0.5460166266507138 -0.8360744013650346 0.05334265463092401
vn 0.5460166906909897 -0.8360733948780282 0.053357772292223486
vn 0.5460166906909897 -0.8360733948780282 0.053357772292223486
vn 0.5460166906909897 -0.8360733948780282 0.053357772292223486
vn 0.3941852139087478 -0.6035857776364846 -0.6930384016565567
vn 0.3941852139087478 -0.6035857776364846 -0.6930384016565567
vn 0.3941852139087478 -0.6035857776364846 -0.6930384016565567
vn 0.3941852139087478 -0.6035857776364846 -0.6930384016565567
vn 0.3941852139087478 -0.6035857776364846 -0.6930384016565567
vn 0.3941852139087478 -0.6035857776364846 -0.6930384016565567
vn -0.31194567439644516 0.47765859592922166 0.8212990697427287
vn -0.31194567439644516 0.47765859592922166 0.8212990697427287
vn -0.31194567439644516 0.47765859592922166 0.8212990697427287
vn -0.31194567439644516 0.47765859592922166 0.8212990697427287
vn -0.31194567439644516 0.47765859592922166 0.8212990697427287
vn -0.31194567439644516 0.47765859592922166 0.8212990697427287
vn -0.5286737013485493 0.8095176111371477 -0.2553142274947295
vn -0.5286737013485493 0.8095176111371477 -0.2553142274947295
vn -0.5286737013485493 0.8095176111371477 -0.2553142274947295
vn -0.5286747942149237 0.8095187742234711 -0.2553082766804417
vn -0.5286747942149237 0.8095187742234711 -0.2553082766804417
vn -0.5286747942149237 0.8095187742234711 -0.2553082766804417
vn -0.12060628039251377 0.18467527555859298 0.9753712973669258
vn -0.12060628039251377 0.18467527555859298 0.9753712973669258
vn -0.12060628039251377 0.18467527555859298 0.9753712973669258
vn -0.12060561009148935 0.1846741285538697 0.9753715974218896
vn -0.12060561009148935 0.1846741285538697 0.9753715974218896
vn -0.12060561009148935 0.1846741285538697 0.9753715974218896
vn 0.46209032408923906 -0.7075642510482298 -0.5346263770350835
vn 0.46209032408923906 -0.7075642510482298 -0.5346263770350835
vn 0.46209032408923906 -0.7075642510482298 -0.5346263770350835
vn 0.46209264086453633 -0.7075673385372443 -0.5346202883301
vn 0.46209264086453633 -0.7075673385372443 -0.5346202883301
vn 0.46209264086453633 -0.7075673385372443 -0.5346202883301
vn 0.12060628039251377 -0.18467527555859298 -0.9753712973669258
vn 0.12060628039251377 -0.18467527555859298 -0.9753712973669258
vn 0.12060628039251377 -0.18467527555859298 -0.9753712973669258
vn 0.12060628039251377 -0.18467527555859298 -0.9753712973669258
vn 0.12060628039251377 -0.18467527555859298 -0.9753712973669258
vn 0.12060628039251377 -0.18467527555859298 -0.9753712973669258
vn 0.08301839828128481 -0.12711976239837505 0.9884070576207915
vn 0.08301839828128481 -0.12711976239837505 0.9884070576207915
vn 0.08301839828128481 -0.12711976239837505 0.9884070576207915
vn 0.08301793083970202 -0.1271189607138928 0.9884071999869862
vn 0.08301793083970202 -0.1271189607138928 0.9884071999869862
vn 0.08301793083970202 -0.1271189607138928 0.9884071999869862
vn 0.018778508859113783 -0.02875411002211545 -0.9994101103960596
vn 0.018778508859113783 -0.02875411002211545 -0.9994101103960596
vn 0.018778508859113783 -0.02875411002211545 -0.9994101103960596
vn 0.018778508859113783 -0.02875411002211545 -0.9994101103960596
vn 0.018778508859113783 -0.02875411002211545 -0.9994101103960596
vn 0.018778508859113783 -0.02875411002211545 -0.9994101103960596
vn -0.5404055630764496 0.8274817338353857 0.15243296088710348
vn -0.5404055630764496 0.8274817338353857 0.15243296088710348
vn -0.5404055630764496 0.8274817338353857 0.15243296088710348
vn -0.5404055630764496 0.8274817338353857 0.15243296088710348
vn -0.5404055630764496 0.8274817338353857 0.15243296088710348
vn -0.5404055630764496 0.8274817338353857 0.15243296088710348
vn -0.2752373756030484 0.4214496820915386 -0.8640743906262282
vn -0.2752373756030484 0.4214496820915386 -0.8640743906262282
vn -0.2752373756030484 0.4214496820915386 -0.8640743906262282
vn -0.27523419592241427 0.4214453449905127 -0.8640775188493043
vn -0.27523419592241427 0.4214453449905127 -0.8640775188493043
vn -0.27523419592241427 0.4214453449905127 -0.8640775188493043
vn -0.4621005029139433 0.7075797274778345 0.5345970954551419
vn -0.4621005029139433 0.7075797274778345 0.5345970954551419
vn -0.4621005029139433 0.7075797274778345 0.5345970954551419
vn -0.46210007474359904 0.7075789358691792 0.5345985133127478
vn -0.46210007474359904 0.7075789358691792 0.5345985133127478
vn -0.46210007474359904 0.7075789358691792 0.5345985133127478
vn 0.21949991383527243 -0.3361033468570948 -0.915889910446538
vn 0.21949991383527243 -0.3361033468570948 -0.915889910446538
vn 0.21949991383527243 -0.3361033468570948 -0.915889910446538
vn 0.219497880035213 -0.3361005273641506 -0.9158914325211188
vn 0.219497880035213 -0.3361005273641506 -0.9158914325211188
vn 0.219497880035213 -0.3361005273641506 -0.9158914325211188
vn 0.5404067622689079 -0.8274832944271683 -0.1524202372980587
vn 0.5404067622689079 -0.8274832944271683 -0.1524202372980587
vn 0.5404067622689079 -0.8274832944271683 -0.1524202372980587
vn 0.5404050368721806 -0.8274816899066967 -0.1524350648385552
vn 0.5404050368721806 -0.8274816899066967 -0.1524350648385552
vn 0.5404050368721806 -0.8274816899066967 -0.1524350648385552
vn 0.6968858936034013 0.6632660124545785 0.2728154101571089
vn 0.6968858936034013 0.6632660124545785 0.2728154101571089
vn 0.6968858936034013 0.6632660124545785 0.2728154101571089
vn 0.5118691325368724 -0.7837868929186517 -0.35166475178055007
vn 0.5118691325368724 -0.7837868929186517 -0.35166475178055007
vn 0.5118691325368724 -0.7837868929186517 -0.35166475178055007
vn 0.5118691325368724 -0.7837868929186517 -0.35166475178055007
vn 0.5118691325368724 -0.7837868929186517 -0.35166475178055007
vn 0.5118691325368724 -0.7837868929186517 -0.35166475178055007
vn 0.799191131422913 0.5236557814716815 0.29509008452716057
vn 0.799191131422913 0.5236557814716815 0.29509008452716057
vn 0.799191131422913 0.5236557814716815 0.29509008452716057
vn 0.9007934903296804 0.30912876044580123 0.3049762240649497
vn 0.9007934903296804 0.30912876044580123 0.3049762240649497
vn 0.9007934903296804 0.30912876044580123 0.3049762240649497
vn 0.8587073291501336 0.3448726616696919 0.3790574759804988
vn 0.8587073291501336 0.3448726616696919 0.3790574759804988
vn 0.8587073291501336 0.3448726616696919 0.3790574759804988
vn 0.9011050627642229 0.29667461461397765 0.3162180243191936
vn 0.9011050627642229 0.29667461461397765 0.3162180243191936
vn 0.9011050627642229 0.29667461461397765 0.3162180243191936
vn 0.8382665056913041 -0.17430666376039133 -0.5166492547220143
vn 0.8382665056913041 -0.17430666376039133 -0.5166492547220143
vn 0.8382665056913041 -0.17430666376039133 -0.5166492547220143
vn 0.9851923345371111 0.17125032425733824 -0.008330090700184837
vn 0.9851923345371111 0.17125032425733824 -0.008330090700184837
vn 0.9851923345371111 0.17125032425733824 -0.008330090700184837
vn 0.8445706762236829 0.46837006883066346 0.2594799635552436
vn 0.8445706762236829 0.46837006883066346 0.2594799635552436
vn 0.8445706762236829 0.46837006883066346 0.2594799635552436
vn 0.48994191737838527 -0.7502112870856278 0.4440044395328919
vn 0.48994191737838527 -0.7502112870856278 0.4440044395328919
vn 0.48994191737838527 -0.7502112870856278 0.4440044395328919
vn 0.48994031161592133 -0.7502083123090634 0.44401123769121065
vn 0.48994031161592133 -0.7502083123090634 0.44401123769121065
vn 0.48994031161592133 -0.7502083123090634 0.44401123769121065
vn -0.01877849584531033 0.02875407280705267 0.9994101117113006
vn -0.01877849584531033 0.02875407280705267 0.9994101117113006
vn -0.01877849584531033 0.02875407280705267 0.9994101117113006
vn -0.01877854793170224 0.028754163973043787 0.9994101081096729
vn -0.01877854793170224 0.028754163973043787 0.9994101081096729
vn -0.01877854793170224 0.028754163973043787 0.9994101081096729
vn 0.18197209861579988 -0.278639878645758 0.9429983952020485
vn 0.18197209861579988 -0.278639878645758 0.9429983952020485
vn 0.18197209861579988 -0.278639878645758 0.9429983952020485
vn 0.1819730876402566 -0.27864155607076113 0.9429977086955919
vn 0.1819730876402566 -0.27864155607076113 0.9429977086955919
vn 0.1819730876402566 -0.27864155607076113 0.9429977086955919
vn 0.31194299307334084 -0.4776546037745484 -0.821302409935235
vn 0.31194299307334084 -0.4776546037745484 -0.821302409935235
vn 0.31194299307334084 -0.4776546037745484 -0.821302409935235
vn 0.31194475065387794 -0.4776570464066398 -0.8213003217810004
vn 0.31194475065387794 -0.4776570464066398 -0.8213003217810004
vn 0.31194475065387794 -0.4776570464066398 -0.8213003217810004
vn -0.43254974420529624 0.6623303284395156 -0.6117346277734621
vn -0.43254974420529624 0.6623303284395156 -0.6117346277734621
vn -0.43254974420529624 0.6623303284395156 -0.6117346277734621
vn -0.4325455118969748 0.6623247250232717 -0.611743687144078
vn -0.4325455118969748 0.6623247250232717 -0.611743687144078
vn -0.4325455118969748 0.6623247250232717 -0.611743687144078
vn -0.39418635166340665 0.6035876930491686 0.6930360863345252
vn -0.39418635166340665 0.6035876930491686 0.6930360863345252
vn -0.39418635166340665 0.6035876930491686 0.6930360863345252
vn -0.39418473288975336 0.6035849367681321 0.693039407583179
vn -0.39418473288975336 0.6035849367681321 0.693039407583179
vn -0.39418473288975336 0.6035849367681321 0.693039407583179
vn -0.5118650077490982 0.7837797218835687 0.35168673760341207
vn -0.5118650077490982 0.7837797218835687 0.35168673760341207
vn -0.5118650077490982 0.7837797218835687 0.35168673760341207
vn -0.5118662708212265 0.7837821830910401 0.3516794140472458
vn -0.5118662708212265 0.7837821830910401 0.3516794140472458
vn -0.5118662708212265 0.7837821830910401 0.3516794140472458
vn 0.2752367494452373 -0.42144911537419394 0.864074866493135
vn 0.2752367494452373 -0.42144911537419394 0.864074866493135
vn 0.2752367494452373 -0.42144911537419394 0.864074866493135
vn 0.2752367494452373 -0.42144911537419394 0.864074866493135
vn 0.2752367494452373 -0.42144911537419394 0.864074866493135
vn 0.2752367494452373 -0.42144911537419394 0.864074866493135
vn -0.1819428904011377 0.27859544041445444 -0.9430171606141405
vn -0.1819428904011377 0.27859544041445444 -0.9430171606141405
vn -0.1819428904011377 0.27859544041445444 -0.9430171606141405
vn -0.18194551800992428 0.2785990839606709 -0.9430155772267899
vn -0.18194551800992428 0.2785990839606709 -0.9430155772267899
vn -0.18194551800992428 0.2785990839606709 -0.9430155772267899
vn -0.48993997887412866 0.7502086028043989 -0.44401111402654114
vn -0.48993997887412866 0.7502086028043989 -0.44401111402654114
vn -0.48993997887412866 0.7502086028043989 -0.44401111402654114
vn -0.4899436021710499 0.7502131591188291 -0.44399941731561127
vn -0.4899436021710499 0.7502131591188291 -0.44399941731561127
vn -0.4899436021710499 0.7502131591188291 -0.44399941731561127
vn -0.08304870021297854 0.12716619506039045 -0.9883985391666652
vn -0.08304870021297854 0.12716619506039045 -0.9883985391666652
vn -0.08304870021297854 0.12716619506039045 -0.9883985391666652
vn -0.08304853505600254 0.12716595473665723 -0.9883985839634567
vn -0.08304853505600254 0.12716595473665723 -0.9883985839634567
vn -0.08304853505600254 0.12716595473665723 -0.9883985839634567
vn 0.43255715570686154 -0.6623415199080218 0.6117172697028599
vn 0.43255715570686154 -0.6623415199080218 0.6117172697028599
vn 0.43255715570686154 -0.6623415199080218 0.6117172697028599
vn 0.43256068296831507 -0.6623477350027696 0.6117080459554916
vn 0.43256068296831507 -0.6623477350027696 0.6117080459554916
vn 0.43256068296831507 -0.6623477350027696 0.6117080459554916
vn 0.9001563837697532 0.3027451651303075 0.31315148051507524
vn 0.9001563837697532 0.3027451651303075 0.31315148051507524
vn 0.9001563837697532 0.3027451651303075 0.31315148051507524
vn 0.8082615596893605 0.5872101684763219 -0.043559949110761775
vn 0.8082615596893605 0.5872101684763219 -0.043559949110761775
vn 0.8082615596893605 0.5872101684763219 -0.043559949110761775
vn 0.6009325428064951 0.723686402250563 -0.3393494809098078
vn 0.6009325428064951 0.723686402250563 -0.3393494809098078
vn 0.6009325428064951 0.723686402250563 -0.3393494809098078
vn 0.8400505145562509 0.46966004150442303 0.2715411173429202
vn 0.8400505145562509 0.46966004150442303 0.2715411173429202
vn 0.8400505145562509 0.46966004150442303 0.2715411173429202
vn 0.8390207126874996 0.47815050741506865 0.2596465596538354
vn 0.8390207126874996 0.47815050741506865 0.2596465596538354
vn 0.8390207126874996 0.47815050741506865 0.2596465596538354
vn 0.8227219593685146 0.4767824418393455 0.30952718899402576
vn 0.8227219593685146 0.4767824418393455 0.30952718899402576
vn 0.8227219593685146 0.4767824418393455 0.30952718899402576
vn 0.8585322597153182 0.41679466245893065 0.29867133838695586
vn 0.8585322597153182 0.41679466245893065 0.29867133838695586
vn 0.8585322597153182 0.41679466245893065 0.29867133838695586
vn 0.8424599342512888 0.4508437308235949 0.29495964055846013
vn 0.8424599342512888 0.4508437308235949 0.29495964055846013
vn 0.8424599342512888 0.4508437308235949 0.29495964055846013
vn 0.8271922627493039 0.4841728005113843 0.28518355438673193
vn 0.8271922627493039 0.4841728005113843 0.28518355438673193
vn 0.8271922627493039 0.4841728005113843 0.28518355438673193
vn 0.8323848204678345 0.45088052517528293 0.3222456557851353
vn 0.8323848204678345 0.45088052517528293 0.3222456557851353
vn 0.8323848204678345 0.45088052517528293 0.3222456557851353
vn 0.8315224755778848 0.47573561095668815 0.28678563610559793
vn 0.8315224755778848 0.47573561095668815 0.28678563610559793
vn 0.8315224755778848 0.47573561095668815 0.28678563610559793
vn 0.843638160802483 0.4553613848020098 0.284465574136836
vn 0.843638160802483 0.4553613848020098 0.284465574136836
vn 0.843638160802483 0.4553613848020098 0.284465574136836
vn 0.8214090544384711 0.4600260301340266 0.3371397586841756
vn 0.8214090544384711 0.4600260301340266 0.3371397586841756
vn 0.8214090544384711 0.4600260301340266 0.3371397586841756
vn 0.8235213242648798 0.5093609145420903 0.2497280264965544
vn 0.8235213242648798 0.5093609145420903 0.2497280264965544
vn 0.8235213242648798 0.5093609145420903 0.2497280264965544
vn 0.8521942867306102 0.45551185597126775 0.25743707334670685
vn 0.8521942867306102 0.45551185597126775 0.25743707334670685
vn 0.8521942867306102 0.45551185597126775 0.25743707334670685
vn -0.7931364155843111 -0.5179852828384858 -0.3203527322137347
vn -0.7931364155843111 -0.5179852828384858 -0.3203527322137347
vn -0.7931364155843111 -0.5179852828384858 -0.3203527322137347
vn -0.7767748319497191 -0.5351939854478465 -0.33194616790970205
vn -0.7767748319497191 -0.5351939854478465 -0.33194616790970205
vn -0.7767748319497191 -0.5351939854478465 -0.33194616790970205
vn -0.8024742082728373 -0.5078668642125306 -0.3132194012059497
vn -0.8024742082728373 -0.5078668642125306 -0.3132194012059497
vn -0.8024742082728373 -0.5078668642125306 -0.3132194012059497
vn -0.8095648285567005 -0.4999868867830002 -0.3076002298585024
vn -0.8095648285567005 -0.4999868867830002 -0.3076002298585024
vn -0.8095648285567005 -0.4999868867830002 -0.3076002298585024
vn -0.8130618862613581 -0.49610599465114485 -0.3046460424497921
vn -0.8130618862613581 -0.49610599465114485 -0.3046460424497921
vn -0.8130618862613581 -0.49610599465114485 -0.3046460424497921
vn -0.8153059466269685 -0.4936608662269624 -0.3026138836054086
vn -0.8153059466269685 -0.4936608662269624 -0.3026138836054086
vn -0.8153059466269685 -0.4936608662269624 -0.3026138836054086
vn -0.8170092904467249 -0.4918593290201864 -0.3009488657223203
vn -0.8170092904467249 -0.4918593290201864 -0.3009488657223203
vn -0.8170092904467249 -0.4918593290201864 -0.3009488657223203
vn -0.8185155893615231 -0.49032616051450045 -0.2993534470943447
vn -0.8185155893615231 -0.49032616051450045 -0.2993534470943447
vn -0.8185155893615231 -0.49032616051450045 -0.2993534470943447
vn -0.8199321051017381 -0.48894670721626654 -0.29772883724255333
vn -0.8199321051017381 -0.48894670721626654 -0.29772883724255333
vn -0.8199321051017381 -0.48894670721626654 -0.29772883724255333
vn -0.8214577041016734 -0.48752854464985457 -0.2958431316147163
vn -0.8214577041016734 -0.48752854464985457 -0.2958431316147163
vn -0.8214577041016734 -0.48752854464985457 -0.2958431316147163
vn -0.8233381671736204 -0.4858556485379236 -0.29335737805444273
vn -0.8233381671736204 -0.4858556485379236 -0.29335737805444273
vn -0.8233381671736204 -0.4858556485379236 -0.29335737805444273
vn -0.8163797881211896 -0.4916864649119816 -0.3029330978443263
vn -0.8163797881211896 -0.4916864649119816 -0.3029330978443263
vn -0.8163797881211896 -0.4916864649119816 -0.3029330978443263
vn -0.8193623757716098 -0.48076645983309857 -0.3122641642415166
vn -0.8193623757716098 -0.48076645983309857 -0.3122641642415166
vn -0.8193623757716098 -0.48076645983309857 -0.3122641642415166
vn -0.8191739524644515 -0.48141933685723554 -0.3117522376883736
vn -0.8191739524644515 -0.48141933685723554 -0.3117522376883736
vn -0.8191739524644515 -0.48141933685723554 -0.3117522376883736
vn -0.8189864011496726 -0.4820108029078213 -0.3113307896949242
vn -0.8189864011496726 -0.4820108029078213 -0.3113307896949242
vn -0.8189864011496726 -0.4820108029078213 -0.3113307896949242
vn -0.8188131530888647 -0.4825106011856755 -0.31101212206618106
vn -0.8188131530888647 -0.4825106011856755 -0.31101212206618106
vn -0.8188131530888647 -0.4825106011856755 -0.31101212206618106
vn -0.8185941610276324 -0.4830943067663359 -0.31068229801747643
vn -0.8185941610276324 -0.4830943067663359 -0.31068229801747643
vn -0.8185941610276324 -0.4830943067663359 -0.31068229801747643
vn -0.81832678028722 -0.48376119670503404 -0.31034881218922916
vn -0.81832678028722 -0.48376119670503404 -0.31034881218922916
vn -0.81832678028722 -0.48376119670503404 -0.31034881218922916
vn -0.8179401974689865 -0.4846753608031487 -0.30994132992347606
vn -0.8179401974689865 -0.4846753608031487 -0.30994132992347606
vn -0.8179401974689865 -0.4846753608031487 -0.30994132992347606
vn -0.8172827211020164 -0.4861676602547673 -0.3093379380394345
vn -0.8172827211020164 -0.4861676602547673 -0.3093379380394345
vn -0.8172827211020164 -0.4861676602547673 -0.3093379380394345
vn -0.8069907954875799 -0.5077459173330336 -0.30159565552235534
vn -0.8069907954875799 -0.5077459173330336 -0.30159565552235534
vn -0.8069907954875799 -0.5077459173330336 -0.30159565552235534
vn -0.8133880000938946 -0.49810559175774893 -0.30048424378479033
vn -0.8133880000938946 -0.49810559175774893 -0.30048424378479033
vn -0.8133880000938946 -0.49810559175774893 -0.30048424378479033
vn -0.882430431407495 -0.4004343437274962 -0.2469187520005557
vn -0.882430431407495 -0.4004343437274962 -0.2469187520005557
vn -0.882430431407495 -0.4004343437274962 -0.2469187520005557
vn -0.8164931503966164 -0.4934100489500413 -0.29980903747306564
vn -0.8164931503966164 -0.4934100489500413 -0.29980903747306564
vn -0.8164931503966164 -0.4934100489500413 -0.29980903747306564
vn -0.8395057988901723 -0.4624126891360872 -0.2853147710086279
vn -0.8395057988901723 -0.4624126891360872 -0.2853147710086279
vn -0.8395057988901723 -0.4624126891360872 -0.2853147710086279
vn -0.8184686209494371 -0.4904540125045112 -0.2992724145980569
vn -0.8184686209494371 -0.4904540125045112 -0.2992724145980569
vn -0.8184686209494371 -0.4904540125045112 -0.2992724145980569
vn -0.8314632267319014 -0.4728948823121826 -0.2916150422655212
vn -0.8314632267319014 -0.4728948823121826 -0.2916150422655212
vn -0.8314632267319014 -0.4728948823121826 -0.2916150422655212
vn -0.8199858245410433 -0.48822541092644967 -0.2987627749192404
vn -0.8199858245410433 -0.48822541092644967 -0.2987627749192404
vn -0.8199858245410433 -0.48822541092644967 -0.2987627749192404
vn -0.8277649315843975 -0.47767466493856797 -0.2943333696931159
vn -0.8277649315843975 -0.47767466493856797 -0.2943333696931159
vn -0.8277649315843975 -0.47767466493856797 -0.2943333696931159
vn -0.8213104747359414 -0.48632509355273434 -0.29822308339554593
vn -0.8213104747359414 -0.48632509355273434 -0.29822308339554593
vn -0.8213104747359414 -0.48632509355273434 -0.29822308339554593
vn -0.8255405876068955 -0.48057623847751063 -0.29585337115616683
vn -0.8255405876068955 -0.48057623847751063 -0.29585337115616683
vn -0.8255405876068955 -0.48057623847751063 -0.29585337115616683
vn -0.8225342195019582 -0.48461518632675177 -0.2976332960705041
vn -0.8225342195019582 -0.48461518632675177 -0.2976332960705041
vn -0.8225342195019582 -0.48461518632675177 -0.2976332960705041
vn -0.823912668010381 -0.48273938183052384 -0.29686799208048564
vn -0.823912668010381 -0.48273938183052384 -0.29686799208048564
vn -0.823912668010381 -0.48273938183052384 -0.29686799208048564
vn -0.815786548577532 -0.489456062389923 -0.30809912390285954
vn -0.815786548577532 -0.489456062389923 -0.30809912390285954
vn -0.815786548577532 -0.489456062389923 -0.30809912390285954
vn -0.8072923531399837 -0.5072926947762801 -0.30155128649755025
vn -0.8072923531399837 -0.5072926947762801 -0.30155128649755025
vn -0.8072923531399837 -0.5072926947762801 -0.30155128649755025
vn 0.9691675070895737 0.10376617061389748 -0.2234880870156361
vn 0.9691675070895737 0.10376617061389748 -0.2234880870156361
vn 0.9691675070895737 0.10376617061389748 -0.2234880870156361
vn 0.9796653340691897 0.10663391596127922 -0.16995599780492032
vn 0.9796653340691897 0.10663391596127922 -0.16995599780492032
vn 0.9796653340691897 0.10663391596127922 -0.16995599780492032
vn 0.9065232045755948 0.09660219899846641 -0.41095461393523103
vn 0.9065232045755948 0.09660219899846641 -0.41095461393523103
vn 0.9065232045755948 0.09660219899846641 -0.41095461393523103
vn 0.9261443805218977 0.10032329914433477 -0.3635819330996889
vn 0.9261443805218977 0.10032329914433477 -0.3635819330996889
vn 0.9261443805218977 0.10032329914433477 -0.3635819330996889
vn 0.8089455299081996 0.08589666265575982 -0.581574494786476
vn 0.8089455299081996 0.08589666265575982 -0.581574494786476
vn 0.8089455299081996 0.08589666265575982 -0.581574494786476
vn 0.8353577340805921 0.0902019971803882 -0.5422555263124643
vn 0.8353577340805921 0.0902019971803882 -0.5422555263124643
vn 0.8353577340805921 0.0902019971803882 -0.5422555263124643
vn 0.6807689101306149 0.07212349804877044 -0.7289388808595573
vn 0.6807689101306149 0.07212349804877044 -0.7289388808595573
vn 0.6807689101306149 0.07212349804877044 -0.7289388808595573
vn 0.7116637315751047 0.07677192333545743 -0.6983128274261988
vn 0.7116637315751047 0.07677192333545743 -0.6983128274261988
vn 0.7116637315751047 0.07677192333545743 -0.6983128274261988
vn 0.5272749630084197 0.0558183711326489 -0.8478593178284752
vn 0.5272749630084197 0.0558183711326489 -0.8478593178284752
vn 0.5272749630084197 0.0558183711326489 -0.8478593178284752
vn 0.5609081956987503 0.06065070600380378 -0.8256533702827189
vn 0.5609081956987503 0.06065070600380378 -0.8256533702827189
vn 0.5609081956987503 0.06065070600380378 -0.8256533702827189
vn 0.35451336710452297 0.037568530886971575 -0.9342959263698031
vn 0.35451336710452297 0.037568530886971575 -0.9342959263698031
vn 0.35451336710452297 0.037568530886971575 -0.9342959263698031
vn 0.3898491526084566 0.04251417851664604 -0.9198968327130621
vn 0.3898491526084566 0.04251417851664604 -0.9198968327130621
vn 0.3898491526084566 0.04251417851664604 -0.9198968327130621
vn 0.16899583783984376 0.017990182606400812 -0.9854525661454221
vn 0.16899583783984376 0.017990182606400812 -0.9854525661454221
vn 0.16899583783984376 0.017990182606400812 -0.9854525661454221
vn 0.20564082003489736 0.02305480435985679 -0.9783559317197927
vn 0.20564082003489736 0.02305480435985679 -0.9783559317197927
vn 0.20564082003489736 0.02305480435985679 -0.9783559317197927
vn -0.02283981939700992 -0.0023132971795922367 -0.9997364609266138
vn -0.02283981939700992 -0.0023132971795922367 -0.9997364609266138
vn -0.02283981939700992 -0.0023132971795922367 -0.9997364609266138
vn 0.015061309292824341 0.0029151117841148474 -0.9998823226188529
vn 0.015061309292824341 0.0029151117841148474 -0.9998823226188529
vn 0.015061309292824341 0.0029151117841148474 -0.9998823226188529
vn -0.10225943363390394 -0.0071743306845408975 -0.9947318921257637
vn -0.10225943363390394 -0.0071743306845408975 -0.9947318921257637
vn -0.10225943363390394 -0.0071743306845408975 -0.9947318921257637
vn -0.17490048709931583 -0.017244987193122164 -0.9844350816733074
vn -0.17490048709931583 -0.017244987193122164 -0.9844350816733074
vn -0.17490048709931583 -0.017244987193122164 -0.9844350816733074
vn -0.4212138372297358 -0.03958429412616342 -0.9060971178547779
vn -0.4212138372297358 -0.03958429412616342 -0.9060971178547779
vn -0.4212138372297358 -0.03958429412616342 -0.9060971178547779
vn -0.3589069032924485 -0.03103920517233757 -0.9328571179507045
vn -0.3589069032924485 -0.03103920517233757 -0.9328571179507045
vn -0.3589069032924485 -0.03103920517233757 -0.9328571179507045
vn -0.5841480520508395 -0.05794392552895266 -0.809576157491996
vn -0.5841480520508395 -0.05794392552895266 -0.809576157491996
vn -0.5841480520508395 -0.05794392552895266 -0.809576157491996
vn -0.529386931478639 -0.049995079056750984 -0.8469061157234254
vn -0.529386931478639 -0.049995079056750984 -0.8469061157234254
vn -0.529386931478639 -0.049995079056750984 -0.8469061157234254
vn -0.7201005716564823 -0.07351665841876166 -0.6899641060482395
vn -0.7201005716564823 -0.07351665841876166 -0.6899641060482395
vn -0.7201005716564823 -0.07351665841876166 -0.6899641060482395
vn -0.6809538510151947 -0.06743828115471688 -0.7292145987447546
vn -0.6809538510151947 -0.06743828115471688 -0.7292145987447546
vn -0.6809538510151947 -0.06743828115471688 -0.7292145987447546
vn -0.8288412076547426 -0.08570402842474964 -0.5528807032309931
vn -0.8288412076547426 -0.08570402842474964 -0.5528807032309931
vn -0.8288412076547426 -0.08570402842474964 -0.5528807032309931
vn -0.8080664593324601 -0.08217296464823869 -0.5833319819646624
vn -0.8080664593324601 -0.08217296464823869 -0.5833319819646624
vn -0.8080664593324601 -0.08217296464823869 -0.5833319819646624
vn -0.9108461630595228 -0.09416028746579261 -0.4018620503407907
vn -0.9108461630595228 -0.09416028746579261 -0.4018620503407907
vn -0.9108461630595228 -0.09416028746579261 -0.4018620503407907
vn -0.9055927334886005 -0.0931278311900441 -0.41379826982538653
vn -0.9055927334886005 -0.0931278311900441 -0.41379826982538653
vn -0.9055927334886005 -0.0931278311900441 -0.41379826982538653
vn -0.9659414143414392 -0.09867647884130591 -0.2392073088004241
vn -0.9659414143414392 -0.09867647884130591 -0.2392073088004241
vn -0.9659414143414392 -0.09867647884130591 -0.2392073088004241
vn -0.9689298757557457 -0.09947218632380372 -0.226451275147475
vn -0.9689298757557457 -0.09947218632380372 -0.226451275147475
vn -0.9689298757557457 -0.09947218632380372 -0.226451275147475
vn -0.9928389973801499 -0.09915040619284118 -0.06663274144873005
vn -0.9928389973801499 -0.09915040619284118 -0.06663274144873005
vn -0.9928389973801499 -0.09915040619284118 -0.06663274144873005
vn -0.9945069177424234 -0.10073986129335771 -0.028416032605902086
vn -0.9945069177424234 -0.10073986129335771 -0.028416032605902086
vn -0.9945069177424234 -0.10073986129335771 -0.028416032605902086
vn -0.9888897324505614 -0.09558408500842 0.11384542040398599
vn -0.9888897324505614 -0.09558408500842 0.11384542040398599
vn -0.9888897324505614 -0.09558408500842 0.11384542040398599
vn -0.980304190050342 -0.09692289018972708 0.17207454293710264
vn -0.980304190050342 -0.09692289018972708 0.17207454293710264
vn -0.980304190050342 -0.09692289018972708 0.17207454293710264
vn -0.9502862758514063 -0.08812282296222702 0.29864755482279215
vn -0.9502862758514063 -0.08812282296222702 0.29864755482279215
vn -0.9502862758514063 -0.08812282296222702 0.29864755482279215
vn -0.9263817195916279 -0.08851461976039286 0.36603561533699375
vn -0.9263817195916279 -0.08851461976039286 0.36603561533699375
vn -0.9263817195916279 -0.08851461976039286 0.36603561533699375
vn -0.8729525597127906 -0.07713129188159944 0.4816685502537633
vn -0.8729525597127906 -0.07713129188159944 0.4816685502537633
vn -0.8729525597127906 -0.07713129188159944 0.4816685502537633
vn -0.8351379280368624 -0.07645607217518989 0.5447009364613198
vn -0.8351379280368624 -0.07645607217518989 0.5447009364613198
vn -0.8351379280368624 -0.07645607217518989 0.5447009364613198
vn -0.7542701450180441 -0.06328623069482087 0.6535070017520095
vn -0.7542701450180441 -0.06328623069482087 0.6535070017520095
vn -0.7542701450180441 -0.06328623069482087 0.6535070017520095
vn -0.7111191644794038 -0.061988472025178376 0.700333465747638
vn -0.7111191644794038 -0.061988472025178376 0.700333465747638
vn -0.7111191644794038 -0.061988472025178376 0.700333465747638
vn -0.5954520535146258 -0.04762449726832937 0.8019780291411692
vn -0.5954520535146258 -0.04762449726832937 0.8019780291411692
vn -0.5954520535146258 -0.04762449726832937 0.8019780291411692
vn -0.5603305765336704 -0.04643483143685836 0.8269664149352591
vn -0.5603305765336704 -0.04643483143685836 0.8269664149352591
vn -0.5603305765336704 -0.04643483143685836 0.8269664149352591
vn -0.23574518663480087 -0.02557490153670758 0.9714783226556888
vn -0.23574518663480087 -0.02557490153670758 0.9714783226556888
vn -0.23574518663480087 -0.02557490153670758 0.9714783226556888
vn -0.389549671679777 -0.03099323243003187 0.920483825407984
vn -0.389549671679777 -0.03099323243003187 0.920483825407984
vn -0.389549671679777 -0.03099323243003187 0.920483825407984
vn -0.16899134043833686 -0.01903921904831157 0.9854336278993551
vn -0.16899134043833686 -0.01903921904831157 0.9854336278993551
vn -0.16899134043833686 -0.01903921904831157 0.9854336278993551
vn -0.20564339866304493 -0.02189457582709968 0.9783820420140915
vn -0.20564339866304493 -0.02189457582709968 0.9783820420140915
vn -0.20564339866304493 -0.02189457582709968 0.9783820420140915
vn 0.022840304472388318 0.0026993099803585036 0.999735482123766
vn 0.022840304472388318 0.0026993099803585036 0.999735482123766
vn 0.022840304472388318 0.0026993099803585036 0.999735482123766
vn -0.01522445295498009 -0.00028052151704788914 0.9998840619491343
vn -0.01522445295498009 -0.00028052151704788914 0.9998840619491343
vn -0.01522445295498009 -0.00028052151704788914 0.9998840619491343
vn 0.21407098688171097 0.024215835648077406 0.9765178983917067
vn 0.21407098688171097 0.024215835648077406 0.9765178983917067
vn 0.21407098688171097 0.024215835648077406 0.9765178983917067
vn 0.17463465000215045 0.021167201879227906 0.9844057540380545
vn 0.17463465000215045 0.021167201879227906 0.9844057540380545
vn 0.17463465000215045 0.021167201879227906 0.9844057540380545
vn 0.3977253209143138 0.0446588926440645 0.9164170188355365
vn 0.3977253209143138 0.0446588926440645 0.9164170188355365
vn 0.3977253209143138 0.0446588926440645 0.9164170188355365
vn 0.35759987272457905 0.0416545332928865 0.9329454597582414
vn 0.35759987272457905 0.0416545332928865 0.9329454597582414
vn 0.35759987272457905 0.0416545332928865 0.9329454597582414
vn 0.5671688316967869 0.06324926762340305 0.821169316582643
vn 0.5671688316967869 0.06324926762340305 0.821169316582643
vn 0.5671688316967869 0.06324926762340305 0.821169316582643
vn 0.5277359389907214 0.06046658644676452 0.8472535456526916
vn 0.5277359389907214 0.06046658644676452 0.8472535456526916
vn 0.5277359389907214 0.06046658644676452 0.8472535456526916
vn 0.7156442325081045 0.07924254896506251 0.6939552946057878
vn 0.7156442325081045 0.07924254896506251 0.6939552946057878
vn 0.7156442325081045 0.07924254896506251 0.6939552946057878
vn 0.6792227096976095 0.07693459169659647 0.7298887444203499
vn 0.6792227096976095 0.07693459169659647 0.7298887444203499
vn 0.6792227096976095 0.07693459169659647 0.7298887444203499
vn 0.8371481994792527 0.09202327688465405 0.5391795699208712
vn 0.8371481994792527 0.09202327688465405 0.5391795699208712
vn 0.8371481994792527 0.09202327688465405 0.5391795699208712
vn 0.8064910427622253 0.09046830522068026 0.5842839067566351
vn 0.8064910427622253 0.09046830522068026 0.5842839067566351
vn 0.8064910427622253 0.09046830522068026 0.5842839067566351
vn 0.9263989160450536 0.10109894538391269 0.3627175920641435
vn 0.9263989160450536 0.10109894538391269 0.3627175920641435
vn 0.9263989160450536 0.10109894538391269 0.3627175920641435
vn 0.9042583574638763 0.10054832553078259 0.4149781406166933
vn 0.9042583574638763 0.10054832553078259 0.4149781406166933
vn 0.9042583574638763 0.10054832553078259 0.4149781406166933
vn 0.9794573877782156 0.10614676130260622 0.1714528815495431
vn 0.9794573877782156 0.10614676130260622 0.1714528815495431
vn 0.9794573877782156 0.10614676130260622 0.1714528815495431
vn 0.9678248286972999 0.10675817860339745 0.22785476132468044
vn 0.9678248286972999 0.10675817860339745 0.22785476132468044
vn 0.9678248286972999 0.10675817860339745 0.22785476132468044
vn 0.9938993668416632 0.10701987378230225 -0.026660742813378466
vn 0.9938993668416632 0.10701987378230225 -0.026660742813378466
vn 0.9938993668416632 0.10701987378230225 -0.026660742813378466
vn 0.9936045142266565 0.10881750739385175 0.030146631536522295
vn 0.9936045142266565 0.10881750739385175 0.030146631536522295
vn 0.9936045142266565 0.10881750739385175 0.030146631536522295
vn 0.00007486947066723678 0.9999997319902805 0.0007282952213284478
vn 0.00007486947066723678 0.9999997319902805 0.0007282952213284478
vn 0.00007486947066723678 0.9999997319902805 0.0007282952213284478
vn 0.00036973624538763324 0.9999996153481197 0.0007953607495139894
vn 0.00036973624538763324 0.9999996153481197 0.0007953607495139894
vn 0.00036973624538763324 0.9999996153481197 0.0007953607495139894
vn 0.0005061293985215974 0.9999996259007801 0.0007014494506587975
vn 0.0005061293985215974 0.9999996259007801 0.0007014494506587975
vn 0.0005061293985215974 0.9999996259007801 0.0007014494506587975
vn 0.0006121582867884913 0.9999997292595787 0.00040834177002520045
vn 0.0006121582867884913 0.9999997292595787 0.00040834177002520045
vn 0.0006121582867884913 0.9999997292595787 0.00040834177002520045
vn -0.00048703825058951216 0.9999995747280573 0.0007831586345467337
vn -0.00048703825058951216 0.9999995747280573 0.0007831586345467337
vn -0.00048703825058951216 0.9999995747280573 0.0007831586345467337
vn 0.0007624080009304584 0.999999680662209 -0.00023960283795964506
vn 0.0007624080009304584 0.999999680662209 -0.00023960283795964506
vn 0.0007624080009304584 0.999999680662209 -0.00023960283795964506
vn 0.0008798715063680247 0.999999607782676 -0.00010129474938918219
vn 0.0008798715063680247 0.999999607782676 -0.00010129474938918219
vn 0.0008798715063680247 0.999999607782676 -0.00010129474938918219
vn 0.000016544421273120137 0.9999997376473402 0.0007241764514608006
vn 0.000016544421273120137 0.9999997376473402 0.0007241764514608006
vn 0.000016544421273120137 0.9999997376473402 0.0007241764514608006
vn -0.00034409306862993833 0.9999996265018946 -0.0007928404831230336
vn -0.00034409306862993833 0.9999996265018946 -0.0007928404831230336
vn -0.00034409306862993833 0.9999996265018946 -0.0007928404831230336
vn -0.00047817518704583407 0.9999995426981234 0.0008282222131944
vn -0.00047817518704583407 0.9999995426981234 0.0008282222131944
vn -0.00047817518704583407 0.9999995426981234 0.0008282222131944
vn 0.000540785552789285 0.9999995885278115 -0.000728351010014235
vn 0.000540785552789285 0.9999995885278115 -0.000728351010014235
vn 0.000540785552789285 0.9999995885278115 -0.000728351010014235
vn 0.0006058617586762442 0.9999996786928311 -0.0005249245319295545
vn 0.0006058617586762442 0.9999996786928311 -0.0005249245319295545
vn 0.0006058617586762442 0.9999996786928311 -0.0005249245319295545
vn 0.0005079433425729227 0.9999994839888916 -0.0008797815132886482
vn 0.0005079433425729227 0.9999994839888916 -0.0008797815132886482
vn 0.0005079433425729227 0.9999994839888916 -0.0008797815132886482
vn -0.00016425190614714633 0.9999997058149346 -0.0007492605392707949
vn -0.00016425190614714633 0.9999997058149346 -0.0007492605392707949
vn -0.00016425190614714633 0.9999997058149346 -0.0007492605392707949
vn -0.0001259291483035954 0.9999997224571976 0.0007343210313918321
vn -0.0001259291483035954 0.9999997224571976 0.0007343210313918321
vn -0.0001259291483035954 0.9999997224571976 0.0007343210313918321
vn -0.00029160240078792695 0.9999996621890996 0.0007684983581792098
vn -0.00029160240078792695 0.9999996621890996 0.0007684983581792098
vn -0.00029160240078792695 0.9999996621890996 0.0007684983581792098
vn 0.0006762694099985216 0.9999997017112848 -0.00037314477948809777
vn 0.0006762694099985216 0.9999997017112848 -0.00037314477948809777
vn 0.0006762694099985216 0.9999997017112848 -0.00037314477948809777
vn -0.0008317735055334397 0.9999996434765297 -0.0001456009924157144
vn -0.0008317735055334397 0.9999996434765297 -0.0001456009924157144
vn -0.0008317735055334397 0.9999996434765297 -0.0001456009924157144
vn 0.07091678494905901 0.985377762965582 0.1549240906555017
vn 0.07091678494905901 0.985377762965582 0.1549240906555017
vn 0.07091678494905901 0.985377762965582 0.1549240906555017
vn -0.000016747023017160447 0.9999997311944 -0.0007330284202440728
vn -0.000016747023017160447 0.9999997311944 -0.0007330284202440728
vn -0.000016747023017160447 0.9999997311944 -0.0007330284202440728
vn -0.0007153440404305538 0.9999997049183815 -0.0002800822266234522
vn -0.0007153440404305538 0.9999997049183815 -0.0002800822266234522
vn -0.0007153440404305538 0.9999997049183815 -0.0002800822266234522
vn 0.0009093101852589723 0.9999995847152697 0.00006102683994931409
vn 0.0009093101852589723 0.9999995847152697 0.00006102683994931409
vn 0.0009093101852589723 0.9999995847152697 0.00006102683994931409
vn 0.00048011600333591016 0.9999995389788654 0.0008315832369236501
vn 0.00048011600333591016 0.9999995389788654 0.0008315832369236501
vn 0.00048011600333591016 0.9999995389788654 0.0008315832369236501
vn -0.0006866857387838768 0.9999997157788435 0.0003112955643919828
vn -0.0006866857387838768 0.9999997157788435 0.0003112955643919828
vn -0.0006866857387838768 0.9999997157788435 0.0003112955643919828
vn -0.0006325420203386947 0.9999997169580921 -0.0004073994702691738
vn -0.0006325420203386947 0.9999997169580921 -0.0004073994702691738
vn -0.0006325420203386947 0.9999997169580921 -0.0004073994702691738
vn 0.00018130731813748577 0.99999970445006 -0.0007471462031678978
vn 0.00018130731813748577 0.99999970445006 -0.0007471462031678978
vn 0.00018130731813748577 0.99999970445006 -0.0007471462031678978
vn 0.000771338281071895 0.999999684275119 0.0001910154935851372
vn 0.000771338281071895 0.999999684275119 0.0001910154935851372
vn 0.000771338281071895 0.999999684275119 0.0001910154935851372
vn -0.0007928775950649555 0.9999996689580031 0.0001828360012446572
vn -0.0007928775950649555 0.9999996689580031 0.0001828360012446572
vn -0.0007928775950649555 0.9999996689580031 0.0001828360012446572
vn 0.08297411894498607 0.9854316470388287 0.1484579556630238
vn 0.08297411894498607 0.9854316470388287 0.1484579556630238
vn 0.08297411894498607 0.9854316470388287 0.1484579556630238
vn -0.0004865299868716759 0.999999526578352 -0.000842693090057442
vn -0.0004865299868716759 0.999999526578352 -0.000842693090057442
vn -0.0004865299868716759 0.999999526578352 -0.000842693090057442
vn 0.0006799448313774019 0.9999997238407167 0.0002999891941832532
vn 0.0006799448313774019 0.9999997238407167 0.0002999891941832532
vn 0.0006799448313774019 0.9999997238407167 0.0002999891941832532
vn -0.0009573433373721392 0.9999995414170271 0.00002568015089802298
vn -0.0009573433373721392 0.9999995414170271 0.00002568015089802298
vn -0.0009573433373721392 0.9999995414170271 0.00002568015089802298
vn -0.000608956800745039 0.999999718752752 0.0004377967926078151
vn -0.000608956800745039 0.999999718752752 0.0004377967926078151
vn -0.000608956800745039 0.999999718752752 0.0004377967926078151
vn 0.0005567219345535609 0.9999997027602623 0.0005334229794784902
vn 0.0005567219345535609 0.9999997027602623 0.0005334229794784902
vn 0.0005567219345535609 0.9999997027602623 0.0005334229794784902
vn -0.000545540812860452 0.9999996805813959 0.0005841423865225406
vn -0.000545540812860452 0.9999996805813959 0.0005841423865225406
vn -0.000545540812860452 0.9999996805813959 0.0005841423865225406
vn 0.0009864781654356609 0.9999995134302962 0
vn 0.0009864781654356609 0.9999995134302962 0
vn 0.0009864781654356609 0.9999995134302962 0
vn -0.03663196406847208 -0.990234134456199 -0.13451564283111705
vn -0.03663196406847208 -0.990234134456199 -0.13451564283111705
vn -0.03663196406847208 -0.990234134456199 -0.13451564283111705
vn -0.00932631174379269 -0.9905760867441687 -0.1366456595719984
vn -0.00932631174379269 -0.9905760867441687 -0.1366456595719984
vn -0.00932631174379269 -0.9905760867441687 -0.1366456595719984
vn 0.010154365813697105 -0.9905187733218025 -0.13700163704129004
vn 0.010154365813697105 -0.9905187733218025 -0.13700163704129004
vn 0.010154365813697105 -0.9905187733218025 -0.13700163704129004
vn 0.02613602777720577 -0.9903402973100044 -0.1361726976157887
vn 0.02613602777720577 -0.9903402973100044 -0.1361726976157887
vn 0.02613602777720577 -0.9903402973100044 -0.1361726976157887
vn 0.041186298486615265 -0.9900927974197432 -0.13423837496974952
vn 0.041186298486615265 -0.9900927974197432 -0.13423837496974952
vn 0.041186298486615265 -0.9900927974197432 -0.13423837496974952
vn 0.05717147249965913 -0.9897403308430822 -0.13094082722683278
vn 0.05717147249965913 -0.9897403308430822 -0.13094082722683278
vn 0.05717147249965913 -0.9897403308430822 -0.13094082722683278
vn 0.07648495691556163 -0.9891353387706653 -0.12554414745684483
vn 0.07648495691556163 -0.9891353387706653 -0.12554414745684483
vn 0.07648495691556163 -0.9891353387706653 -0.12554414745684483
vn 0.1038636363686432 -0.9877867907855064 -0.1161447415510173
vn 0.1038636363686432 -0.9877867907855064 -0.1161447415510173
vn 0.1038636363686432 -0.9877867907855064 -0.1161447415510173
vn 0.1605488075543449 -0.9741972767617806 -0.1586308492784694
vn 0.1605488075543449 -0.9741972767617806 -0.1586308492784694
vn 0.1605488075543449 -0.9741972767617806 -0.1586308492784694
vn 0.1390597075022778 -0.9720586536908773 -0.1891147047007718
vn 0.1390597075022778 -0.9720586536908773 -0.1891147047007718
vn 0.1390597075022778 -0.9720586536908773 -0.1891147047007718
vn -0.017992312340799163 -0.9797235268587321 -0.19954470079688555
vn -0.017992312340799163 -0.9797235268587321 -0.19954470079688555
vn -0.017992312340799163 -0.9797235268587321 -0.19954470079688555
vn 0.1258174788432602 -0.9698795168076012 -0.20857536981767405
vn 0.1258174788432602 -0.9698795168076012 -0.20857536981767405
vn 0.1258174788432602 -0.9698795168076012 -0.20857536981767405
vn -0.006085560948117806 -0.9774470048802558 -0.21109315147243324
vn -0.006085560948117806 -0.9774470048802558 -0.21109315147243324
vn -0.006085560948117806 -0.9774470048802558 -0.21109315147243324
vn 0.11625858739857388 -0.9677717971693951 -0.22338686053482976
vn 0.11625858739857388 -0.9677717971693951 -0.22338686053482976
vn 0.11625858739857388 -0.9677717971693951 -0.22338686053482976
vn 0.0016368345445150648 -0.9757540000655309 -0.21886400373014653
vn 0.0016368345445150648 -0.9757540000655309 -0.21886400373014653
vn 0.0016368345445150648 -0.9757540000655309 -0.21886400373014653
vn 0.10859224929037786 -0.9656473979788003 -0.2360780086556757
vn 0.10859224929037786 -0.9656473979788003 -0.2360780086556757
vn 0.10859224929037786 -0.9656473979788003 -0.2360780086556757
vn 0.007418952716987933 -0.9743392846452339 -0.22496203576958754
vn 0.007418952716987933 -0.9743392846452339 -0.22496203576958754
vn 0.007418952716987933 -0.9743392846452339 -0.22496203576958754
vn 0.10177421009422004 -0.963335889174928 -0.24824579510486833
vn 0.10177421009422004 -0.963335889174928 -0.24824579510486833
vn 0.10177421009422004 -0.963335889174928 -0.24824579510486833
vn 0.012253888003327365 -0.9730318229921326 -0.23034520544914583
vn 0.012253888003327365 -0.9730318229921326 -0.23034520544914583
vn 0.012253888003327365 -0.9730318229921326 -0.23034520544914583
vn 0.09512269333028418 -0.9606145454839348 -0.2610964730100474
vn 0.09512269333028418 -0.9606145454839348 -0.2610964730100474
vn 0.09512269333028418 -0.9606145454839348 -0.2610964730100474
vn -0.08393158786979919 -0.9881443408779755 -0.12855446374391488
vn -0.08393158786979919 -0.9881443408779755 -0.12855446374391488
vn -0.08393158786979919 -0.9881443408779755 -0.12855446374391488
vn 0.15227335298593248 -0.9835700138966201 -0.09696831304000297
vn 0.15227335298593248 -0.9835700138966201 -0.09696831304000297
vn 0.15227335298593248 -0.9835700138966201 -0.09696831304000297
vn 0.22632731040945575 -0.9718577665830885 -0.06533322351570241
vn 0.22632731040945575 -0.9718577665830885 -0.06533322351570241
vn 0.22632731040945575 -0.9718577665830885 -0.06533322351570241
vn 0.2803266591751509 -0.9590663133475927 -0.04010948463338721
vn 0.2803266591751509 -0.9590663133475927 -0.04010948463338721
vn 0.2803266591751509 -0.9590663133475927 -0.04010948463338721
vn -0.20249759133802395 -0.9732190001845052 -0.10880948112260531
vn -0.20249759133802395 -0.9732190001845052 -0.10880948112260531
vn -0.20249759133802395 -0.9732190001845052 -0.10880948112260531
vn -0.09165878357627537 -0.9874055131038849 -0.12895355786239895
vn -0.09165878357627537 -0.9874055131038849 -0.12895355786239895
vn -0.09165878357627537 -0.9874055131038849 -0.12895355786239895
vn 0.025707171717707207 -0.9906295340579757 -0.13413525850556235
vn 0.025707171717707207 -0.9906295340579757 -0.13413525850556235
vn 0.025707171717707207 -0.9906295340579757 -0.13413525850556235
vn 0.04119311348697211 -0.989901262807407 -0.1356415028431593
vn 0.04119311348697211 -0.989901262807407 -0.1356415028431593
vn 0.04119311348697211 -0.989901262807407 -0.1356415028431593
vn 0.007769405486989899 -0.9912897489802768 -0.131469653931994
vn 0.007769405486989899 -0.9912897489802768 -0.131469653931994
vn 0.007769405486989899 -0.9912897489802768 -0.131469653931994
vn 0.05616567011354802 -0.9890753206903087 -0.13629170004831204
vn 0.05616567011354802 -0.9890753206903087 -0.13629170004831204
vn 0.05616567011354802 -0.9890753206903087 -0.13629170004831204
vn -0.01608322952380116 -0.9917945979376491 -0.1268258854878671
vn -0.01608322952380116 -0.9917945979376491 -0.1268258854878671
vn -0.01608322952380116 -0.9917945979376491 -0.1268258854878671
vn 0.14124392290715002 -0.9767101030693554 -0.16151634221975317
vn 0.14124392290715002 -0.9767101030693554 -0.16151634221975317
vn 0.14124392290715002 -0.9767101030693554 -0.16151634221975317
vn 0.07221289904964494 -0.988054717490455 -0.1361365948439393
vn 0.07221289904964494 -0.988054717490455 -0.1361365948439393
vn 0.07221289904964494 -0.988054717490455 -0.1361365948439393
vn 0.09170829392708003 -0.9865941880831763 -0.1349870248041718
vn 0.09170829392708003 -0.9865941880831763 -0.1349870248041718
vn 0.09170829392708003 -0.9865941880831763 -0.1349870248041718
vn -0.052126281292586486 -0.9868239822714556 -0.1531707505123358
vn -0.052126281292586486 -0.9868239822714556 -0.1531707505123358
vn -0.052126281292586486 -0.9868239822714556 -0.1531707505123358
vn 0.11870440674701623 -0.9840860825233851 -0.1322264950855763
vn 0.11870440674701623 -0.9840860825233851 -0.1322264950855763
vn 0.11870440674701623 -0.9840860825233851 -0.1322264950855763
vn 0.16359385755250078 -0.30199172921543466 0.9391688055171783
vn 0.16359385755250078 -0.30199172921543466 0.9391688055171783
vn 0.16359385755250078 -0.30199172921543466 0.9391688055171783
vn 0.1635933971713817 -0.3019925069461036 0.939168635629584
vn 0.1635933971713817 -0.3019925069461036 0.939168635629584
vn 0.1635933971713817 -0.3019925069461036 0.939168635629584
vn -0.2920237520876924 0.5390741897619656 0.7900133835253085
vn -0.2920237520876924 0.5390741897619656 0.7900133835253085
vn -0.2920237520876924 0.5390741897619656 0.7900133835253085
vn -0.2920242859779337 0.5390736486099871 0.7900135554364838
vn -0.2920242859779337 0.5390736486099871 0.7900135554364838
vn -0.2920242859779337 0.5390736486099871 0.7900135554364838
vn -0.46990844070521376 0.8674459954345322 -0.1634732466142028
vn -0.46990844070521376 0.8674459954345322 -0.1634732466142028
vn -0.46990844070521376 0.8674459954345322 -0.1634732466142028
vn -0.4699074141226388 0.8674465027281884 -0.16347350567358104
vn -0.4699074141226388 0.8674465027281884 -0.16347350567358104
vn -0.4699074141226388 0.8674465027281884 -0.16347350567358104
vn 0.2920241093093278 -0.5390734737563075 -0.790013740054185
vn 0.2920241093093278 -0.5390734737563075 -0.790013740054185
vn 0.2920241093093278 -0.5390734737563075 -0.790013740054185
vn 0.2920241093093278 -0.5390734737563075 -0.790013740054185
vn 0.2920241093093278 -0.5390734737563075 -0.790013740054185
vn 0.2920241093093278 -0.5390734737563075 -0.790013740054185
vn -0.16359329533118105 0.30199233268795045 -0.9391687094022966
vn -0.16359329533118105 0.30199233268795045 -0.9391687094022966
vn -0.16359329533118105 0.30199233268795045 -0.9391687094022966
vn -0.16359369899749276 0.3019922755476119 -0.9391686574614236
vn -0.16359369899749276 0.3019922755476119 -0.9391686574614236
vn -0.16359369899749276 0.3019922755476119 -0.9391686574614236
vn 0.46990835527311564 -0.8674459431674532 0.16347376953763304
vn 0.46990835527311564 -0.8674459431674532 0.16347376953763304
vn 0.46990835527311564 -0.8674459431674532 0.16347376953763304
vn 0.46990929457909403 -0.8674452564026184 0.16347471368004857
vn 0.46990929457909403 -0.8674452564026184 0.16347471368004857
vn 0.46990929457909403 -0.8674452564026184 0.16347471368004857
vn 0.08372134517207346 -0.3545992290510709 0.9312626499108426
vn 0.08372134517207346 -0.3545992290510709 0.9312626499108426
vn 0.08372134517207346 -0.3545992290510709 0.9312626499108426
vn 0.08372105796764247 -0.35459951153795866 0.931262568167442
vn 0.08372105796764247 -0.35459951153795866 0.931262568167442
vn 0.08372105796764247 -0.35459951153795866 0.931262568167442
vn -0.46730721426733435 0.46226641960998677 0.7536137769405938
vn -0.46730721426733435 0.46226641960998677 0.7536137769405938
vn -0.46730721426733435 0.46226641960998677 0.7536137769405938
vn -0.4673081328791923 0.46226569915085736 0.7536136492484277
vn -0.4673081328791923 0.46226569915085736 0.7536136492484277
vn -0.4673081328791923 0.46226569915085736 0.7536136492484277
vn -0.547342523691472 0.814959920748785 -0.1904113687051917
vn -0.547342523691472 0.814959920748785 -0.1904113687051917
vn -0.547342523691472 0.814959920748785 -0.1904113687051917
vn -0.5473430839825221 0.8149595390263392 -0.19041139190310696
vn -0.5473430839825221 0.8149595390263392 -0.19041139190310696
vn -0.5473430839825221 0.8149595390263392 -0.19041139190310696
vn 0.4673079920628647 -0.4622655284437766 -0.7536138412786549
vn 0.4673079920628647 -0.4622655284437766 -0.7536138412786549
vn 0.4673079920628647 -0.4622655284437766 -0.7536138412786549
vn 0.4673079920628647 -0.4622655284437766 -0.7536138412786549
vn 0.4673079920628647 -0.4622655284437766 -0.7536138412786549
vn 0.4673079920628647 -0.4622655284437766 -0.7536138412786549
vn -0.08372148321306228 0.3545993947103484 -0.9312625744223051
vn -0.08372148321306228 0.3545993947103484 -0.9312625744223051
vn -0.08372148321306228 0.3545993947103484 -0.9312625744223051
vn -0.0837210718796034 0.3545995371505353 -0.9312625571641739
vn -0.0837210718796034 0.3545995371505353 -0.9312625571641739
vn -0.0837210718796034 0.3545995371505353 -0.9312625571641739
vn 0.5473424155335838 -0.8149598775990078 0.19041186428810603
vn 0.5473424155335838 -0.8149598775990078 0.19041186428810603
vn 0.5473424155335838 -0.8149598775990078 0.19041186428810603
vn 0.5473443916812061 -0.8149582223587365 0.19041326819583362
vn 0.5473443916812061 -0.8149582223587365 0.19041326819583362
vn 0.5473443916812061 -0.8149582223587365 0.19041326819583362
vn 0.8387429688299789 0.459752170811811 0.2917844644118331
vn 0.8387429688299789 0.459752170811811 0.2917844644118331
vn 0.8387429688299789 0.459752170811811 0.2917844644118331
vn 0.8387414836257143 0.45975455769001605 0.29178497276006754
vn 0.8387414836257143 0.45975455769001605 0.29178497276006754
vn 0.8387414836257143 0.45975455769001605 0.29178497276006754
vn 0.8387404288455036 0.45975456761337224 0.2917879890925976
vn 0.8387404288455036 0.45975456761337224 0.2917879890925976
vn 0.8387404288455036 0.45975456761337224 0.2917879890925976
vn 0.8330730013281227 0.46187134543029923 0.30440800700467624
vn 0.8330730013281227 0.46187134543029923 0.30440800700467624
vn 0.8330730013281227 0.46187134543029923 0.30440800700467624
vn 0.8375543838409514 0.4525912342685571 0.30604546847170977
vn 0.8375543838409514 0.4525912342685571 0.30604546847170977
vn 0.8375543838409514 0.4525912342685571 0.30604546847170977
vn 0.8360367974684916 0.4621300973959596 0.29576721650553023
vn 0.8360367974684916 0.4621300973959596 0.29576721650553023
vn 0.8360367974684916 0.4621300973959596 0.29576721650553023
vn 0.8387405254460258 0.45975577711561827 0.2917858056577433
vn 0.8387405254460258 0.45975577711561827 0.2917858056577433
vn 0.8387405254460258 0.45975577711561827 0.2917858056577433
vn 0.8387406078744799 0.45975564061487717 0.29178578379549575
vn 0.8387406078744799 0.45975564061487717 0.29178578379549575
vn 0.8387406078744799 0.45975564061487717 0.29178578379549575
vn 0.8387420515279536 0.4597531117514009 0.29178561862021873
vn 0.8387420515279536 0.4597531117514009 0.29178561862021873
vn 0.8387420515279536 0.4597531117514009 0.29178561862021873
vn 0.8387417740059498 0.4597546727098163 0.291783956822238
vn 0.8387417740059498 0.4597546727098163 0.291783956822238
vn 0.8387417740059498 0.4597546727098163 0.291783956822238
vn 0.8387413843875486 0.4597538831837184 0.2917863208122517
vn 0.8387413843875486 0.4597538831837184 0.2917863208122517
vn 0.8387413843875486 0.4597538831837184 0.2917863208122517
vn 0.8387417218328557 0.4597537827137325 0.29178550912831586
vn 0.8387417218328557 0.4597537827137325 0.29178550912831586
vn 0.8387417218328557 0.4597537827137325 0.29178550912831586
vn 0.9106738599845228 -0.2651506671829376 0.31680947655228486
vn 0.9106738599845228 -0.2651506671829376 0.31680947655228486
vn 0.9106738599845228 -0.2651506671829376 0.31680947655228486
vn 0.8977864053461042 -0.3207021152216195 0.30187700089291314
vn 0.8977864053461042 -0.3207021152216195 0.30187700089291314
vn 0.8977864053461042 -0.3207021152216195 0.30187700089291314
vn 0.5352865401184996 0.6008159454993787 0.5937074360336523
vn 0.5352865401184996 0.6008159454993787 0.5937074360336523
vn 0.5352865401184996 0.6008159454993787 0.5937074360336523
vn -0.3201727602922351 0.38436028767311403 0.8658848496345759
vn -0.3201727602922351 0.38436028767311403 0.8658848496345759
vn -0.3201727602922351 0.38436028767311403 0.8658848496345759
vn 0.21019392934510617 -0.25233316096020725 0.944535064434505
vn 0.21019392934510617 -0.25233316096020725 0.944535064434505
vn 0.21019392934510617 -0.25233316096020725 0.944535064434505
vn 0.586139666518609 0.21575955588791562 0.7809533311130079
vn 0.586139666518609 0.21575955588791562 0.7809533311130079
vn 0.586139666518609 0.21575955588791562 0.7809533311130079
vn 0.39908912577168687 0.9063398792456547 0.13883764971996235
vn 0.39908912577168687 0.9063398792456547 0.13883764971996235
vn 0.39908912577168687 0.9063398792456547 0.13883764971996235
vn 0.39908902987079065 0.9063399241024431 0.13883763255965167
vn 0.39908902987079065 0.9063399241024431 0.13883763255965167
vn 0.39908902987079065 0.9063399241024431 0.13883763255965167
vn -0.4992243714344203 -0.05570460185404974 -0.8646803017868452
vn -0.4992243714344203 -0.05570460185404974 -0.8646803017868452
vn -0.4992243714344203 -0.05570460185404974 -0.8646803017868452
vn -0.49922463618057067 -0.055704173057941765 -0.8646801765591181
vn -0.49922463618057067 -0.055704173057941765 -0.8646801765591181
vn -0.49922463618057067 -0.055704173057941765 -0.8646801765591181
vn 0.9938323312029712 0.11089318038395292 0
vn 0.9938323312029712 0.11089318038395292 0
vn 0.9938323312029712 0.11089318038395292 0
vn 0.9938323312029712 0.11089318038395292 0
vn 0.9938323312029712 0.11089318038395292 0
vn 0.9938323312029712 0.11089318038395292 0
vn 0.4992243584472863 0.05570414219421459 0.8646803388971569
vn 0.4992243584472863 0.05570414219421459 0.8646803388971569
vn 0.4992243584472863 0.05570414219421459 0.8646803388971569
vn 0.4992243584472863 0.05570414219421459 0.8646803388971569
vn 0.4992243584472863 0.05570414219421459 0.8646803388971569
vn 0.4992243584472863 0.05570414219421459 0.8646803388971569
vn -0.49922463618057067 -0.055704173057941765 0.8646801765591181
vn -0.49922463618057067 -0.055704173057941765 0.8646801765591181
vn -0.49922463618057067 -0.055704173057941765 0.8646801765591181
vn -0.49922463618057067 -0.055704173057941765 0.8646801765591181
vn -0.49922463618057067 -0.055704173057941765 0.8646801765591181
vn -0.49922463618057067 -0.055704173057941765 0.8646801765591181
vn -0.9938323312029712 -0.11089318038395292 0
vn -0.9938323312029712 -0.11089318038395292 0
vn -0.9938323312029712 -0.11089318038395292 0
vn -0.9938323312029712 -0.11089318038395292 0
vn -0.9938323312029712 -0.11089318038395292 0
vn -0.9938323312029712 -0.11089318038395292 0
vn 0.49922463618057067 0.055704173057941765 -0.8646801765591181
vn 0.49922463618057067 0.055704173057941765 -0.8646801765591181
vn 0.49922463618057067 0.055704173057941765 -0.8646801765591181
vn 0.4992243714344203 0.05570460185404974 -0.8646803017868452
vn 0.4992243714344203 0.05570460185404974 -0.8646803017868452
vn 0.4992243714344203 0.05570460185404974 -0.8646803017868452
vn -0.0000010068350775307006 0.9999999999979727 0.000001743890152280176
vn -0.0000010068350775307006 0.9999999999979727 0.000001743890152280176
vn -0.0000010068350775307006 0.9999999999979727 0.000001743890152280176
vn -0.0000010068398523778849 0.9999999999979727 0.0000017438933355116323
vn -0.0000010068398523778849 0.9999999999979727 0.0000017438933355116323
vn -0.0000010068398523778849 0.9999999999979727 0.0000017438933355116323
vn -0.0000018971642248254703 0.9999999999982003 0
vn -0.0000018971642248254703 0.9999999999982003 0
vn -0.0000018971642248254703 0.9999999999982003 0
vn -0.0000018971642248254703 0.9999999999982003 0
vn -0.0000018971642248254703 0.9999999999982003 0
vn -0.0000018971642248254703 0.9999999999982003 0
vn 0.0000010132740726446673 0.9999999999970874 -0.000002190583018084894
vn 0.0000010132740726446673 0.9999999999970874 -0.000002190583018084894
vn 0.0000010132740726446673 0.9999999999970874 -0.000002190583018084894
vn 0.0000015658688425824558 0.9999999999950961 -0.000002712157311166608
vn 0.0000015658688425824558 0.9999999999950961 -0.000002712157311166608
vn 0.0000015658688425824558 0.9999999999950961 -0.000002712157311166608
vn -0.000001070400685417712 0.9999999999967497 -0.0000023140842131322005
vn -0.000001070400685417712 0.9999999999967497 -0.0000023140842131322005
vn -0.000001070400685417712 0.9999999999967497 -0.0000023140842131322005
vn -0.0000010068359870254023 0.9999999999979727 -0.0000017438878785434216
vn -0.0000010068359870254023 0.9999999999979727 -0.0000017438878785434216
vn -0.0000010068359870254023 0.9999999999979727 -0.0000017438878785434216
vn 0.000002468410457360489 0.9999999999969535 0
vn 0.000002468410457360489 0.9999999999969535 0
vn 0.000002468410457360489 0.9999999999969535 0
vn 0.000002468410457360489 0.9999999999969535 0
vn 0.000002468410457360489 0.9999999999969535 0
vn 0.000002468410457360489 0.9999999999969535 0
vn 0.00000114780732473871 0.9999999999973652 0.0000019880612853687496
vn 0.00000114780732473871 0.9999999999973652 0.0000019880612853687496
vn 0.00000114780732473871 0.9999999999973652 0.0000019880612853687496
vn 0.0000011478067563045215 0.9999999999973652 0.000001988055828400539
vn 0.0000011478067563045215 0.9999999999973652 0.000001988055828400539
vn 0.0000011478067563045215 0.9999999999973652 0.000001988055828400539
vn 1 0 0
vn 1 0 0
vn 1 0 0
vn 1 0 0
vn 1 0 0
vn 1 0 0
vn 0.01285534741746247 -0.964658869263496 -0.2631881570170847
vn 0.01285534741746247 -0.964658869263496 -0.2631881570170847
vn 0.01285534741746247 -0.964658869263496 -0.2631881570170847
vn 0 0 1
vn 0 0 1
vn 0 0 1
vn 0 0 1
vn 0 0 1
vn 0 0 1
vn 0.04364354428111612 0.9844418520898275 0.17020423289839814
vn 0.04364354428111612 0.9844418520898275 0.17020423289839814
vn 0.04364354428111612 0.9844418520898275 0.17020423289839814
vn -0.7484339832007754 0.6632092978767874 0
vn -0.7484339832007754 0.6632092978767874 0
vn -0.7484339832007754 0.6632092978767874 0
vn 0.09589209489658335 -0.9953917350150867 0
vn 0.09589209489658335 -0.9953917350150867 0
vn 0.09589209489658335 -0.9953917350150867 0
vn 0.7794415753317562 0.45499469677315985 0.430639822302409
vn 0.7794415753317562 0.45499469677315985 0.430639822302409
vn 0.7794415753317562 0.45499469677315985 0.430639822302409
vn 0.9987839142994301 0 0.04930205408204244
vn 0.9987839142994301 0 0.04930205408204244
vn 0.9987839142994301 0 0.04930205408204244
vn 0.07680885336415813 0.9875197208294464 0.13749618546641826
vn 0.07680885336415813 0.9875197208294464 0.13749618546641826
vn 0.07680885336415813 0.9875197208294464 0.13749618546641826
vn 0.07133944218605025 0.989769025722536 0.12356358569111245
vn 0.07133944218605025 0.989769025722536 0.12356358569111245
vn 0.07133944218605025 0.989769025722536 0.12356358569111245
vn -0.06500109378071521 0.9935547255502655 0.09286476804497702
vn -0.06500109378071521 0.9935547255502655 0.09286476804497702
vn -0.06500109378071521 0.9935547255502655 0.09286476804497702
vn -0.17130370712578666 0.5647947282689081 0.8072558174733787
vn -0.17130370712578666 0.5647947282689081 0.8072558174733787
vn -0.17130370712578666 0.5647947282689081 0.8072558174733787
vn -0.4196783820827021 -0.026123348129068993 0.9072968788081291
vn -0.4196783820827021 -0.026123348129068993 0.9072968788081291
vn -0.4196783820827021 -0.026123348129068993 0.9072968788081291
vn 0.2901774668584578 0.01806242033710869 0.9568023759895112
vn 0.2901774668584578 0.01806242033710869 0.9568023759895112
vn 0.2901774668584578 0.01806242033710869 0.9568023759895112
vn 0.3397109230532882 0.5875622068736897 0.7344161911423266
vn 0.3397109230532882 0.5875622068736897 0.7344161911423266
vn 0.3397109230532882 0.5875622068736897 0.7344161911423266
vn 0.8092289366765865 0.5793972468066808 -0.0971975227982657
vn 0.8092289366765865 0.5793972468066808 -0.0971975227982657
vn 0.8092289366765865 0.5793972468066808 -0.0971975227982657
vn 0.917577764309184 0.3975563437367833 0
vn 0.917577764309184 0.3975563437367833 0
vn 0.917577764309184 0.3975563437367833 0
vn 0.13295191722720884 0.9766330267150802 0.16885413478784222
vn 0.13295191722720884 0.9766330267150802 0.16885413478784222
vn 0.13295191722720884 0.9766330267150802 0.16885413478784222
vn 0.08339256743928329 0.9904015005650673 0.11022952133774153
vn 0.08339256743928329 0.9904015005650673 0.11022952133774153
vn 0.08339256743928329 0.9904015005650673 0.11022952133774153
vn 0.4159580244525895 0.7886599441492356 -0.4527630885883075
vn 0.4159580244525895 0.7886599441492356 -0.4527630885883075
vn 0.4159580244525895 0.7886599441492356 -0.4527630885883075
vn -0.05806127294064204 0.9932348905189975 0.10056510746887902
vn -0.05806127294064204 0.9932348905189975 0.10056510746887902
vn -0.05806127294064204 0.9932348905189975 0.10056510746887902
vn 0.91757778460131 0.3975562969016373 9.60077438142647e-8
vn 0.91757778460131 0.3975562969016373 9.60077438142647e-8
vn 0.91757778460131 0.3975562969016373 9.60077438142647e-8
vn -6.791288456040688e-7 -4.090252900822258e-7 -0.9999999999996858
vn -6.791288456040688e-7 -4.090252900822258e-7 -0.9999999999996858
vn -6.791288456040688e-7 -4.090252900822258e-7 -0.9999999999996858
vn 0.8132802747156544 0.4929624439160873 0.3091330193407166
vn 0.8132802747156544 0.4929624439160873 0.3091330193407166
vn 0.8132802747156544 0.4929624439160873 0.3091330193407166
vn 0.2902841900583745 -0.9569404835213585 -2.4987270150778323e-7
vn 0.2902841900583745 -0.9569404835213585 -2.4987270150778323e-7
vn 0.2902841900583745 -0.9569404835213585 -2.4987270150778323e-7
vn 0.2902841900583745 -0.9569404835213585 -2.4987270150778323e-7
vn 0.2902841900583745 -0.9569404835213585 -2.4987270150778323e-7
vn 0.2902841900583745 -0.9569404835213585 -2.4987270150778323e-7
vn -0.7730099894404815 0.634393849454128 0
vn -0.7730099894404815 0.634393849454128 0
vn -0.7730099894404815 0.634393849454128 0
vn -0.7730099894404815 0.634393849454128 0
vn -0.7730099894404815 0.634393849454128 0
vn -0.7730099894404815 0.634393849454128 0
vn -0.956940382411248 0.29028452337424787 0
vn -0.956940382411248 0.29028452337424787 0
vn -0.956940382411248 0.29028452337424787 0
vn -0.956940382411248 0.29028452337424787 0
vn -0.956940382411248 0.29028452337424787 0
vn -0.956940382411248 0.29028452337424787 0
vn 0.7730095344673327 0.6343944038392816 0
vn 0.7730095344673327 0.6343944038392816 0
vn 0.7730095344673327 0.6343944038392816 0
vn 0.7730095344673327 0.6343944038392816 0
vn 0.7730095344673327 0.6343944038392816 0
vn 0.7730095344673327 0.6343944038392816 0
vn -0.7730090262757372 -0.6343950230701761 -1.6565085108653055e-7
vn -0.7730090262757372 -0.6343950230701761 -1.6565085108653055e-7
vn -0.7730090262757372 -0.6343950230701761 -1.6565085108653055e-7
vn -0.7730090262757372 -0.6343950230701761 -1.6565085108653055e-7
vn -0.7730090262757372 -0.6343950230701761 -1.6565085108653055e-7
vn -0.7730090262757372 -0.6343950230701761 -1.6565085108653055e-7
vn 0.47139527342779064 0.8819220465494243 -1.1514207641537459e-7
vn 0.47139527342779064 0.8819220465494243 -1.1514207641537459e-7
vn 0.47139527342779064 0.8819220465494243 -1.1514207641537459e-7
vn 0.47139242866851677 0.8819235670929452 2.3028455867976942e-7
vn 0.47139242866851677 0.8819235670929452 2.3028455867976942e-7
vn 0.47139242866851677 0.8819235670929452 2.3028455867976942e-7
vn -0.471389582304698 -0.8819250884823207 -2.3028494918591614e-7
vn -0.471389582304698 -0.8819250884823207 -2.3028494918591614e-7
vn -0.471389582304698 -0.8819250884823207 -2.3028494918591614e-7
vn -0.471389582304698 -0.8819250884823207 -2.3028494918591614e-7
vn -0.471389582304698 -0.8819250884823207 -2.3028494918591614e-7
vn -0.471389582304698 -0.8819250884823207 -2.3028494918591614e-7
vn -0.09801717880288188 0.9951847228828709 2.5985889438131455e-7
vn -0.09801717880288188 0.9951847228828709 2.5985889438131455e-7
vn -0.09801717880288188 0.9951847228828709 2.5985889438131455e-7
vn -0.09801717880288188 0.9951847228828709 2.5985889438131455e-7
vn -0.09801717880288188 0.9951847228828709 2.5985889438131455e-7
vn -0.09801717880288188 0.9951847228828709 2.5985889438131455e-7
vn -0.47139431025526723 0.8819225613731103 2.3028430485819532e-7
vn -0.47139431025526723 0.8819225613731103 2.3028430485819532e-7
vn -0.47139431025526723 0.8819225613731103 2.3028430485819532e-7
vn -0.4713924286685292 0.8819235670929685 0
vn -0.4713924286685292 0.8819235670929685 0
vn -0.4713924286685292 0.8819235670929685 0
vn 0.9951856949643646 -0.09800730859632283 0
vn 0.9951856949643646 -0.09800730859632283 0
vn 0.9951856949643646 -0.09800730859632283 0
vn 0.9951856949643646 -0.09800730859632283 0
vn 0.9951856949643646 -0.09800730859632283 0
vn 0.9951856949643646 -0.09800730859632283 0
vn -0.9951847228829042 0.09801717880288517 2.5593875548806825e-8
vn -0.9951847228829042 0.09801717880288517 2.5593875548806825e-8
vn -0.9951847228829042 0.09801717880288517 2.5593875548806825e-8
vn -0.9951842487976255 0.09802199214901702 -4.941223922423693e-7
vn -0.9951842487976255 0.09802199214901702 -4.941223922423693e-7
vn -0.9951842487976255 0.09802199214901702 -4.941223922423693e-7
vn 0.9569400758240707 0.2902855340553878 0
vn 0.9569400758240707 0.2902855340553878 0
vn 0.9569400758240707 0.2902855340553878 0
vn 0.9569400758240707 0.2902855340553878 0
vn 0.9569400758240707 0.2902855340553878 0
vn 0.9569400758240707 0.2902855340553878 0
vn -0.9569389372751479 -0.2902892873095817 -7.579925072155354e-8
vn -0.9569389372751479 -0.2902892873095817 -7.579925072155354e-8
vn -0.9569389372751479 -0.2902892873095817 -7.579925072155354e-8
vn -0.9569389372751479 -0.2902892873095817 -7.579925072155354e-8
vn -0.9569389372751479 -0.2902892873095817 -7.579925072155354e-8
vn -0.9569389372751479 -0.2902892873095817 -7.579925072155354e-8
vn 0.6343973830712027 0.7730070894580524 0
vn 0.6343973830712027 0.7730070894580524 0
vn 0.6343973830712027 0.7730070894580524 0
vn 0.6343973830712027 0.7730070894580524 0
vn 0.6343973830712027 0.7730070894580524 0
vn 0.6343973830712027 0.7730070894580524 0
vn 0.29028996467378265 0.9569387317951416 0
vn 0.29028996467378265 0.9569387317951416 0
vn 0.29028996467378265 0.9569387317951416 0
vn 0.29028996467378265 0.9569387317951416 0
vn 0.29028996467378265 0.9569387317951416 0
vn 0.29028996467378265 0.9569387317951416 0
vn 0.6343933891444988 -0.7730103672071652 0
vn 0.6343933891444988 -0.7730103672071652 0
vn 0.6343933891444988 -0.7730103672071652 0
vn 0.6343933891444988 -0.7730103672071652 0
vn 0.6343933891444988 -0.7730103672071652 0
vn 0.6343933891444988 -0.7730103672071652 0
vn -0.6343926694499179 0.7730109578448464 0
vn -0.6343926694499179 0.7730109578448464 0
vn -0.6343926694499179 0.7730109578448464 0
vn -0.6343926694499179 0.7730109578448464 0
vn -0.6343926694499179 0.7730109578448464 0
vn -0.6343926694499179 0.7730109578448464 0
vn 0.8819229762223659 -0.47139353412099766 0
vn 0.8819229762223659 -0.47139353412099766 0
vn 0.8819229762223659 -0.47139353412099766 0
vn 0.8819232530731508 -0.4713930161647154 6.154418449441406e-8
vn 0.8819232530731508 -0.4713930161647154 6.154418449441406e-8
vn 0.8819232530731508 -0.4713930161647154 6.154418449441406e-8
vn -0.8819169179041174 0.47140486836105344 0
vn -0.8819169179041174 0.47140486836105344 0
vn -0.8819169179041174 0.47140486836105344 0
vn -0.8819174707635042 0.47140383405535474 1.2309119685690236e-7
vn -0.8819174707635042 0.47140383405535474 1.2309119685690236e-7
vn -0.8819174707635042 0.47140383405535474 1.2309119685690236e-7
vn 0.9951852447548937 0.09801188000513929 2.5592494944856078e-8
vn 0.9951852447548937 0.09801188000513929 2.5592494944856078e-8
vn 0.9951852447548937 0.09801188000513929 2.5592494944856078e-8
vn 0.9951852447548937 0.09801188000513929 2.5592494944856078e-8
vn 0.9951852447548937 0.09801188000513929 2.5592494944856078e-8
vn 0.9951852447548937 0.09801188000513929 2.5592494944856078e-8
vn 0.8819250000444044 0.4713897477636339 1.2308751891068413e-7
vn 0.8819250000444044 0.4713897477636339 1.2308751891068413e-7
vn 0.8819250000444044 0.4713897477636339 1.2308751891068413e-7
vn 0.8819255661308315 0.4713886886687168 0
vn 0.8819255661308315 0.4713886886687168 0
vn 0.8819255661308315 0.4713886886687168 0
vn -0.0980171788028852 -0.9951847228829044 0
vn -0.0980171788028852 -0.9951847228829044 0
vn -0.0980171788028852 -0.9951847228829044 0
vn -0.0980171788028852 -0.9951847228829044 0
vn -0.0980171788028852 -0.9951847228829044 0
vn -0.0980171788028852 -0.9951847228829044 0
vn 0.2902830536554038 -0.9569408282440947 0
vn 0.2902830536554038 -0.9569408282440947 0
vn 0.2902830536554038 -0.9569408282440947 0
vn 0.2902841900583813 -0.9569404835213808 1.2493635075389453e-7
vn 0.2902841900583813 -0.9569404835213808 1.2493635075389453e-7
vn 0.2902841900583813 -0.9569404835213808 1.2493635075389453e-7
vn -0.2902841900583835 0.9569404835213883 0
vn -0.2902841900583835 0.9569404835213883 0
vn -0.2902841900583835 0.9569404835213883 0
vn -0.2902841900583835 0.9569404835213883 0
vn -0.2902841900583835 0.9569404835213883 0
vn -0.2902841900583835 0.9569404835213883 0
vn 0.7730119794651278 -0.6343914245979191 -1.656499073750174e-7
vn 0.7730119794651278 -0.6343914245979191 -1.656499073750174e-7
vn 0.7730119794651278 -0.6343914245979191 -1.656499073750174e-7
vn 0.7730119794651278 -0.6343914245979191 -1.656499073750174e-7
vn 0.7730119794651278 -0.6343914245979191 -1.656499073750174e-7
vn 0.7730119794651278 -0.6343914245979191 -1.656499073750174e-7
vn 0.9569389372751479 -0.2902892873095817 -7.579925072155354e-8
vn 0.9569389372751479 -0.2902892873095817 -7.579925072155354e-8
vn 0.9569389372751479 -0.2902892873095817 -7.579925072155354e-8
vn 0.9569389372751479 -0.2902892873095817 -7.579925072155354e-8
vn 0.9569389372751479 -0.2902892873095817 -7.579925072155354e-8
vn 0.9569389372751479 -0.2902892873095817 -7.579925072155354e-8
vn -0.7730105028725628 -0.6343932238357433 0
vn -0.7730105028725628 -0.6343932238357433 0
vn -0.7730105028725628 -0.6343932238357433 0
vn -0.7730099894404787 -0.6343938494541258 8.282526385429523e-8
vn -0.7730099894404787 -0.6343938494541258 8.282526385429523e-8
vn -0.7730099894404787 -0.6343938494541258 8.282526385429523e-8
vn -0.47139743796852607 -0.8819208895793699 -4.923580918241239e-7
vn -0.47139743796852607 -0.8819208895793699 -4.923580918241239e-7
vn -0.47139743796852607 -0.8819208895793699 -4.923580918241239e-7
vn -0.47139336866231796 -0.8819230646610804 0
vn -0.47139336866231796 -0.8819230646610804 0
vn -0.47139336866231796 -0.8819230646610804 0
vn 0.09801911478515828 -0.9951845322033166 0
vn 0.09801911478515828 -0.9951845322033166 0
vn 0.09801911478515828 -0.9951845322033166 0
vn 0.0980167007327196 -0.9951847699685747 -2.598589195341251e-7
vn 0.0980167007327196 -0.9951847699685747 -2.598589195341251e-7
vn 0.0980167007327196 -0.9951847699685747 -2.598589195341251e-7
vn 0.4713993427293921 -0.8819198714589916 -2.3028360651438656e-7
vn 0.4713993427293921 -0.8819198714589916 -2.3028360651438656e-7
vn 0.4713993427293921 -0.8819198714589916 -2.3028360651438656e-7
vn 0.4713993427293921 -0.8819198714589916 -2.3028360651438656e-7
vn 0.4713993427293921 -0.8819198714589916 -2.3028360651438656e-7
vn 0.4713993427293921 -0.8819198714589916 -2.3028360651438656e-7
vn -0.9951847583403639 0.09801681879673305 0
vn -0.9951847583403639 0.09801681879673305 0
vn -0.9951847583403639 0.09801681879673305 0
vn -0.9951847583403639 0.09801681879673305 0
vn -0.9951847583403639 0.09801681879673305 0
vn -0.9951847583403639 0.09801681879673305 0
vn -0.956940382411248 -0.29028452337424787 0
vn -0.956940382411248 -0.29028452337424787 0
vn -0.956940382411248 -0.29028452337424787 0
vn -0.9569402863235903 -0.29028484013279704 3.789904185003532e-8
vn -0.9569402863235903 -0.29028484013279704 3.789904185003532e-8
vn -0.9569402863235903 -0.29028484013279704 3.789904185003532e-8
vn 0.6343973830712027 0.7730070894580524 0
vn 0.6343973830712027 0.7730070894580524 0
vn 0.6343973830712027 0.7730070894580524 0
vn 0.6343981676080698 0.7730064455976502 -1.0092226515743646e-7
vn 0.6343981676080698 0.7730064455976502 -1.0092226515743646e-7
vn 0.6343981676080698 0.7730064455976502 -1.0092226515743646e-7
vn -0.634399412451081 -0.7730054239665352 -2.0184427233860507e-7
vn -0.634399412451081 -0.7730054239665352 -2.0184427233860507e-7
vn -0.634399412451081 -0.7730054239665352 -2.0184427233860507e-7
vn -0.634399412451081 -0.7730054239665352 -2.0184427233860507e-7
vn -0.634399412451081 -0.7730054239665352 -2.0184427233860507e-7
vn -0.634399412451081 -0.7730054239665352 -2.0184427233860507e-7
vn 0.29028639172383536 0.9569398156519008 2.4987252778711305e-7
vn 0.29028639172383536 0.9569398156519008 2.4987252778711305e-7
vn 0.29028639172383536 0.9569398156519008 2.4987252778711305e-7
vn 0.29028639172383536 0.9569398156519008 2.4987252778711305e-7
vn 0.29028639172383536 0.9569398156519008 2.4987252778711305e-7
vn 0.29028639172383536 0.9569398156519008 2.4987252778711305e-7
vn -0.29028639172383536 -0.9569398156519008 -2.4987252778711305e-7
vn -0.29028639172383536 -0.9569398156519008 -2.4987252778711305e-7
vn -0.29028639172383536 -0.9569398156519008 -2.4987252778711305e-7
vn -0.2902841900583835 -0.9569404835213883 0
vn -0.2902841900583835 -0.9569404835213883 0
vn -0.2902841900583835 -0.9569404835213883 0
vn -0.6343926694499179 0.7730109578448464 0
vn -0.6343926694499179 0.7730109578448464 0
vn -0.6343926694499179 0.7730109578448464 0
vn -0.6343926694499179 0.7730109578448464 0
vn -0.6343926694499179 0.7730109578448464 0
vn -0.6343926694499179 0.7730109578448464 0
vn -0.8819229762223659 0.47139353412099766 0
vn -0.8819229762223659 0.47139353412099766 0
vn -0.8819229762223659 0.47139353412099766 0
vn -0.8819229762223659 0.47139353412099766 0
vn -0.8819229762223659 0.47139353412099766 0
vn -0.8819229762223659 0.47139353412099766 0
vn 0.9951847924982928 0.09801647198369151 0
vn 0.9951847924982928 0.09801647198369151 0
vn 0.9951847924982928 0.09801647198369151 0
vn 0.9951847924982928 0.09801647198369151 0
vn 0.9951847924982928 0.09801647198369151 0
vn 0.9951847924982928 0.09801647198369151 0
vn -0.9951857658718166 -0.098006588583771 -5.45309418602892e-7
vn -0.9951857658718166 -0.098006588583771 -5.45309418602892e-7
vn -0.9951857658718166 -0.098006588583771 -5.45309418602892e-7
vn -0.9951852918380448 -0.09801140193479997 -2.5592370277873685e-8
vn -0.9951852918380448 -0.09801140193479997 -2.5592370277873685e-8
vn -0.9951852918380448 -0.09801140193479997 -2.5592370277873685e-8
vn 0.8819235299236213 0.47139249820829715 0
vn 0.8819235299236213 0.47139249820829715 0
vn 0.8819235299236213 0.47139249820829715 0
vn 0.8819235299236213 0.47139249820829715 0
vn 0.8819235299236213 0.47139249820829715 0
vn 0.8819235299236213 0.47139249820829715 0
vn -0.8819229762223593 -0.47139353412099405 -1.2308851405237513e-7
vn -0.8819229762223593 -0.47139353412099405 -1.2308851405237513e-7
vn -0.8819229762223593 -0.47139353412099405 -1.2308851405237513e-7
vn -0.8819229762223593 -0.47139353412099405 -1.2308851405237513e-7
vn -0.8819229762223593 -0.47139353412099405 -1.2308851405237513e-7
vn -0.8819229762223593 -0.47139353412099405 -1.2308851405237513e-7
vn 0.09801670073272291 0.9951847699686083 0
vn 0.09801670073272291 0.9951847699686083 0
vn 0.09801670073272291 0.9951847699686083 0
vn 0.09801670073272291 0.9951847699686083 0
vn 0.09801670073272291 0.9951847699686083 0
vn 0.09801670073272291 0.9951847699686083 0
vn -0.2902819445431072 0.9569411646868422 2.4987286313652134e-7
vn -0.2902819445431072 0.9569411646868422 2.4987286313652134e-7
vn -0.2902819445431072 0.9569411646868422 2.4987286313652134e-7
vn -0.2902819445431072 0.9569411646868422 2.4987286313652134e-7
vn -0.2902819445431072 0.9569411646868422 2.4987286313652134e-7
vn -0.2902819445431072 0.9569411646868422 2.4987286313652134e-7
vn 0.7730099894404815 -0.634393849454128 0
vn 0.7730099894404815 -0.634393849454128 0
vn 0.7730099894404815 -0.634393849454128 0
vn 0.7730099894404815 -0.634393849454128 0
vn 0.7730099894404815 -0.634393849454128 0
vn 0.7730099894404815 -0.634393849454128 0
vn -0.7730113888286169 0.6343921442934589 0
vn -0.7730113888286169 0.6343921442934589 0
vn -0.7730113888286169 0.6343921442934589 0
vn -0.7730113888286169 0.6343921442934589 0
vn -0.7730113888286169 0.6343921442934589 0
vn -0.7730113888286169 0.6343921442934589 0
vn 0.9569376810405149 -0.2902934284561065 3.790016519357047e-8
vn 0.9569376810405149 -0.2902934284561065 3.790016519357047e-8
vn 0.9569376810405149 -0.2902934284561065 3.790016519357047e-8
vn 0.9569375849500157 -0.290293745213416 0
vn 0.9569375849500157 -0.290293745213416 0
vn 0.9569375849500157 -0.290293745213416 0
vn -0.9569416353512996 0.29028039294994507 7.579692378243087e-8
vn -0.9569416353512996 0.29028039294994507 7.579692378243087e-8
vn -0.9569416353512996 0.29028039294994507 7.579692378243087e-8
vn -0.9569416353512996 0.29028039294994507 7.579692378243087e-8
vn -0.9569416353512996 0.29028039294994507 7.579692378243087e-8
vn -0.9569416353512996 0.29028039294994507 7.579692378243087e-8
vn 0.7730066344822754 0.6343979374543913 0
vn 0.7730066344822754 0.6343979374543913 0
vn 0.7730066344822754 0.6343979374543913 0
vn 0.7730066344822754 0.6343979374543913 0
vn 0.7730066344822754 0.6343979374543913 0
vn 0.7730066344822754 0.6343979374543913 0
vn 0.4713932743430266 0.8819231150753224 0
vn 0.4713932743430266 0.8819231150753224 0
vn 0.4713932743430266 0.8819231150753224 0
vn 0.4713932743430266 0.8819231150753224 0
vn 0.4713932743430266 0.8819231150753224 0
vn 0.4713932743430266 0.8819231150753224 0
vn 0.0980150156360755 -0.9951849359339499 0
vn 0.0980150156360755 -0.9951849359339499 0
vn 0.0980150156360755 -0.9951849359339499 0
vn 0.0980150156360755 -0.9951849359339499 0
vn 0.0980150156360755 -0.9951849359339499 0
vn 0.0980150156360755 -0.9951849359339499 0
vn -0.0980176568730369 0.9951846757969698 0
vn -0.0980176568730369 0.9951846757969698 0
vn -0.0980176568730369 0.9951846757969698 0
vn -0.0980176568730369 0.9951846757969698 0
vn -0.0980176568730369 0.9951846757969698 0
vn -0.0980176568730369 0.9951846757969698 0
vn 0.47139934272940137 -0.8819198714590091 1.1514180325719556e-7
vn 0.47139934272940137 -0.8819198714590091 1.1514180325719556e-7
vn 0.47139934272940137 -0.8819198714590091 1.1514180325719556e-7
vn 0.4713983547796208 -0.8819203995322178 0
vn 0.4713983547796208 -0.8819203995322178 0
vn 0.4713983547796208 -0.8819203995322178 0
vn -0.4713973204696924 0.8819209523840524 0
vn -0.4713973204696924 0.8819209523840524 0
vn -0.4713973204696924 0.8819209523840524 0
vn -0.4713973204696924 0.8819209523840524 0
vn -0.4713973204696924 0.8819209523840524 0
vn -0.4713973204696924 0.8819209523840524 0
vn 0.9951857187911313 -0.09800706665429064 -2.5591237212202363e-8
vn 0.9951857187911313 -0.09800706665429064 -2.5591237212202363e-8
vn 0.9951857187911313 -0.09800706665429064 -2.5591237212202363e-8
vn 0.9951857187911313 -0.09800706665429064 -2.5591237212202363e-8
vn 0.9951857187911313 -0.09800706665429064 -2.5591237212202363e-8
vn 0.9951857187911313 -0.09800706665429064 -2.5591237212202363e-8
vn 0.9569387317951388 0.2902899646737818 7.579943335043933e-8
vn 0.9569387317951388 0.2902899646737818 7.579943335043933e-8
vn 0.9569387317951388 0.2902899646737818 7.579943335043933e-8
vn 0.9569387317951388 0.2902899646737818 7.579943335043933e-8
vn 0.9569387317951388 0.2902899646737818 7.579943335043933e-8
vn 0.9569387317951388 0.2902899646737818 7.579943335043933e-8
vn -0.6343926694499147 -0.7730109578448425 1.0092285970169713e-7
vn -0.6343926694499147 -0.7730109578448425 1.0092285970169713e-7
vn -0.6343926694499147 -0.7730109578448425 1.0092285970169713e-7
vn -0.6343981676079339 -0.7730064455974845 -6.626066292674644e-7
vn -0.6343981676079339 -0.7730064455974845 -6.626066292674644e-7
vn -0.6343981676079339 -0.7730064455974845 -6.626066292674644e-7
vn -0.2902863917238444 -0.9569398156519305 0
vn -0.2902863917238444 -0.9569398156519305 0
vn -0.2902863917238444 -0.9569398156519305 0
vn -0.2902863917238444 -0.9569398156519305 0
vn -0.2902863917238444 -0.9569398156519305 0
vn -0.2902863917238444 -0.9569398156519305 0
vn 0.6343911944425006 -0.7730121683478061 -2.0184603684936585e-7
vn 0.6343911944425006 -0.7730121683478061 -2.0184603684936585e-7
vn 0.6343911944425006 -0.7730121683478061 -2.0184603684936585e-7
vn 0.6343911944425006 -0.7730121683478061 -2.0184603684936585e-7
vn 0.6343911944425006 -0.7730121683478061 -2.0184603684936585e-7
vn 0.6343911944425006 -0.7730121683478061 -2.0184603684936585e-7
vn 0.8819204119221042 -0.4713983315998594 -1.2308976442610402e-7
vn 0.8819204119221042 -0.4713983315998594 -1.2308976442610402e-7
vn 0.8819204119221042 -0.4713983315998594 -1.2308976442610402e-7
vn 0.8819204119221042 -0.4713983315998594 -1.2308976442610402e-7
vn 0.8819204119221042 -0.4713983315998594 -1.2308976442610402e-7
vn 0.8819204119221042 -0.4713983315998594 -1.2308976442610402e-7
vn -0.9951857420453155 -0.09800683052580891 0
vn -0.9951857420453155 -0.09800683052580891 0
vn -0.9951857420453155 -0.09800683052580891 0
vn -0.9951857420453155 -0.09800683052580891 0
vn -0.9951857420453155 -0.09800683052580891 0
vn -0.9951857420453155 -0.09800683052580891 0
vn -0.8819189161395238 -0.4714011299894007 6.154524419441758e-8
vn -0.8819189161395238 -0.4714011299894007 6.154524419441758e-8
vn -0.8819189161395238 -0.4714011299894007 6.154524419441758e-8
vn -0.8819192053848034 -0.4714005888556324 0
vn -0.8819192053848034 -0.4714005888556324 0
vn -0.8819192053848034 -0.4714005888556324 0
vn 0.09801717880288188 0.9951847228828709 2.5985889438131455e-7
vn 0.09801717880288188 0.9951847228828709 2.5985889438131455e-7
vn 0.09801717880288188 0.9951847228828709 2.5985889438131455e-7
vn 0.09801717880288188 0.9951847228828709 2.5985889438131455e-7
vn 0.09801717880288188 0.9951847228828709 2.5985889438131455e-7
vn 0.09801717880288188 0.9951847228828709 2.5985889438131455e-7
vn -0.09802151407903256 -0.9951842958857691 0
vn -0.09802151407903256 -0.9951842958857691 0
vn -0.09802151407903256 -0.9951842958857691 0
vn -0.09802151407903256 -0.9951842958857691 0
vn -0.09802151407903256 -0.9951842958857691 0
vn -0.09802151407903256 -0.9951842958857691 0
vn -0.08076934747387995 -0.820071601475577 0.5665323300235618
vn -0.08076934747387995 -0.820071601475577 0.5665323300235618
vn -0.08076934747387995 -0.820071601475577 0.5665323300235618
vn -0.0807700373643803 -0.8200716304835045 0.566532189677059
vn -0.0807700373643803 -0.8200716304835045 0.566532189677059
vn -0.0807700373643803 -0.8200716304835045 0.566532189677059
vn -0.7885561218144664 0.23920693197405718 0.5665326878870159
vn -0.7885561218144664 0.23920693197405718 0.5665326878870159
vn -0.7885561218144664 0.23920693197405718 0.5665326878870159
vn -0.7885563190861784 0.23920578700401401 0.5665328967439116
vn -0.7885563190861784 0.23920578700401401 0.5665328967439116
vn -0.7885563190861784 0.23920578700401401 0.5665328967439116
vn 0.7267389472796748 -0.3884477113015325 0.5665323274901718
vn 0.7267389472796748 -0.3884477113015325 0.5665323274901718
vn 0.7267389472796748 -0.3884477113015325 0.5665323274901718
vn 0.7267392948006888 -0.38844681182965607 0.5665324984252651
vn 0.7267392948006888 -0.38844681182965607 0.5665324984252651
vn 0.7267392948006888 -0.38844681182965607 0.5665324984252651
vn 0.2392089068535076 0.7885559200071787 0.5665321349257975
vn 0.2392089068535076 0.7885559200071787 0.5665321349257975
vn 0.2392089068535076 0.7885559200071787 0.5665321349257975
vn 0.2392074447391516 0.7885561524901479 0.5665324286846256
vn 0.2392074447391516 0.7885561524901479 0.5665324286846256
vn 0.2392074447391516 0.7885561524901479 0.5665324286846256
vn -0.5227638038845862 -0.6369918769847742 0.5665327475120324
vn -0.5227638038845862 -0.6369918769847742 0.5665327475120324
vn -0.5227638038845862 -0.6369918769847742 0.5665327475120324
vn -0.5227644979158588 -0.6369914338900956 0.5665326053012482
vn -0.5227644979158588 -0.6369914338900956 0.5665326053012482
vn -0.5227644979158588 -0.6369914338900956 0.5665326053012482
vn -0.3884474293643981 0.7267391600368236 0.5665322478810565
vn -0.3884474293643981 0.7267391600368236 0.5665322478810565
vn -0.3884474293643981 0.7267391600368236 0.5665322478810565
vn -0.38844756423880666 0.7267390701351075 0.5665322707278885
vn -0.38844756423880666 0.7267390701351075 0.5665322707278885
vn -0.38844756423880666 0.7267390701351075 0.5665322707278885
vn -0.6369898810696973 -0.5227657470695579 0.5665331985908857
vn -0.6369898810696973 -0.5227657470695579 0.5665331985908857
vn -0.6369898810696973 -0.5227657470695579 0.5665331985908857
vn -0.6369908315458377 -0.5227648503752387 0.5665329573279003
vn -0.6369908315458377 -0.5227648503752387 0.5665329573279003
vn -0.6369908315458377 -0.5227648503752387 0.5665329573279003
vn 0.23920391111704362 -0.788557099416562 0.5665326026505868
vn 0.23920391111704362 -0.788557099416562 0.5665326026505868
vn 0.23920391111704362 -0.788557099416562 0.5665326026505868
vn 0.23920462270135065 -0.7885567788084245 0.5665327484564205
vn 0.23920462270135065 -0.7885567788084245 0.5665327484564205
vn 0.23920462270135065 -0.7885567788084245 0.5665327484564205
vn 0.726738994327812 0.3884473767644312 0.56653249651563
vn 0.726738994327812 0.3884473767644312 0.56653249651563
vn 0.726738994327812 0.3884473767644312 0.56653249651563
vn 0.7267399533287143 0.3884460981116427 0.5665321430401086
vn 0.7267399533287143 0.3884460981116427 0.5665321430401086
vn 0.7267399533287143 0.3884460981116427 0.5665321430401086
vn -0.8200708020536035 -0.0807713120080688 0.5665332071252794
vn -0.8200708020536035 -0.0807713120080688 0.5665332071252794
vn -0.8200708020536035 -0.0807713120080688 0.5665332071252794
vn -0.8200731493352065 -0.08076158378538528 0.5665311962495203
vn -0.8200731493352065 -0.08076158378538528 0.5665311962495203
vn -0.8200731493352065 -0.08076158378538528 0.5665311962495203
vn -0.820070926692111 0.08077169252242167 0.5665329724573898
vn -0.820070926692111 0.08077169252242167 0.5665329724573898
vn -0.820070926692111 0.08077169252242167 0.5665329724573898
vn -0.8200708475619329 0.08076966404139779 0.5665333762009902
vn -0.8200708475619329 0.08076966404139779 0.5665333762009902
vn -0.8200708475619329 0.08076966404139779 0.5665333762009902
vn 0.7885561286180189 -0.23920732146810691 0.5665325139610401
vn 0.7885561286180189 -0.23920732146810691 0.5665325139610401
vn 0.7885561286180189 -0.23920732146810691 0.5665325139610401
vn 0.7885551662759426 -0.23921347301849966 0.5665312560361946
vn 0.7885551662759426 -0.23921347301849966 0.5665312560361946
vn 0.7885551662759426 -0.23921347301849966 0.5665312560361946
vn -0.6369924677892221 0.5227637995825938 0.566532087198745
vn -0.6369924677892221 0.5227637995825938 0.566532087198745
vn -0.6369924677892221 0.5227637995825938 0.566532087198745
vn -0.6369912030338133 0.5227659346335403 0.5665315391434587
vn -0.6369912030338133 0.5227659346335403 0.5665315391434587
vn -0.6369912030338133 0.5227659346335403 0.5665315391434587
vn 0.08076759465868678 0.8200717011018352 0.5665324357042519
vn 0.08076759465868678 0.8200717011018352 0.5665324357042519
vn 0.08076759465868678 0.8200717011018352 0.5665324357042519
vn 0.08077005396138032 0.8200718265155728 0.5665319035486776
vn 0.08077005396138032 0.8200718265155728 0.5665319035486776
vn 0.08077005396138032 0.8200718265155728 0.5665319035486776
vn -0.3884504628368755 -0.726737359990636 0.5665324770175653
vn -0.3884504628368755 -0.726737359990636 0.5665324770175653
vn -0.3884504628368755 -0.726737359990636 0.5665324770175653
vn -0.38845003648661575 -0.7267375178979454 0.5665325667894832
vn -0.38845003648661575 -0.7267375178979454 0.5665325667894832
vn -0.38845003648661575 -0.7267375178979454 0.5665325667894832
vn 0.5227665308768882 0.6369901303901292 0.5665321950079357
vn 0.5227665308768882 0.6369901303901292 0.5665321950079357
vn 0.5227665308768882 0.6369901303901292 0.5665321950079357
vn 0.5227688120987474 0.6369887196734623 0.5665316761714458
vn 0.5227688120987474 0.6369887196734623 0.5665316761714458
vn 0.5227688120987474 0.6369887196734623 0.5665316761714458
vn -0.522764739594073 0.636991497466625 0.566532310810573
vn -0.522764739594073 0.636991497466625 0.566532310810573
vn -0.522764739594073 0.636991497466625 0.566532310810573
vn -0.5227646110708908 0.6369916649315263 0.5665322411122445
vn -0.5227646110708908 0.6369916649315263 0.5665322411122445
vn -0.5227646110708908 0.6369916649315263 0.5665322411122445
vn -0.08076985231501507 0.8200716428211334 0.5665321982002948
vn -0.08076985231501507 0.8200716428211334 0.5665321982002948
vn -0.08076985231501507 0.8200716428211334 0.5665321982002948
vn -0.08077002996240587 0.8200716309770103 0.5665321900179888
vn -0.08077002996240587 0.8200716309770103 0.5665321900179888
vn -0.08077002996240587 0.8200716309770103 0.5665321900179888
vn 0.6369898878088334 0.5227667658791968 0.5665322509103032
vn 0.6369898878088334 0.5227667658791968 0.5665322509103032
vn 0.6369898878088334 0.5227667658791968 0.5665322509103032
vn 0.6369904835070087 0.5227661695469347 0.5665321313912679
vn 0.6369904835070087 0.5227661695469347 0.5665321313912679
vn 0.6369904835070087 0.5227661695469347 0.5665321313912679
vn -0.7885581772175753 -0.23920246719609056 0.5665317121138042
vn -0.7885581772175753 -0.23920246719609056 0.5665317121138042
vn -0.7885581772175753 -0.23920246719609056 0.5665317121138042
vn -0.7885565787821247 -0.23920588286539576 0.566532494797975
vn -0.7885565787821247 -0.23920588286539576 0.566532494797975
vn -0.7885565787821247 -0.23920588286539576 0.566532494797975
vn 0.3884525013125094 -0.7267360709848333 0.5665327328174271
vn 0.3884525013125094 -0.7267360709848333 0.5665327328174271
vn 0.3884525013125094 -0.7267360709848333 0.5665327328174271
vn 0.3884516095306547 -0.7267367309161074 0.56653249773549
vn 0.3884516095306547 -0.7267367309161074 0.56653249773549
vn 0.3884516095306547 -0.7267367309161074 0.56653249773549
vn 0.8200719834908555 0.08076647553182514 0.5665321864850584
vn 0.8200719834908555 0.08076647553182514 0.5665321864850584
vn 0.8200719834908555 0.08076647553182514 0.5665321864850584
vn 0.8200712778993736 0.08076941201237668 0.5665327892078829
vn 0.8200712778993736 0.08076941201237668 0.5665327892078829
vn 0.8200712778993736 0.08076941201237668 0.5665327892078829
vn -0.72673690505889 0.388452679917463 0.5665315404197431
vn -0.72673690505889 0.388452679917463 0.5665315404197431
vn -0.72673690505889 0.388452679917463 0.5665315404197431
vn -0.7267391129642868 0.3884467208071606 0.5665327940923149
vn -0.7267391129642868 0.3884467208071606 0.5665327940923149
vn -0.7267391129642868 0.3884467208071606 0.5665327940923149
vn -0.2392062484871284 -0.7885564368025483 0.5665325380434761
vn -0.2392062484871284 -0.7885564368025483 0.5665325380434761
vn -0.2392062484871284 -0.7885564368025483 0.5665325380434761
vn -0.23920747458254876 -0.7885562718348418 0.5665322499679735
vn -0.23920747458254876 -0.7885562718348418 0.5665322499679735
vn -0.23920747458254876 -0.7885562718348418 0.5665322499679735
vn 0.8200724715153467 -0.08076690131672638 0.5665314193532477
vn 0.8200724715153467 -0.08076690131672638 0.5665314193532477
vn 0.8200724715153467 -0.08076690131672638 0.5665314193532477
vn 0.8200722552710644 -0.08076188180916388 0.5665324479509298
vn 0.8200722552710644 -0.08076188180916388 0.5665324479509298
vn 0.8200722552710644 -0.08076188180916388 0.5665324479509298
vn 0.6369899464000351 -0.522766824652126 0.5665321307996692
vn 0.6369899464000351 -0.522766824652126 0.5665321307996692
vn 0.6369899464000351 -0.522766824652126 0.5665321307996692
vn 0.6369907359660242 -0.5227655254185523 0.5665324419018984
vn 0.6369907359660242 -0.5227655254185523 0.5665324419018984
vn 0.6369907359660242 -0.5227655254185523 0.5665324419018984
vn 0.38844854532501766 0.7267388272442753 0.5665319096136535
vn 0.38844854532501766 0.7267388272442753 0.5665319096136535
vn 0.38844854532501766 0.7267388272442753 0.5665319096136535
vn 0.388448452582438 0.726738880608408 0.5665319047488389
vn 0.388448452582438 0.726738880608408 0.5665319047488389
vn 0.388448452582438 0.726738880608408 0.5665319047488389
vn -0.2392042240375255 0.7885572186129992 0.5665323046181355
vn -0.2392042240375255 0.7885572186129992 0.5665323046181355
vn -0.2392042240375255 0.7885572186129992 0.5665323046181355
vn -0.239203813104347 0.7885574181932465 0.5665322003282265
vn -0.239203813104347 0.7885574181932465 0.5665322003282265
vn -0.239203813104347 0.7885574181932465 0.5665322003282265
vn -0.7267384467453232 -0.3884484138909243 0.5665324878308571
vn -0.7267384467453232 -0.3884484138909243 0.5665324878308571
vn -0.7267384467453232 -0.3884484138909243 0.5665324878308571
vn -0.7267353029042065 -0.3884527135526657 0.5665335725676827
vn -0.7267353029042065 -0.3884527135526657 0.5665335725676827
vn -0.7267353029042065 -0.3884527135526657 0.5665335725676827
vn 0.522765518832252 -0.6369909067545404 0.5665322559502458
vn 0.522765518832252 -0.6369909067545404 0.5665322559502458
vn 0.522765518832252 -0.6369909067545404 0.5665322559502458
vn 0.5227652816342017 -0.6369912062649844 0.5665321380636704
vn 0.5227652816342017 -0.6369912062649844 0.5665321380636704
vn 0.5227652816342017 -0.6369912062649844 0.5665321380636704
vn 0.08076760356745158 -0.8200717755121155 0.5665323267231775
vn 0.08076760356745158 -0.8200717755121155 0.5665323267231775
vn 0.08076760356745158 -0.8200717755121155 0.5665323267231775
vn 0.0807682398512559 -0.8200716109563363 0.5665324742102694
vn 0.0807682398512559 -0.8200716109563363 0.5665324742102694
vn 0.0807682398512559 -0.8200716109563363 0.5665324742102694
vn 0.7885560021718178 0.23920746828441783 0.5665326279710281
vn 0.7885560021718178 0.23920746828441783 0.5665326279710281
vn 0.7885560021718178 0.23920746828441783 0.5665326279710281
vn 0.7885563578420427 0.2392067226324872 0.5665324477506268
vn 0.7885563578420427 0.2392067226324872 0.5665324477506268
vn 0.7885563578420427 0.2392067226324872 0.5665324477506268
vn -0.2225954335965134 -0.7337988457966392 0.641864882081502
vn -0.2225954335965134 -0.7337988457966392 0.641864882081502
vn -0.2225954335965134 -0.7337988457966392 0.641864882081502
vn -0.22259683669000332 -0.7337986748428647 0.6418645909336795
vn -0.22259683669000332 -0.7337986748428647 0.6418645909336795
vn -0.22259683669000332 -0.7337986748428647 0.6418645909336795
vn 0.7631255399771644 -0.07515485596072986 0.6418653736260304
vn 0.7631255399771644 -0.07515485596072986 0.6418653736260304
vn 0.7631255399771644 -0.07515485596072986 0.6418653736260304
vn 0.7631255052663053 -0.07515350240662866 0.6418655733781514
vn 0.7631255052663053 -0.07515350240662866 0.6418655733781514
vn 0.7631255052663053 -0.07515350240662866 0.6418655733781514
vn -0.6762719597691444 0.36147542971687496 0.6418658350005875
vn -0.6762719597691444 0.36147542971687496 0.6418658350005875
vn -0.6762719597691444 0.36147542971687496 0.6418658350005875
vn -0.6762697691181812 0.3614817258753858 0.6418645972749972
vn -0.6762697691181812 0.3614817258753858 0.6418645972749972
vn -0.6762697691181812 0.3614817258753858 0.6418645972749972
vn 0.5927602687678519 -0.48646110615847143 0.6418651384561559
vn 0.5927602687678519 -0.48646110615847143 0.6418651384561559
vn 0.5927602687678519 -0.48646110615847143 0.6418651384561559
vn 0.5927593694460783 -0.4864626813713054 0.6418647751410942
vn 0.5927593694460783 -0.4864626813713054 0.6418647751410942
vn 0.5927593694460783 -0.4864626813713054 0.6418647751410942
vn 0.36147571227785547 0.6762724634346632 0.6418651452082667
vn 0.36147571227785547 0.6762724634346632 0.6418651452082667
vn 0.36147571227785547 0.6762724634346632 0.6418651452082667
vn 0.36147234110995263 0.6762736489693454 0.6418657946348104
vn 0.36147234110995263 0.6762736489693454 0.6418657946348104
vn 0.36147234110995263 0.6762736489693454 0.6418657946348104
vn -0.22259672221195526 0.7337979155791905 0.6418654986460397
vn -0.22259672221195526 0.7337979155791905 0.6418654986460397
vn -0.22259672221195526 0.7337979155791905 0.6418654986460397
vn -0.2225949941189883 0.7337987515004828 0.6418651422919774
vn -0.2225949941189883 0.7337987515004828 0.6418651422919774
vn -0.2225949941189883 0.7337987515004828 0.6418651422919774
vn 0.48646180968595837 -0.5927598372443094 0.6418650037719478
vn 0.48646180968595837 -0.5927598372443094 0.6418650037719478
vn 0.48646180968595837 -0.5927598372443094 0.6418650037719478
vn 0.48646230833255566 -0.5927592677729056 0.6418651517578209
vn 0.48646230833255566 -0.5927592677729056 0.6418651517578209
vn 0.48646230833255566 -0.5927592677729056 0.6418651517578209
vn -0.6762748969366758 -0.3614711768255564 0.6418651354432923
vn -0.6762748969366758 -0.3614711768255564 0.6418651354432923
vn -0.6762748969366758 -0.3614711768255564 0.6418651354432923
vn -0.6762737556000209 -0.361472692014473 0.6418654846729593
vn -0.6762737556000209 -0.361472692014473 0.6418654846729593
vn -0.6762737556000209 -0.361472692014473 0.6418654846729593
vn 0.7337976564300976 0.2225988318882295 0.6418650632801975
vn 0.7337976564300976 0.2225988318882295 0.6418650632801975
vn 0.7337976564300976 0.2225988318882295 0.6418650632801975
vn 0.7337973653728123 0.2225994300478015 0.6418651885827067
vn 0.7337973653728123 0.2225994300478015 0.6418651885827067
vn 0.7337973653728123 0.2225994300478015 0.6418651885827067
vn 0.07515954919107298 -0.7631255335252827 0.6418648317575494
vn 0.07515954919107298 -0.7631255335252827 0.6418648317575494
vn 0.07515954919107298 -0.7631255335252827 0.6418648317575494
vn 0.0751627539495628 -0.7631247093031338 0.6418654364192895
vn 0.0751627539495628 -0.7631247093031338 0.6418654364192895
vn 0.0751627539495628 -0.7631247093031338 0.6418654364192895
vn -0.7337984955896562 0.22259622560914744 0.6418650077819469
vn -0.7337984955896562 0.22259622560914744 0.6418650077819469
vn -0.7337984955896562 0.22259622560914744 0.6418650077819469
vn -0.7337991067053417 0.22259193864590374 0.641865795823629
vn -0.7337991067053417 0.22259193864590374 0.641865795823629
vn -0.7337991067053417 0.22259193864590374 0.641865795823629
vn -0.07516320781581033 -0.7631251202492555 0.6418648946899937
vn -0.07516320781581033 -0.7631251202492555 0.6418648946899937
vn -0.07516320781581033 -0.7631251202492555 0.6418648946899937
vn -0.07516466055453414 -0.7631251785899886 0.6418646552083389
vn -0.07516466055453414 -0.7631251785899886 0.6418646552083389
vn -0.07516466055453414 -0.7631251785899886 0.6418646552083389
vn 0.22259607792637942 0.7337979635284473 0.6418656672648075
vn 0.22259607792637942 0.7337979635284473 0.6418656672648075
vn 0.22259607792637942 0.7337979635284473 0.6418656672648075
vn 0.2225994644501357 0.7337974997460068 0.6418650230328976
vn 0.2225994644501357 0.7337974997460068 0.6418650230328976
vn 0.2225994644501357 0.7337974997460068 0.6418650230328976
vn -0.48646788438473937 -0.5927544071599079 0.6418654144403966
vn -0.48646788438473937 -0.5927544071599079 0.6418654144403966
vn -0.48646788438473937 -0.5927544071599079 0.6418654144403966
vn -0.4864685196598479 -0.5927540014132677 0.6418653076686074
vn -0.4864685196598479 -0.5927540014132677 0.6418653076686074
vn -0.4864685196598479 -0.5927540014132677 0.6418653076686074
vn 0.6762709059803799 -0.36147895659736035 0.6418649590542856
vn 0.6762709059803799 -0.36147895659736035 0.6418649590542856
vn 0.6762709059803799 -0.36147895659736035 0.6418649590542856
vn 0.6762718179990781 -0.3614763733892912 0.6418654529272841
vn 0.6762718179990781 -0.3614763733892912 0.6418654529272841
vn 0.6762718179990781 -0.3614763733892912 0.6418654529272841
vn -0.3614759311489184 0.6762726056778325 0.6418648720795812
vn -0.3614759311489184 0.6762726056778325 0.6418648720795812
vn -0.3614759311489184 0.6762726056778325 0.6418648720795812
vn -0.36147582677475193 0.6762726930369883 0.6418648388173391
vn -0.36147582677475193 0.6762726930369883 0.6418648388173391
vn -0.36147582677475193 0.6762726930369883 0.6418648388173391
vn -0.5927568130069545 -0.4864649219296429 0.6418654378963121
vn -0.5927568130069545 -0.4864649219296429 0.6418654378963121
vn -0.5927568130069545 -0.4864649219296429 0.6418654378963121
vn -0.5927566841211416 -0.48646509280222544 0.6418654274181087
vn -0.5927566841211416 -0.48646509280222544 0.6418654274181087
vn -0.5927566841211416 -0.48646509280222544 0.6418654274181087
vn 0.6762746542616883 0.36147153217835853 0.6418651910080992
vn 0.6762746542616883 0.36147153217835853 0.6418651910080992
vn 0.6762746542616883 0.36147153217835853 0.6418651910080992
vn 0.6762757883111312 0.3614700428967071 0.6418648348619909
vn 0.6762757883111312 0.3614700428967071 0.6418648348619909
vn 0.6762757883111312 0.3614700428967071 0.6418648348619909
vn -0.7631250638290069 -0.07515459525826329 0.6418659702519995
vn -0.7631250638290069 -0.07515459525826329 0.6418659702519995
vn -0.7631250638290069 -0.07515459525826329 0.6418659702519995
vn -0.7631254141507524 -0.07515312677436994 0.64186572568823
vn -0.7631254141507524 -0.07515312677436994 0.64186572568823
vn -0.7631254141507524 -0.07515312677436994 0.64186572568823
vn 0.2225949670130728 -0.7337987007847182 0.6418652096718662
vn 0.2225949670130728 -0.7337987007847182 0.6418652096718662
vn 0.2225949670130728 -0.7337987007847182 0.6418652096718662
vn 0.2225949811759038 -0.7337986983507638 0.6418652075428483
vn 0.2225949811759038 -0.7337986983507638 0.6418652075428483
vn 0.2225949811759038 -0.7337986983507638 0.6418652075428483
vn -0.7631245224052506 0.07516216455748231 0.641865727643089
vn -0.7631245224052506 0.07516216455748231 0.641865727643089
vn -0.7631245224052506 0.07516216455748231 0.641865727643089
vn -0.7631245178596363 0.0751612253366269 0.641865843029051
vn -0.7631245178596363 0.0751612253366269 0.641865843029051
vn -0.7631245178596363 0.0751612253366269 0.641865843029051
vn -0.5927564318398865 0.4864654986578629 0.6418653528022858
vn -0.5927564318398865 0.4864654986578629 0.6418653528022858
vn -0.5927564318398865 0.4864654986578629 0.6418653528022858
vn -0.5927581684342633 0.48646258464479025 0.6418659575761656
vn -0.5927581684342633 0.48646258464479025 0.6418659575761656
vn -0.5927581684342633 0.48646258464479025 0.6418659575761656
vn 0.07516383393160171 0.763124705727772 0.641865314202757
vn 0.07516383393160171 0.763124705727772 0.641865314202757
vn 0.07516383393160171 0.763124705727772 0.641865314202757
vn 0.0751608663103126 0.763124563265522 0.6418658310864426
vn 0.0751608663103126 0.763124563265522 0.6418658310864426
vn 0.0751608663103126 0.763124563265522 0.6418658310864426
vn -0.3614697857702776 -0.6762755110446065 0.6418652717950599
vn -0.3614697857702776 -0.6762755110446065 0.6418652717950599
vn -0.3614697857702776 -0.6762755110446065 0.6418652717950599
vn -0.3614697711997334 -0.6762755433891512 0.6418652459220086
vn -0.3614697711997334 -0.6762755433891512 0.6418652459220086
vn -0.3614697711997334 -0.6762755433891512 0.6418652459220086
vn 0.7337974384657552 -0.22259778011060394 0.6418656772183158
vn 0.7337974384657552 -0.22259778011060394 0.6418656772183158
vn 0.7337974384657552 -0.22259778011060394 0.6418656772183158
vn 0.7337972948539417 -0.22259883069050698 0.6418654770590614
vn 0.7337972948539417 -0.22259883069050698 0.6418654770590614
vn 0.7337972948539417 -0.22259883069050698 0.6418654770590614
vn 0.4864628368155957 0.5927580063775109 0.6418659161169737
vn 0.4864628368155957 0.5927580063775109 0.6418659161169737
vn 0.4864628368155957 0.5927580063775109 0.6418659161169737
vn 0.486467153739501 0.5927554380006967 0.641865016224744
vn 0.486467153739501 0.5927554380006967 0.641865016224744
vn 0.486467153739501 0.5927554380006967 0.641865016224744
vn -0.48646151913447533 0.592760323185876 0.6418647752120024
vn -0.48646151913447533 0.592760323185876 0.6418647752120024
vn -0.48646151913447533 0.592760323185876 0.6418647752120024
vn -0.48646334092341187 0.5927582417112388 0.6418653167301009
vn -0.48646334092341187 0.5927582417112388 0.6418653167301009
vn -0.48646334092341187 0.5927582417112388 0.6418653167301009
vn -0.07516185340090724 0.7631245403539593 0.6418657427397876
vn -0.07516185340090724 0.7631245403539593 0.6418657427397876
vn -0.07516185340090724 0.7631245403539593 0.6418657427397876
vn -0.07516160495870455 0.7631246334388908 0.6418656611618898
vn -0.07516160495870455 0.7631246334388908 0.6418656611618898
vn -0.07516160495870455 0.7631246334388908 0.6418656611618898
vn -0.7337963121429144 -0.22260147746893497 0.641865682611328
vn -0.7337963121429144 -0.22260147746893497 0.641865682611328
vn -0.7337963121429144 -0.22260147746893497 0.641865682611328
vn -0.7337975587324225 -0.2225989278207848 0.6418651417014125
vn -0.7337975587324225 -0.2225989278207848 0.6418651417014125
vn -0.7337975587324225 -0.2225989278207848 0.6418651417014125
vn 0.3614775768844897 -0.6762715451566795 0.641865062626963
vn 0.3614775768844897 -0.6762715451566795 0.641865062626963
vn 0.3614775768844897 -0.6762715451566795 0.641865062626963
vn 0.36147731382807424 -0.6762717336326068 0.6418650121927416
vn 0.36147731382807424 -0.6762717336326068 0.6418650121927416
vn 0.36147731382807424 -0.6762717336326068 0.6418650121927416
vn 0.5927584620045827 0.48646317703683606 0.6418652374986431
vn 0.5927584620045827 0.48646317703683606 0.6418652374986431
vn 0.5927584620045827 0.48646317703683606 0.6418652374986431
vn 0.5927542959389058 0.48646690746402443 0.6418662575555443
vn 0.5927542959389058 0.48646690746402443 0.6418662575555443
vn 0.5927542959389058 0.48646690746402443 0.6418662575555443
vn 0.7631250454129105 0.07515949592652321 0.6418654183203938
vn 0.7631250454129105 0.07515949592652321 0.6418654183203938
vn 0.7631250454129105 0.07515949592652321 0.6418654183203938
vn 0.763125656965307 0.07515724737835304 0.6418649545253096
vn 0.763125656965307 0.07515724737835304 0.6418649545253096
vn 0.763125656965307 0.07515724737835304 0.6418649545253096
f 1//1 2//2 3//3
f 4//4 5//5 6//6
f 7//7 8//8 9//9
f 10//10 11//11 12//12
f 13//13 14//14 15//15
f 16//16 17//17 18//18
f 19//19 20//20 21//21
f 22//22 23//23 24//24
f 25//25 26//26 27//27
f 28//28 29//29 30//30
f 31//31 32//32 33//33
f 34//34 35//35 36//36
f 37//37 38//38 39//39
f 40//40 41//41 42//42
f 43//43 44//44 45//45
f 46//46 47//47 48//48
f 49//49 50//50 51//51
f 52//52 53//53 54//54
f 55//55 56//56 57//57
f 58//58 59//59 60//60
f 61//61 62//62 63//63
f 64//64 65//65 66//66
f 67//67 68//68 69//69
f 70//70 71//71 72//72
f 73//73 74//74 75//75
f 76//76 77//77 78//78
f 79//79 80//80 81//81
f 82//82 83//83 84//84
f 85//85 86//86 87//87
f 88//88 89//89 90//90
f 91//91 92//92 93//93
f 94//94 95//95 96//96
f 97//97 98//98 99//99
f 100//100 101//101 102//102
f 103//103 104//104 105//105
f 106//106 107//107 108//108
f 109//109 110//110 111//111
f 112//112 113//113 114//114
f 115//115 116//116 117//117
f 118//118 119//119 120//120
f 121//121 122//122 123//123
f 124//124 125//125 126//126
f 127//127 128//128 129//129
f 130//130 131//131 132//132
f 133//133 134//134 135//135
f 136//136 137//137 138//138
f 139//139 140//140 141//141
f 142//142 143//143 144//144
f 145//145 146//146 147//147
f 148//148 149//149 150//150
f 151//151 152//152 153//153
f 154//154 155//155 156//156
f 157//157 158//158 159//159
f 160//160 161//161 162//162
f 163//163 164//164 165//165
f 166//166 167//167 168//168
f 169//169 170//170 171//171
f 172//172 173//173 174//174
f 175//175 176//176 177//177
f 178//178 179//179 180//180
f 181//181 182//182 183//183
f 184//184 185//185 186//186
f 187//187 188//188 189//189
f 190//190 191//191 192//192
f 193//193 194//194 195//195
f 196//196 197//197 198//198
f 199//199 200//200 201//201
f 202//202 203//203 204//204
f 205//205 206//206 207//207
f 208//208 209//209 210//210
f 211//211 212//212 213//213
f 214//214 215//215 216//216
f 217//217 218//218 219//219
f 220//220 221//221 222//222
f 223//223 224//224 225//225
f 226//226 227//227 228//228
f 229//229 230//230 231//231
f 232//232 233//233 234//234
f 235//235 236//236 237//237
f 238//238 239//239 240//240
f 241//241 242//242 243//243
f 244//244 245//245 246//246
f 247//247 248//248 249//249
f 250//250 251//251 252//252
f 253//253 254//254 255//255
f 256//256 257//257 258//258
f 259//259 260//260 261//261
f 262//262 263//263 264//264
f 265//265 266//266 267//267
f 268//268 269//269 270//270
f 271//271 272//272 273//273
f 274//274 275//275 276//276
f 277//277 278//278 279//279
f 280//280 281//281 282//282
f 283//283 284//284 285//285
f 286//286 287//287 288//288
f 289//289 290//290 291//291
f 292//292 293//293 294//294
f 295//295 296//296 297//297
f 298//298 299//299 300//300
f 301//301 302//302 303//303
f 304//304 305//305 306//306
f 307//307 308//308 309//309
f 310//310 311//311 312//312
f 313//313 314//314 315//315
f 316//316 317//317 318//318
f 319//319 320//320 321//321
f 322//322 323//323 324//324
f 325//325 326//326 327//327
f 328//328 329//329 330//330
f 331//331 332//332 333//333
f 334//334 335//335 336//336
f 337//337 338//338 339//339
f 340//340 341//341 342//342
f 343//343 344//344 345//345
f 346//346 347//347 348//348
f 349//349 350//350 351//351
f 352//352 353//353 354//354
f 355//355 356//356 357//357
f 358//358 359//359 360//360
f 361//361 362//362 363//363
f 364//364 365//365 366//366
f 367//367 368//368 369//369
f 370//370 371//371 372//372
f 373//373 374//374 375//375
f 376//376 377//377 378//378
f 379//379 380//380 381//381
f 382//382 383//383 384//384
f 385//385 386//386 387//387
f 388//388 389//389 390//390
f 391//391 392//392 393//393
f 394//394 395//395 396//396
f 397//397 398//398 399//399
f 400//400 401//401 402//402
f 403//403 404//404 405//405
f 406//406 407//407 408//408
f 409//409 410//410 411//411
f 412//412 413//413 414//414
f 415//415 416//416 417//417
f 418//418 419//419 420//420
f 421//421 422//422 423//423
f 424//424 425//425 426//426
f 427//427 428//428 429//429
f 430//430 431//431 432//432
f 433//433 434//434 435//435
f 436//436 437//437 438//438
f 439//439 440//440 441//441
f 442//442 443//443 444//444
f 445//445 446//446 447//447
f 448//448 449//449 450//450
f 451//451 452//452 453//453
f 454//454 455//455 456//456
f 457//457 458//458 459//459
f 460//460 461//461 462//462
f 463//463 464//464 465//465
f 466//466 467//467 468//468
f 469//469 470//470 471//471
f 472//472 473//473 474//474
f 475//475 476//476 477//477
f 478//478 479//479 480//480
f 481//481 482//482 483//483
f 484//484 485//485 486//486
f 487//487 488//488 489//489
f 490//490 491//491 492//492
f 493//493 494//494 495//495
f 496//496 497//497 498//498
f 499//499 500//500 501//501
f 502//502 503//503 504//504
f 505//505 506//506 507//507
f 508//508 509//509 510//510
f 511//511 512//512 513//513
f 514//514 515//515 516//516
f 517//517 518//518 519//519
f 520//520 521//521 522//522
f 523//523 524//524 525//525
f 526//526 527//527 528//528
f 529//529 530//530 531//531
f 532//532 533//533 534//534
f 535//535 536//536 537//537
f 538//538 539//539 540//540
f 541//541 542//542 543//543
f 544//544 545//545 546//546
f 547//547 548//548 549//549
f 550//550 551//551 552//552
f 553//553 554//554 555//555
f 556//556 557//557 558//558
f 559//559 560//560 561//561
f 562//562 563//563 564//564
f 565//565 566//566 567//567
f 568//568 569//569 570//570
f 571//571 572//572 573//573
f 574//574 575//575 576//576
f 577//577 578//578 579//579
f 580//580 581//581 582//582
f 583//583 584//584 585//585
f 586//586 587//587 588//588
f 589//589 590//590 591//591
f 592//592 593//593 594//594
f 595//595 596//596 597//597
f 598//598 599//599 600//600
f 601//601 602//602 603//603
f 604//604 605//605 606//606
f 607//607 608//608 609//609
f 610//610 611//611 612//612
f 613//613 614//614 615//615
f 616//616 617//617 618//618
f 619//619 620//620 621//621
f 622//622 623//623 624//624
f 625//625 626//626 627//627
f 628//628 629//629 630//630
f 631//631 632//632 633//633
f 634//634 635//635 636//636
f 637//637 638//638 639//639
f 640//640 641//641 642//642
f 643//643 644//644 645//645
f 646//646 647//647 648//648
f 649//649 650//650 651//651
f 652//652 653//653 654//654
f 655//655 656//656 657//657
f 658//658 659//659 660//660
f 661//661 662//662 663//663
f 664//664 665//665 666//666
f 667//667 668//668 669//669
f 670//670 671//671 672//672
f 673//673 674//674 675//675
f 676//676 677//677 678//678
f 679//679 680//680 681//681
f 682//682 683//683 684//684
f 685//685 686//686 687//687
f 688//688 689//689 690//690
f 691//691 692//692 693//693
f 694//694 695//695 696//696
f 697//697 698//698 699//699
f 700//700 701//701 702//702
f 703//703 704//704 705//705
f 706//706 707//707 708//708
f 709//709 710//710 711//711
f 712//712 713//713 714//714
f 715//715 716//716 717//717
f 718//718 719//719 720//720
f 721//721 722//722 723//723
f 724//724 725//725 726//726
f 727//727 728//728 729//729
f 730//730 731//731 732//732
f 733//733 734//734 735//735
f 736//736 737//737 738//738
f 739//739 740//740 741//741
f 742//742 743//743 744//744
f 745//745 746//746 747//747
f 748//748 749//749 750//750
f 751//751 752//752 753//753
f 754//754 755//755 756//756
f 757//757 758//758 759//759
f 760//760 761//761 762//762
f 763//763 764//764 765//765
f 766//766 767//767 768//768
f 769//769 770//770 771//771
f 772//772 773//773 774//774
f 775//775 776//776 777//777
f 778//778 779//779 780//780
f 781//781 782//782 783//783
f 784//784 785//785 786//786
f 787//787 788//788 789//789
f 790//790 791//791 792//792
f 793//793 794//794 795//795
f 796//796 797//797 798//798
f 799//799 800//800 801//801
f 802//802 803//803 804//804
f 805//805 806//806 807//807
f 808//808 809//809 810//810
f 811//811 812//812 813//813
f 814//814 815//815 816//816
f 817//817 818//818 819//819
f 820//820 821//821 822//822
f 823//823 824//824 825//825
f 826//826 827//827 828//828
f 829//829 830//830 831//831
f 832//832 833//833 834//834
f 835//835 836//836 837//837
f 838//838 839//839 840//840
f 841//841 842//842 843//843
f 844//844 845//845 846//846
f 847//847 848//848 849//849
f 850//850 851//851 852//852
f 853//853 854//854 855//855
f 856//856 857//857 858//858
f 859//859 860//860 861//861
f 862//862 863//863 864//864
f 865//865 866//866 867//867
f 868//868 869//869 870//870
f 871//871 872//872 873//873
f 874//874 875//875 876//876
f 877//877 878//878 879//879
f 880//880 881//881 882//882
f 883//883 884//884 885//885
f 886//886 887//887 888//888
f 889//889 890//890 891//891
f 892//892 893//893 894//894
f 895//895 896//896 897//897
f 898//898 899//899 900//900
f 901//901 902//902 903//903
f 904//904 905//905 906//906
f 907//907 908//908 909//909
f 910//910 911//911 912//912
f 913//913 914//914 915//915
f 916//916 917//917 918//918
f 919//919 920//920 921//921
f 922//922 923//923 924//924
f 925//925 926//926 927//927
f 928//928 929//929 930//930
f 931//931 932//932 933//933
f 934//934 935//935 936//936
f 937//937 938//938 939//939
f 940//940 941//941 942//942
f 943//943 944//944 945//945
f 946//946 947//947 948//948
f 949//949 950//950 951//951
f 952//952 953//953 954//954
f 955//955 956//956 957//957
f 958//958 959//959 960//960
f 961//961 962//962 963//963
f 964//964 965//965 966//966
f 967//967 968//968 969//969
f 970//970 971//971 972//972
f 973//973 974//974 975//975
f 976//976 977//977 978//978
f 979//979 980//980 981//981
f 982//982 983//983 984//984
f 985//985 986//986 987//987
f 988//988 989//989 990//990
f 991//991 992//992 993//993
f 994//994 995//995 996//996
f 997//997 998//998 999//999
f 1000//1000 1001//1001 1002//1002
f 1003//1003 1004//1004 1005//1005
f 1006//1006 1007//1007 1008//1008
f 1009//1009 1010//1010 1011//1011
f 1012//1012 1013//1013 1014//1014
f 1015//1015 1016//1016 1017//1017
f 1018//1018 1019//1019 1020//1020
f 1021//1021 1022//1022 1023//1023
f 1024//1024 1025//1025 1026//1026
f 1027//1027 1028//1028 1029//1029
f 1030//1030 1031//1031 1032//1032
f 1033//1033 1034//1034 1035//1035
f 1036//1036 1037//1037 1038//1038
f 1039//1039 1040//1040 1041//1041
f 1042//1042 1043//1043 1044//1044
f 1045//1045 1046//1046 1047//1047
f 1048//1048 1049//1049 1050//1050
f 1051//1051 1052//1052 1053//1053
f 1054//1054 1055//1055 1056//1056
f 1057//1057 1058//1058 1059//1059
f 1060//1060 1061//1061 1062//1062
f 1063//1063 1064//1064 1065//1065
f 1066//1066 1067//1067 1068//1068
f 1069//1069 1070//1070 1071//1071
f 1072//1072 1073//1073 1074//1074
f 1075//1075 1076//1076 1077//1077
f 1078//1078 1079//1079 1080//1080
f 1081//1081 1082//1082 1083//1083
f 1084//1084 1085//1085 1086//1086
f 1087//1087 1088//1088 1089//1089
f 1090//1090 1091//1091 1092//1092
f 1093//1093 1094//1094 1095//1095
f 1096//1096 1097//1097 1098//1098
f 1099//1099 1100//1100 1101//1101
f 1102//1102 1103//1103 1104//1104
f 1105//1105 1106//1106 1107//1107
f 1108//1108 1109//1109 1110//1110
f 1111//1111 1112//1112 1113//1113
f 1114//1114 1115//1115 1116//1116
f 1117//1117 1118//1118 1119//1119
f 1120//1120 1121//1121 1122//1122
f 1123//1123 1124//1124 1125//1125
f 1126//1126 1127//1127 1128//1128
f 1129//1129 1130//1130 1131//1131
f 1132//1132 1133//1133 1134//1134
f 1135//1135 1136//1136 1137//1137
f 1138//1138 1139//1139 1140//1140
f 1141//1141 1142//1142 1143//1143
f 1144//1144 1145//1145 1146//1146
f 1147//1147 1148//1148 1149//1149
f 1150//1150 1151//1151 1152//1152
f 1153//1153 1154//1154 1155//1155
f 1156//1156 1157//1157 1158//1158
f 1159//1159 1160//1160 1161//1161
f 1162//1162 1163//1163 1164//1164
f 1165//1165 1166//1166 1167//1167
f 1168//1168 1169//1169 1170//1170
f 1171//1171 1172//1172 1173//1173
f 1174//1174 1175//1175 1176//1176
f 1177//1177 1178//1178 1179//1179
f 1180//1180 1181//1181 1182//1182
f 1183//1183 1184//1184 1185//1185
f 1186//1186 1187//1187 1188//1188
f 1189//1189 1190//1190 1191//1191
f 1192//1192 1193//1193 1194//1194
f 1195//1195 1196//1196 1197//1197
f 1198//1198 1199//1199 1200//1200
f 1201//1201 1202//1202 1203//1203
f 1204//1204 1205//1205 1206//1206
f 1207//1207 1208//1208 1209//1209
f 1210//1210 1211//1211 1212//1212
f 1213//1213 1214//1214 1215//1215
f 1216//1216 1217//1217 1218//1218
f 1219//1219 1220//1220 1221//1221
f 1222//1222 1223//1223 1224//1224
f 1225//1225 1226//1226 1227//1227
f 1228//1228 1229//1229 1230//1230
f 1231//1231 1232//1232 1233//1233
f 1234//1234 1235//1235 1236//1236
f 1237//1237 1238//1238 1239//1239
f 1240//1240 1241//1241 1242//1242
f 1243//1243 1244//1244 1245//1245
f 1246//1246 1247//1247 1248//1248
f 1249//1249 1250//1250 1251//1251
f 1252//1252 1253//1253 1254//1254
f 1255//1255 1256//1256 1257//1257
f 1258//1258 1259//1259 1260//1260
f 1261//1261 1262//1262 1263//1263
f 1264//1264 1265//1265 1266//1266
f 1267//1267 1268//1268 1269//1269
f 1270//1270 1271//1271 1272//1272
f 1273//1273 1274//1274 1275//1275
f 1276//1276 1277//1277 1278//1278
f 1279//1279 1280//1280 1281//1281
f 1282//1282 1283//1283 1284//1284
f 1285//1285 1286//1286 1287//1287
f 1288//1288 1289//1289 1290//1290
f 1291//1291 1292//1292 1293//1293
f 1294//1294 1295//1295 1296//1296
f 1297//1297 1298//1298 1299//1299
f 1300//1300 1301//1301 1302//1302
f 1303//1303 1304//1304 1305//1305
f 1306//1306 1307//1307 1308//1308
f 1309//1309 1310//1310 1311//1311
f 1312//1312 1313//1313 1314//1314
f 1315//1315 1316//1316 1317//1317
f 1318//1318 1319//1319 1320//1320
f 1321//1321 1322//1322 1323//1323
f 1324//1324 1325//1325 1326//1326
f 1327//1327 1328//1328 1329//1329
f 1330//1330 1331//1331 1332//1332
f 1333//1333 1334//1334 1335//1335
f 1336//1336 1337//1337 1338//1338
f 1339//1339 1340//1340 1341//1341
f 1342//1342 1343//1343 1344//1344
f 1345//1345 1346//1346 1347//1347
f 1348//1348 1349//1349 1350//1350
f 1351//1351 1352//1352 1353//1353
f 1354//1354 1355//1355 1356//1356
f 1357//1357 1358//1358 1359//1359
f 1360//1360 1361//1361 1362//1362
f 1363//1363 1364//1364 1365//1365
f 1366//1366 1367//1367 1368//1368
f 1369//1369 1370//1370 1371//1371
f 1372//1372 1373//1373 1374//1374
f 1375//1375 1376//1376 1377//1377
f 1378//1378 1379//1379 1380//1380
f 1381//1381 1382//1382 1383//1383
f 1384//1384 1385//1385 1386//1386
f 1387//1387 1388//1388 1389//1389
f 1390//1390 1391//1391 1392//1392
f 1393//1393 1394//1394 1395//1395
f 1396//1396 1397//1397 1398//1398
f 1399//1399 1400//1400 1401//1401
f 1402//1402 1403//1403 1404//1404
f 1405//1405 1406//1406 1407//1407
f 1408//1408 1409//1409 1410//1410
f 1411//1411 1412//1412 1413//1413
f 1414//1414 1415//1415 1416//1416
f 1417//1417 1418//1418 1419//1419
f 1420//1420 1421//1421 1422//1422
f 1423//1423 1424//1424 1425//1425
f 1426//1426 1427//1427 1428//1428
f 1429//1429 1430//1430 1431//1431
f 1432//1432 1433//1433 1434//1434
f 1435//1435 1436//1436 1437//1437
f 1438//1438 1439//1439 1440//1440
f 1441//1441 1442//1442 1443//1443
f 1444//1444 1445//1445 1446//1446
f 1447//1447 1448//1448 1449//1449
f 1450//1450 1451//1451 1452//1452
f 1453//1453 1454//1454 1455//1455
f 1456//1456 1457//1457 1458//1458
f 1459//1459 1460//1460 1461//1461
f 1462//1462 1463//1463 1464//1464
f 1465//1465 1466//1466 1467//1467
f 1468//1468 1469//1469 1470//1470
f 1471//1471 1472//1472 1473//1473
f 1474//1474 1475//1475 1476//1476
f 1477//1477 1478//1478 1479//1479
f 1480//1480 1481//1481 1482//1482
f 1483//1483 1484//1484 1485//1485
f 1486//1486 1487//1487 1488//1488
f 1489//1489 1490//1490 1491//1491
f 1492//1492 1493//1493 1494//1494
f 1495//1495 1496//1496 1497//1497
f 1498//1498 1499//1499 1500//1500
f 1501//1501 1502//1502 1503//1503
f 1504//1504 1505//1505 1506//1506
f 1507//1507 1508//1508 1509//1509
f 1510//1510 1511//1511 1512//1512
f 1513//1513 1514//1514 1515//1515
f 1516//1516 1517//1517 1518//1518
f 1519//1519 1520//1520 1521//1521
f 1522//1522 1523//1523 1524//1524
f 1525//1525 1526//1526 1527//1527
f 1528//1528 1529//1529 1530//1530
f 1531//1531 1532//1532 1533//1533
f 1534//1534 1535//1535 1536//1536
f 1537//1537 1538//1538 1539//1539
f 1540//1540 1541//1541 1542//1542
f 1543//1543 1544//1544 1545//1545
f 1546//1546 1547//1547 1548//1548
f 1549//1549 1550//1550 1551//1551
f 1552//1552 1553//1553 1554//1554
f 1555//1555 1556//1556 1557//1557
f 1558//1558 1559//1559 1560//1560
f 1561//1561 1562//1562 1563//1563
f 1564//1564 1565//1565 1566//1566
f 1567//1567 1568//1568 1569//1569
f 1570//1570 1571//1571 1572//1572
f 1573//1573 1574//1574 1575//1575
f 1576//1576 1577//1577 1578//1578
f 1579//1579 1580//1580 1581//1581
f 1582//1582 1583//1583 1584//1584
f 1585//1585 1586//1586 1587//1587
f 1588//1588 1589//1589 1590//1590
f 1591//1591 1592//1592 1593//1593
f 1594//1594 1595//1595 1596//1596
f 1597//1597 1598//1598 1599//1599
f 1600//1600 1601//1601 1602//1602
f 1603//1603 1604//1604 1605//1605
f 1606//1606 1607//1607 1608//1608
f 1609//1609 1610//1610 1611//1611
f 1612//1612 1613//1613 1614//1614
f 1615//1615 1616//1616 1617//1617
f 1618//1618 1619//1619 1620//1620
f 1621//1621 1622//1622 1623//1623
f 1624//1624 1625//1625 1626//1626
f 1627//1627 1628//1628 1629//1629
f 1630//1630 1631//1631 1632//1632
f 1633//1633 1634//1634 1635//1635
f 1636//1636 1637//1637 1638//1638
f 1639//1639 1640//1640 1641//1641
f 1642//1642 1643//1643 1644//1644
f 1645//1645 1646//1646 1647//1647
f 1648//1648 1649//1649 1650//1650
f 1651//1651 1652//1652 1653//1653
f 1654//1654 1655//1655 1656//1656
f 1657//1657 1658//1658 1659//1659
f 1660//1660 1661//1661 1662//1662
f 1663//1663 1664//1664 1665//1665
f 1666//1666 1667//1667 1668//1668
f 1669//1669 1670//1670 1671//1671
f 1672//1672 1673//1673 1674//1674
f 1675//1675 1676//1676 1677//1677
f 1678//1678 1679//1679 1680//1680
f 1681//1681 1682//1682 1683//1683
f 1684//1684 1685//1685 1686//1686
f 1687//1687 1688//1688 1689//1689
f 1690//1690 1691//1691 1692//1692
f 1693//1693 1694//1694 1695//1695
f 1696//1696 1697//1697 1698//1698
f 1699//1699 1700//1700 1701//1701
f 1702//1702 1703//1703 1704//1704
f 1705//1705 1706//1706 1707//1707
f 1708//1708 1709//1709 1710//1710
f 1711//1711 1712//1712 1713//1713
f 1714//1714 1715//1715 1716//1716
f 1717//1717 1718//1718 1719//1719
f 1720//1720 1721//1721 1722//1722
f 1723//1723 1724//1724 1725//1725
f 1726//1726 1727//1727 1728//1728
f 1729//1729 1730//1730 1731//1731
f 1732//1732 1733//1733 1734//1734
f 1735//1735 1736//1736 1737//1737
f 1738//1738 1739//1739 1740//1740
f 1741//1741 1742//1742 1743//1743
f 1744//1744 1745//1745 1746//1746
f 1747//1747 1748//1748 1749//1749
f 1750//1750 1751//1751 1752//1752
f 1753//1753 1754//1754 1755//1755
f 1756//1756 1757//1757 1758//1758
f 1759//1759 1760//1760 1761//1761
f 1762//1762 1763//1763 1764//1764
f 1765//1765 1766//1766 1767//1767
f 1768//1768 1769//1769 1770//1770
f 1771//1771 1772//1772 1773//1773
f 1774//1774 1775//1775 1776//1776
f 1777//1777 1778//1778 1779//1779
f 1780//1780 1781//1781 1782//1782
f 1783//1783 1784//1784 1785//1785
f 1786//1786 1787//1787 1788//1788
f 1789//1789 1790//1790 1791//1791
f 1792//1792 1793//1793 1794//1794
f 1795//1795 1796//1796 1797//1797
f 1798//1798 1799//1799 1800//1800
f 1801//1801 1802//1802 1803//1803
f 1804//1804 1805//1805 1806//1806
f 1807//1807 1808//1808 1809//1809
f 1810//1810 1811//1811 1812//1812
f 1813//1813 1814//1814 1815//1815
f 1816//1816 1817//1817 1818//1818
f 1819//1819 1820//1820 1821//1821
f 1822//1822 1823//1823 1824//1824
f 1825//1825 1826//1826 1827//1827
f 1828//1828 1829//1829 1830//1830
f 1831//1831 1832//1832 1833//1833
f 1834//1834 1835//1835 1836//1836
f 1837//1837 1838//1838 1839//1839
f 1840//1840 1841//1841 1842//1842
f 1843//1843 1844//1844 1845//1845
f 1846//1846 1847//1847 1848//1848
f 1849//1849 1850//1850 1851//1851
f 1852//1852 1853//1853 1854//1854
f 1855//1855 1856//1856 1857//1857
f 1858//1858 1859//1859 1860//1860
f 1861//1861 1862//1862 1863//1863
f 1864//1864 1865//1865 1866//1866
f 1867//1867 1868//1868 1869//1869
f 1870//1870 1871//1871 1872//1872
f 1873//1873 1874//1874 1875//1875
f 1876//1876 1877//1877 1878//1878
f 1879//1879 1880//1880 1881//1881
f 1882//1882 1883//1883 1884//1884
f 1885//1885 1886//1886 1887//1887
f 1888//1888 1889//1889 1890//1890
f 1891//1891 1892//1892 1893//1893
f 1894//1894 1895//1895 1896//1896
f 1897//1897 1898//1898 1899//1899
f 1900//1900 1901//1901 1902//1902
f 1903//1903 1904//1904 1905//1905
f 1906//1906 1907//1907 1908//1908
f 1909//1909 1910//1910 1911//1911
f 1912//1912 1913//1913 1914//1914
f 1915//1915 1916//1916 1917//1917
f 1918//1918 1919//1919 1920//1920
f 1921//1921 1922//1922 1923//1923
f 1924//1924 1925//1925 1926//1926
f 1927//1927 1928//1928 1929//1929
f 1930//1930 1931//1931 1932//1932
f 1933//1933 1934//1934 1935//1935
f 1936//1936 1937//1937 1938//1938
f 1939//1939 1940//1940 1941//1941
f 1942//1942 1943//1943 1944//1944
f 1945//1945 1946//1946 1947//1947
f 1948//1948 1949//1949 1950//1950
f 1951//1951 1952//1952 1953//1953
f 1954//1954 1955//1955 1956//1956
f 1957//1957 1958//1958 1959//1959
f 1960//1960 1961//1961 1962//1962
f 1963//1963 1964//1964 1965//1965
f 1966//1966 1967//1967 1968//1968
f 1969//1969 1970//1970 1971//1971
f 1972//1972 1973//1973 1974//1974
f 1975//1975 1976//1976 1977//1977
f 1978//1978 1979//1979 1980//1980
f 1981//1981 1982//1982 1983//1983
f 1984//1984 1985//1985 1986//1986
f 1987//1987 1988//1988 1989//1989
f 1990//1990 1991//1991 1992//1992
f 1993//1993 1994//1994 1995//1995
f 1996//1996 1997//1997 1998//1998
f 1999//1999 2000//2000 2001//2001
f 2002//2002 2003//2003 2004//2004
f 2005//2005 2006//2006 2007//2007
f 2008//2008 2009//2009 2010//2010
f 2011//2011 2012//2012 2013//2013
f 2014//2014 2015//2015 2016//2016
f 2017//2017 2018//2018 2019//2019
f 2020//2020 2021//2021 2022//2022
f 2023//2023 2024//2024 2025//2025
f 2026//2026 2027//2027 2028//2028
f 2029//2029 2030//2030 2031//2031
f 2032//2032 2033//2033 2034//2034
f 2035//2035 2036//2036 2037//2037
f 2038//2038 2039//2039 2040//2040
f 2041//2041 2042//2042 2043//2043
f 2044//2044 2045//2045 2046//2046
f 2047//2047 2048//2048 2049//2049
f 2050//2050 2051//2051 2052//2052
f 2053//2053 2054//2054 2055//2055
f 2056//2056 2057//2057 2058//2058
f 2059//2059 2060//2060 2061//2061
f 2062//2062 2063//2063 2064//2064
f 2065//2065 2066//2066 2067//2067
f 2068//2068 2069//2069 2070//2070
f 2071//2071 2072//2072 2073//2073
f 2074//2074 2075//2075 2076//2076
f 2077//2077 2078//2078 2079//2079
f 2080//2080 2081//2081 2082//2082
f 2083//2083 2084//2084 2085//2085
f 2086//2086 2087//2087 2088//2088
f 2089//2089 2090//2090 2091//2091
f 2092//2092 2093//2093 2094//2094
f 2095//2095 2096//2096 2097//2097
f 2098//2098 2099//2099 2100//2100
f 2101//2101 2102//2102 2103//2103
f 2104//2104 2105//2105 2106//2106
f 2107//2107 2108//2108 2109//2109
f 2110//2110 2111//2111 2112//2112
f 2113//2113 2114//2114 2115//2115
f 2116//2116 2117//2117 2118//2118
f 2119//2119 2120//2120 2121//2121
f 2122//2122 2123//2123 2124//2124
f 2125//2125 2126//2126 2127//2127
f 2128//2128 2129//2129 2130//2130
f 2131//2131 2132//2132 2133//2133
f 2134//2134 2135//2135 2136//2136
f 2137//2137 2138//2138 2139//2139
f 2140//2140 2141//2141 2142//2142
f 2143//2143 2144//2144 2145//2145
f 2146//2146 2147//2147 2148//2148
f 2149//2149 2150//2150 2151//2151
f 2152//2152 2153//2153 2154//2154
f 2155//2155 2156//2156 2157//2157
f 2158//2158 2159//2159 2160//2160
f 2161//2161 2162//2162 2163//2163
f 2164//2164 2165//2165 2166//2166
f 2167//2167 2168//2168 2169//2169
f 2170//2170 2171//2171 2172//2172
f 2173//2173 2174//2174 2175//2175
f 2176//2176 2177//2177 2178//2178
f 2179//2179 2180//2180 2181//2181
f 2182//2182 2183//2183 2184//2184
f 2185//2185 2186//2186 2187//2187
f 2188//2188 2189//2189 2190//2190
f 2191//2191 2192//2192 2193//2193
f 2194//2194 2195//2195 2196//2196
f 2197//2197 2198//2198 2199//2199
f 2200//2200 2201//2201 2202//2202
f 2203//2203 2204//2204 2205//2205
f 2206//2206 2207//2207 2208//2208
f 2209//2209 2210//2210 2211//2211
f 2212//2212 2213//2213 2214//2214
f 2215//2215 2216//2216 2217//2217
f 2218//2218 2219//2219 2220//2220
f 2221//2221 2222//2222 2223//2223
f 2224//2224 2225//2225 2226//2226
f 2227//2227 2228//2228 2229//2229
f 2230//2230 2231//2231 2232//2232
f 2233//2233 2234//2234 2235//2235
f 2236//2236 2237//2237 2238//2238
f 2239//2239 2240//2240 2241//2241
f 2242//2242 2243//2243 2244//2244
f 2245//2245 2246//2246 2247//2247
f 2248//2248 2249//2249 2250//2250
f 2251//2251 2252//2252 2253//2253
f 2254//2254 2255//2255 2256//2256
f 2257//2257 2258//2258 2259//2259
f 2260//2260 2261//2261 2262//2262
f 2263//2263 2264//2264 2265//2265
f 2266//2266 2267//2267 2268//2268
f 2269//2269 2270//2270 2271//2271
f 2272//2272 2273//2273 2274//2274
f 2275//2275 2276//2276 2277//2277
f 2278//2278 2279//2279 2280//2280
f 2281//2281 2282//2282 2283//2283
f 2284//2284 2285//2285 2286//2286
f 2287//2287 2288//2288 2289//2289
f 2290//2290 2291//2291 2292//2292
f 2293//2293 2294//2294 2295//2295
f 2296//2296 2297//2297 2298//2298
f 2299//2299 2300//2300 2301//2301
f 2302//2302 2303//2303 2304//2304
f 2305//2305 2306//2306 2307//2307
f 2308//2308 2309//2309 2310//2310
f 2311//2311 2312//2312 2313//2313
f 2314//2314 2315//2315 2316//2316
f 2317//2317 2318//2318 2319//2319
f 2320//2320 2321//2321 2322//2322
f 2323//2323 2324//2324 2325//2325
f 2326//2326 2327//2327 2328//2328
f 2329//2329 2330//2330 2331//2331
f 2332//2332 2333//2333 2334//2334
f 2335//2335 2336//2336 2337//2337
f 2338//2338 2339//2339 2340//2340
f 2341//2341 2342//2342 2343//2343
f 2344//2344 2345//2345 2346//2346
f 2347//2347 2348//2348 2349//2349
f 2350//2350 2351//2351 2352//2352
f 2353//2353 2354//2354 2355//2355
f 2356//2356 2357//2357 2358//2358
f 2359//2359 2360//2360 2361//2361
f 2362//2362 2363//2363 2364//2364
f 2365//2365 2366//2366 2367//2367
f 2368//2368 2369//2369 2370//2370
f 2371//2371 2372//2372 2373//2373
f 2374//2374 2375//2375 2376//2376
f 2377//2377 2378//2378 2379//2379
f 2380//2380 2381//2381 2382//2382
f 2383//2383 2384//2384 2385//2385
f 2386//2386 2387//2387 2388//2388
f 2389//2389 2390//2390 2391//2391
f 2392//2392 2393//2393 2394//2394
f 2395//2395 2396//2396 2397//2397
f 2398//2398 2399//2399 2400//2400
f 2401//2401 2402//2402 2403//2403
f 2404//2404 2405//2405 2406//2406
f 2407//2407 2408//2408 2409//2409
f 2410//2410 2411//2411 2412//2412
f 2413//2413 2414//2414 2415//2415
f 2416//2416 2417//2417 2418//2418
f 2419//2419 2420//2420 2421//2421
f 2422//2422 2423//2423 2424//2424
f 2425//2425 2426//2426 2427//2427
f 2428//2428 2429//2429 2430//2430
f 2431//2431 2432//2432 2433//2433
f 2434//2434 2435//2435 2436//2436
f 2437//2437 2438//2438 2439//2439
f 2440//2440 2441//2441 2442//2442
f 2443//2443 2444//2444 2445//2445
f 2446//2446 2447//2447 2448//2448
f 2449//2449 2450//2450 2451//2451
f 2452//2452 2453//2453 2454//2454
f 2455//2455 2456//2456 2457//2457
f 2458//2458 2459//2459 2460//2460
f 2461//2461 2462//2462 2463//2463
f 2464//2464 2465//2465 2466//2466
f 2467//2467 2468//2468 2469//2469
f 2470//2470 2471//2471 2472//2472
f 2473//2473 2474//2474 2475//2475
f 2476//2476 2477//2477 2478//2478
f 2479//2479 2480//2480 2481//2481
f 2482//2482 2483//2483 2484//2484
f 2485//2485 2486//2486 2487//2487
f 2488//2488 2489//2489 2490//2490
f 2491//2491 2492//2492 2493//2493
f 2494//2494 2495//2495 2496//2496
f 2497//2497 2498//2498 2499//2499
f 2500//2500 2501//2501 2502//2502
f 2503//2503 2504//2504 2505//2505
f 2506//2506 2507//2507 2508//2508
f 2509//2509 2510//2510 2511//2511
f 2512//2512 2513//2513 2514//2514
f 2515//2515 2516//2516 2517//2517
f 2518//2518 2519//2519 2520//2520
f 2521//2521 2522//2522 2523//2523
f 2524//2524 2525//2525 2526//2526
f 2527//2527 2528//2528 2529//2529
f 2530//2530 2531//2531 2532//2532
f 2533//2533 2534//2534 2535//2535
f 2536//2536 2537//2537 2538//2538
f 2539//2539 2540//2540 2541//2541
f 2542//2542 2543//2543 2544//2544
f 2545//2545 2546//2546 2547//2547
f 2548//2548 2549//2549 2550//2550
f 2551//2551 2552//2552 2553//2553
f 2554//2554 2555//2555 2556//2556
f 2557//2557 2558//2558 2559//2559
f 2560//2560 2561//2561 2562//2562
f 2563//2563 2564//2564 2565//2565
f 2566//2566 2567//2567 2568//2568
f 2569//2569 2570//2570 2571//2571
f 2572//2572 2573//2573 2574//2574
f 2575//2575 2576//2576 2577//2577
f 2578//2578 2579//2579 2580//2580
f 2581//2581 2582//2582 2583//2583
f 2584//2584 2585//2585 2586//2586
f 2587//2587 2588//2588 2589//2589
f 2590//2590 2591//2591 2592//2592
f 2593//2593 2594//2594 2595//2595
f 2596//2596 2597//2597 2598//2598
f 2599//2599 2600//2600 2601//2601
f 2602//2602 2603//2603 2604//2604
f 2605//2605 2606//2606 2607//2607
f 2608//2608 2609//2609 2610//2610
f 2611//2611 2612//2612 2613//2613
f 2614//2614 2615//2615 2616//2616
f 2617//2617 2618//2618 2619//2619
f 2620//2620 2621//2621 2622//2622
f 2623//2623 2624//2624 2625//2625
f 2626//2626 2627//2627 2628//2628
f 2629//2629 2630//2630 2631//2631
f 2632//2632 2633//2633 2634//2634
f 2635//2635 2636//2636 2637//2637
f 2638//2638 2639//2639 2640//2640
f 2641//2641 2642//2642 2643//2643
f 2644//2644 2645//2645 2646//2646
f 2647//2647 2648//2648 2649//2649
f 2650//2650 2651//2651 2652//2652
f 2653//2653 2654//2654 2655//2655
f 2656//2656 2657//2657 2658//2658
f 2659//2659 2660//2660 2661//2661
f 2662//2662 2663//2663 2664//2664
f 2665//2665 2666//2666 2667//2667
f 2668//2668 2669//2669 2670//2670
f 2671//2671 2672//2672 2673//2673
f 2674//2674 2675//2675 2676//2676
f 2677//2677 2678//2678 2679//2679
f 2680//2680 2681//2681 2682//2682
f 2683//2683 2684//2684 2685//2685
f 2686//2686 2687//2687 2688//2688
f 2689//2689 2690//2690 2691//2691
f 2692//2692 2693//2693 2694//2694
f 2695//2695 2696//2696 2697//2697
f 2698//2698 2699//2699 2700//2700
f 2701//2701 2702//2702 2703//2703
f 2704//2704 2705//2705 2706//2706
f 2707//2707 2708//2708 2709//2709
f 2710//2710 2711//2711 2712//2712
f 2713//2713 2714//2714 2715//2715
f 2716//2716 2717//2717 2718//2718
f 2719//2719 2720//2720 2721//2721
f 2722//2722 2723//2723 2724//2724
f 2725//2725 2726//2726 2727//2727
f 2728//2728 2729//2729 2730//2730
f 2731//2731 2732//2732 2733//2733
f 2734//2734 2735//2735 2736//2736
f 2737//2737 2738//2738 2739//2739
f 2740//2740 2741//2741 2742//2742
f 2743//2743 2744//2744 2745//2745
f 2746//2746 2747//2747 2748//2748
f 2749//2749 2750//2750 2751//2751
f 2752//2752 2753//2753 2754//2754
f 2755//2755 2756//2756 2757//2757
f 2758//2758 2759//2759 2760//2760
f 2761//2761 2762//2762 2763//2763
f 2764//2764 2765//2765 2766//2766
f 2767//2767 2768//2768 2769//2769
f 2770//2770 2771//2771 2772//2772
f 2773//2773 2774//2774 2775//2775
f 2776//2776 2777//2777 2778//2778
f 2779//2779 2780//2780 2781//2781
f 2782//2782 2783//2783 2784//2784
f 2785//2785 2786//2786 2787//2787
f 2788//2788 2789//2789 2790//2790
f 2791//2791 2792//2792 2793//2793
f 2794//2794 2795//2795 2796//2796
f 2797//2797 2798//2798 2799//2799
f 2800//2800 2801//2801 2802//2802
f 2803//2803 2804//2804 2805//2805
f 2806//2806 2807//2807 2808//2808
f 2809//2809 2810//2810 2811//2811
f 2812//2812 2813//2813 2814//2814
f 2815//2815 2816//2816 2817//2817
f 2818//2818 2819//2819 2820//2820
f 2821//2821 2822//2822 2823//2823
f 2824//2824 2825//2825 2826//2826
f 2827//2827 2828//2828 2829//2829
f 2830//2830 2831//2831 2832//2832
f 2833//2833 2834//2834 2835//2835
f 2836//2836 2837//2837 2838//2838
f 2839//2839 2840//2840 2841//2841
f 2842//2842 2843//2843 2844//2844
f 2845//2845 2846//2846 2847//2847
f 2848//2848 2849//2849 2850//2850
f 2851//2851 2852//2852 2853//2853
f 2854//2854 2855//2855 2856//2856
f 2857//2857 2858//2858 2859//2859
f 2860//2860 2861//2861 2862//2862
f 2863//2863 2864//2864 2865//2865
f 2866//2866 2867//2867 2868//2868
f 2869//2869 2870//2870 2871//2871
f 2872//2872 2873//2873 2874//2874
f 2875//2875 2876//2876 2877//2877
f 2878//2878 2879//2879 2880//2880
f 2881//2881 2882//2882 2883//2883
f 2884//2884 2885//2885 2886//2886
f 2887//2887 2888//2888 2889//2889
f 2890//2890 2891//2891 2892//2892
f 2893//2893 2894//2894 2895//2895
f 2896//2896 2897//2897 2898//2898
f 2899//2899 2900//2900 2901//2901
f 2902//2902 2903//2903 2904//2904
f 2905//2905 2906//2906 2907//2907
f 2908//2908 2909//2909 2910//2910
f 2911//2911 2912//2912 2913//2913
f 2914//2914 2915//2915 2916//2916
f 2917//2917 2918//2918 2919//2919
f 2920//2920 2921//2921 2922//2922
f 2923//2923 2924//2924 2925//2925
f 2926//2926 2927//2927 2928//2928
f 2929//2929 2930//2930 2931//2931
f 2932//2932 2933//2933 2934//2934
f 2935//2935 2936//2936 2937//2937
f 2938//2938 2939//2939 2940//2940
f 2941//2941 2942//2942 2943//2943
f 2944//2944 2945//2945 2946//2946
f 2947//2947 2948//2948 2949//2949
f 2950//2950 2951//2951 2952//2952
f 2953//2953 2954//2954 2955//2955
f 2956//2956 2957//2957 2958//2958
f 2959//2959 2960//2960 2961//2961
f 2962//2962 2963//2963 2964//2964
f 2965//2965 2966//2966 2967//2967
f 2968//2968 2969//2969 2970//2970
f 2971//2971 2972//2972 2973//2973
f 2974//2974 2975//2975 2976//2976
f 2977//2977 2978//2978 2979//2979
f 2980//2980 2981//2981 2982//2982
f 2983//2983 2984//2984 2985//2985
f 2986//2986 2987//2987 2988//2988
f 2989//2989 2990//2990 2991//2991
f 2992//2992 2993//2993 2994//2994
f 2995//2995 2996//2996 2997//2997
f 2998//2998 2999//2999 3000//3000
f 3001//3001 3002//3002 3003//3003
f 3004//3004 3005//3005 3006//3006
f 3007//3007 3008//3008 3009//3009
f 3010//3010 3011//3011 3012//3012
f 3013//3013 3014//3014 3015//3015
f 3016//3016 3017//3017 3018//3018
f 3019//3019 3020//3020 3021//3021
f 3022//3022 3023//3023 3024//3024
f 3025//3025 3026//3026 3027//3027
f 3028//3028 3029//3029 3030//3030
f 3031//3031 3032//3032 3033//3033
f 3034//3034 3035//3035 3036//3036
f 3037//3037 3038//3038 3039//3039
f 3040//3040 3041//3041 3042//3042
f 3043//3043 3044//3044 3045//3045
f 3046//3046 3047//3047 3048//3048
f 3049//3049 3050//3050 3051//3051
f 3052//3052 3053//3053 3054//3054
f 3055//3055 3056//3056 3057//3057
f 3058//3058 3059//3059 3060//3060
f 3061//3061 3062//3062 3063//3063
f 3064//3064 3065//3065 3066//3066
f 3067//3067 3068//3068 3069//3069
f 3070//3070 3071//3071 3072//3072
f 3073//3073 3074//3074 3075//3075
f 3076//3076 3077//3077 3078//3078
f 3079//3079 3080//3080 3081//3081
f 3082//3082 3083//3083 3084//3084
f 3085//3085 3086//3086 3087//3087
f 3088//3088 3089//3089 3090//3090
f 3091//3091 3092//3092 3093//3093
f 3094//3094 3095//3095 3096//3096
f 3097//3097 3098//3098 3099//3099
f 3100//3100 3101//3101 3102//3102
f 3103//3103 3104//3104 3105//3105
f 3106//3106 3107//3107 3108//3108
f 3109//3109 3110//3110 3111//3111
f 3112//3112 3113//3113 3114//3114
f 3115//3115 3116//3116 3117//3117
f 3118//3118 3119//3119 3120//3120
f 3121//3121 3122//3122 3123//3123
f 3124//3124 3125//3125 3126//3126
f 3127//3127 3128//3128 3129//3129
f 3130//3130 3131//3131 3132//3132
f 3133//3133 3134//3134 3135//3135
f 3136//3136 3137//3137 3138//3138
f 3139//3139 3140//3140 3141//3141
f 3142//3142 3143//3143 3144//3144
f 3145//3145 3146//3146 3147//3147
f 3148//3148 3149//3149 3150//3150
f 3151//3151 3152//3152 3153//3153
f 3154//3154 3155//3155 3156//3156
f 3157//3157 3158//3158 3159//3159
f 3160//3160 3161//3161 3162//3162
f 3163//3163 3164//3164 3165//3165
f 3166//3166 3167//3167 3168//3168
f 3169//3169 3170//3170 3171//3171
f 3172//3172 3173//3173 3174//3174
f 3175//3175 3176//3176 3177//3177
f 3178//3178 3179//3179 3180//3180
f 3181//3181 3182//3182 3183//3183
f 3184//3184 3185//3185 3186//3186
f 3187//3187 3188//3188 3189//3189
f 3190//3190 3191//3191 3192//3192
f 3193//3193 3194//3194 3195//3195
f 3196//3196 3197//3197 3198//3198
f 3199//3199 3200//3200 3201//3201
f 3202//3202 3203//3203 3204//3204
f 3205//3205 3206//3206 3207//3207
f 3208//3208 3209//3209 3210//3210
f 3211//3211 3212//3212 3213//3213
f 3214//3214 3215//3215 3216//3216
f 3217//3217 3218//3218 3219//3219
f 3220//3220 3221//3221 3222//3222
f 3223//3223 3224//3224 3225//3225
f 3226//3226 3227//3227 3228//3228
f 3229//3229 3230//3230 3231//3231
f 3232//3232 3233//3233 3234//3234
f 3235//3235 3236//3236 3237//3237
f 3238//3238 3239//3239 3240//3240
f 3241//3241 3242//3242 3243//3243
f 3244//3244 3245//3245 3246//3246
f 3247//3247 3248//3248 3249//3249
f 3250//3250 3251//3251 3252//3252
f 3253//3253 3254//3254 3255//3255
f 3256//3256 3257//3257 3258//3258
f 3259//3259 3260//3260 3261//3261
f 3262//3262 3263//3263 3264//3264
f 3265//3265 3266//3266 3267//3267
f 3268//3268 3269//3269 3270//3270
f 3271//3271 3272//3272 3273//3273
f 3274//3274 3275//3275 3276//3276
f 3277//3277 3278//3278 3279//3279
f 3280//3280 3281//3281 3282//3282
f 3283//3283 3284//3284 3285//3285
f 3286//3286 3287//3287 3288//3288
f 3289//3289 3290//3290 3291//3291
f 3292//3292 3293//3293 3294//3294
f 3295//3295 3296//3296 3297//3297
f 3298//3298 3299//3299 3300//3300
f 3301//3301 3302//3302 3303//3303
f 3304//3304 3305//3305 3306//3306
f 3307//3307 3308//3308 3309//3309
f 3310//3310 3311//3311 3312//3312
f 3313//3313 3314//3314 3315//3315
f 3316//3316 3317//3317 3318//3318
f 3319//3319 3320//3320 3321//3321
f 3322//3322 3323//3323 3324//3324
f 3325//3325 3326//3326 3327//3327
f 3328//3328 3329//3329 3330//3330
f 3331//3331 3332//3332 3333//3333
f 3334//3334 3335//3335 3336//3336
f 3337//3337 3338//3338 3339//3339
f 3340//3340 3341//3341 3342//3342
f 3343//3343 3344//3344 3345//3345
f 3346//3346 3347//3347 3348//3348
f 3349//3349 3350//3350 3351//3351
f 3352//3352 3353//3353 3354//3354
f 3355//3355 3356//3356 3357//3357
f 3358//3358 3359//3359 3360//3360
f 3361//3361 3362//3362 3363//3363
f 3364//3364 3365//3365 3366//3366
f 3367//3367 3368//3368 3369//3369
f 3370//3370 3371//3371 3372//3372
f 3373//3373 3374//3374 3375//3375
f 3376//3376 3377//3377 3378//3378
f 3379//3379 3380//3380 3381//3381
f 3382//3382 3383//3383 3384//3384
f 3385//3385 3386//3386 3387//3387
f 3388//3388 3389//3389 3390//3390
f 3391//3391 3392//3392 3393//3393
f 3394//3394 3395//3395 3396//3396
f 3397//3397 3398//3398 3399//3399
f 3400//3400 3401//3401 3402//3402
f 3403//3403 3404//3404 3405//3405
f 3406//3406 3407//3407 3408//3408
f 3409//3409 3410//3410 3411//3411
f 3412//3412 3413//3413 3414//3414
f 3415//3415 3416//3416 3417//3417
f 3418//3418 3419//3419 3420//3420
f 3421//3421 3422//3422 3423//3423
f 3424//3424 3425//3425 3426//3426
f 3427//3427 3428//3428 3429//3429
f 3430//3430 3431//3431 3432//3432
f 3433//3433 3434//3434 3435//3435
f 3436//3436 3437//3437 3438//3438
f 3439//3439 3440//3440 3441//3441
f 3442//3442 3443//3443 3444//3444
f 3445//3445 3446//3446 3447//3447
f 3448//3448 3449//3449 3450//3450
f 3451//3451 3452//3452 3453//3453
f 3454//3454 3455//3455 3456//3456
f 3457//3457 3458//3458 3459//3459
f 3460//3460 3461//3461 3462//3462
f 3463//3463 3464//3464 3465//3465
f 3466//3466 3467//3467 3468//3468
f 3469//3469 3470//3470 3471//3471
f 3472//3472 3473//3473 3474//3474
f 3475//3475 3476//3476 3477//3477
f 3478//3478 3479//3479 3480//3480
f 3481//3481 3482//3482 3483//3483
f 3484//3484 3485//3485 3486//3486
f 3487//3487 3488//3488 3489//3489
f 3490//3490 3491//3491 3492//3492
f 3493//3493 3494//3494 3495//3495
f 3496//3496 3497//3497 3498//3498
f 3499//3499 3500//3500 3501//3501
f 3502//3502 3503//3503 3504//3504
f 3505//3505 3506//3506 3507//3507
f 3508//3508 3509//3509 3510//3510
f 3511//3511 3512//3512 3513//3513
f 3514//3514 3515//3515 3516//3516
f 3517//3517 3518//3518 3519//3519
f 3520//3520 3521//3521 3522//3522
f 3523//3523 3524//3524 3525//3525
f 3526//3526 3527//3527 3528//3528
f 3529//3529 3530//3530 3531//3531
f 3532//3532 3533//3533 3534//3534
f 3535//3535 3536//3536 3537//3537
f 3538//3538 3539//3539 3540//3540
f 3541//3541 3542//3542 3543//3543
f 3544//3544 3545//3545 3546//3546
f 3547//3547 3548//3548 3549//3549
f 3550//3550 3551//3551 3552//3552
f 3553//3553 3554//3554 3555//3555
f 3556//3556 3557//3557 3558//3558
f 3559//3559 3560//3560 3561//3561
f 3562//3562 3563//3563 3564//3564
f 3565//3565 3566//3566 3567//3567
f 3568//3568 3569//3569 3570//3570
f 3571//3571 3572//3572 3573//3573
f 3574//3574 3575//3575 3576//3576
f 3577//3577 3578//3578 3579//3579
f 3580//3580 3581//3581 3582//3582
f 3583//3583 3584//3584 3585//3585
f 3586//3586 3587//3587 3588//3588
f 3589//3589 3590//3590 3591//3591
f 3592//3592 3593//3593 3594//3594
f 3595//3595 3596//3596 3597//3597
f 3598//3598 3599//3599 3600//3600
f 3601//3601 3602//3602 3603//3603
f 3604//3604 3605//3605 3606//3606
f 3607//3607 3608//3608 3609//3609
f 3610//3610 3611//3611 3612//3612
f 3613//3613 3614//3614 3615//3615
f 3616//3616 3617//3617 3618//3618
f 3619//3619 3620//3620 3621//3621
f 3622//3622 3623//3623 3624//3624
f 3625//3625 3626//3626 3627//3627
f 3628//3628 3629//3629 3630//3630
f 3631//3631 3632//3632 3633//3633
f 3634//3634 3635//3635 3636//3636
f 3637//3637 3638//3638 3639//3639
f 3640//3640 3641//3641 3642//3642
f 3643//3643 3644//3644 3645//3645
f 3646//3646 3647//3647 3648//3648
f 3649//3649 3650//3650 3651//3651
f 3652//3652 3653//3653 3654//3654
f 3655//3655 3656//3656 3657//3657
f 3658//3658 3659//3659 3660//3660
f 3661//3661 3662//3662 3663//3663
f 3664//3664 3665//3665 3666//3666
f 3667//3667 3668//3668 3669//3669
f 3670//3670 3671//3671 3672//3672
f 3673//3673 3674//3674 3675//3675
f 3676//3676 3677//3677 3678//3678
